Iktatószám,Státusz,Felelős,Igény dátuma,Fizetendő,Gépállás,Teljesítés dátuma,Áttárolás száma,Msz,Megrendelő,Géptípus,Igény,Megjegyzés (email),Megjegyzés GYE
SZÉV2019-0001,0,"GYE
SA",01.02,,,01.03,X,,Metarad,TCS,"Elkapó javítás, újrahegesztés",Molnár Szabolcs asztalán hagytam az elkapót. Kell még 2db zeger gyűrű is a csapok végére.,"Daniel meghegesztette, visszakerült"
SZÉV2019-0002,0,"GYE
SA",01.07,,,01.10,X,,Trimble,TCS,"Elkapó javítás, újrahegesztés","2019.01.04-én a 2018.08.28-ÁN TELEPÍTETT( 4 HÓNAP!!!) gépünknél a munkadarab elkapó kanál a RENDELTETÉS SZERŰ HASZNÁLAT ELLENÉRE leszakadt,a hegesztés elengedett!!!
 A hiba telefonon már be lett jelentve 2019.01.04-én,ez annak írásos megerősítése.
 Kérem az azonnali intézkedést a javításában!","01.07. Mikor érkezik Taksonyba?
 01.09. beérkezett Taksonyba, meghegesztjük"
SZÉV2019-0003,0,"GYE
SA",,,,01.07,X,,Győrfi,MM-760,Munkahenger,"Sajnos szükségünk van 1 db tár munkahengerre is. Csatoltam képet az adattáblájáról. A dugattyú löket kb. 243 mm, dugattyú átmérő kb. 70 mm, a két végén az öntvénynél 74 mm. A leszerelt ICPEST tárról be tudnátok küldeni?","01.07. Beni szerelte le

01.16. Szelephez kapott Gina cikkámot, intézi a fellelt készletet
10-10005047-00,Pneumatika / Mindman MVSC-220-4E2C szelep (5/3 középen zárt 3x1/4""-2x1/8"")"
SZÉV2019-0004,0,"GYE
EG",,,,01.08,X,,,,Szerszám rendelés,,"Megrendelve - Fairtool
 BELSŐ RENDELÉS - 569732 - SZERSZÁMOK - SZÉV 01.07.
 01.08. Lóri egyből a SZÉV-be vitte"
SZÉV2019-0005,0,"GYE
EG",01.07,,,01.11,X,M06050,Bocz,Okuma LC-20,X1 golyósorsó javítás,"Bocz Úr Okuma LC20-asának ""X1"" golyósorsója javításra szorul, ezért bekerült a SZÉV-be. Abban szeretném a segítségedet kérni, hogy a Szimikronhoz eljusson ez az orsó és felvételezzék. Szeretnénk árajánlatot kérni a javításra, illetve ha javíthatatlan, akkor egy másik, kiváltó golyósorsóra.","01.07. Megrendelve - Szimikron
 RENDELÉS - SZR201900029 - SZÉV2019-0005 - M06050 Okuma LC-20 - X1 golyósorsó bevizsgálás
01.09. javítható, ár megadva a SZÉV-nek
01.11. Bekerül a SZÉV-be (Lóri felhozta)"
SZÉV2019-0006,0,"GYE
SA",01.08,,,01.08,2019/000000014,M08128,Aptiv (Delphi),EmL-510,1 db Deublin (902-120-188),Kérlek küldjetek be 1 db Deublin (902-120-188) forgócsatlakozót az M08128 Aptiv (Delphi) EmL-510 géphez.,
SZÉV2019-0007,0,"GYE
EG",01.08,,,X,X,,,,Tartalék Deublinok,"Már egy jó ideje nincsen nálunk tartalék Deublin, ha van készleten kérlek küldjetek be 1-1 db-ot","01.08. MEGRENDELNI, Taksony raktárra
01.14. RENDELÉS - SZR201900125 - DEUBLIN Forgócsatlakozók
02.04. fizetve, hamarosan beérkezik, SZÉV-be nem küldünk be, Taksonyban tároljuk a tartalékot"
SZÉV2019-0008,0,"GYE
SA",01.08,,,01.08,2019/000000012,,,,Szűrők,"Kérlek küldjetek be 1-1 db szűrőt az alábbiakból:
 10-00016008-00 Filtrec R221C10 - ledugózott változat
 21-00217083-00 Parker 936712Q (20QPZ)
 
 Elhasználtuk tegnap az FMF-nél az utolsó darabokat.","Van raktáron, bekerül a SZÉV-be
 A dugót majd felhasználják arról amit kivesznek!"
SZÉV2019-0009,0,"GYE
EG",01.08,,,,X,,,,Szűrők,"Kérlek küldjetek be 1-1 db szűrőt az alábbiakból:
 10-00016008-00 Filtrec R221C10 - ledugózott változat
 21-00217083-00 Parker 936712Q (20QPZ)
 
 Elhasználtuk tegnap az FMF-nél az utolsó darabokat.","01.08. MEGRENDELNI Taksony raktárra
01.11. IMEX - SZR201900087 - Szűrőbetétek -> szállítás 2-3 hét
02.06. EG: Merre jár? IMEX?
02.19. beérkezett Taksony raktárra kerül"
SZÉV2019-0010,0,"GYE
SA",01.08,,,01.08,2019/000000015,M07160,Interstop,EmL-1020,X-tengely energiavezető,"Hívott az Interstop, hogy továbbra is kérnék az M07160 Interstop EmL-1020 gépük X-tengelyéhez az energiavezetőt.
 Hogyha további információra van szükségetek, akkor jelezzétek.
 
 TÍPUS: NCF 19.13 KR25 kép alapján","Igus kiváltó:
 1 m 10-00016471-00,Energiavezető / IGUS B15-ös szériájú energialánc - B15.015.038.0 energialánc
 1 pár 10-00016472-00,Energiavezető / IGUS B15-ös szériájú energialánc -1015.34PZ végelem pár"
SZÉV2019-0011,0,"GYE
EG",01.08,,,ok,X,,Tari-Prod,EUROturn-12C,GÉPÁLLÁS Főhajtás szíj és szíjtárcsák,,"01.04.  4. héten érkezik acél fogazott rúd előgyártmány
 Berecz G és Tóth V körbejárják az EUROturn gépeket
01.10. Rendeltem hozzá HP-s szíjat is SZR201900077 
01.11. Berecz Gergő szerint a szíjhoz sok olaj/hűtővíz kerül és az eszi meg a szíjat
01.16. A megbeszélés alapján, a hátsó o-gyűrűvel lehet a probléma, illetve menettömítő folyadékkal kell összeszerelni, hogy ne juthasson ki a rendszerből a hűtővíz! Elkészültek az acél szíjtárcsa rajzok, alapanyag várható érkezése január utolsó hete!
02.05. Taksonyban főmotor szíjtárcsa kiegyensúlyozás
02.06. Tari Prod szerelés"
SZÉV2019-0012,0,"GYE
SA",01.08,,,01.08,BET2019/00056,M15248 (M10139),HAJDU ,,Olajzó egység,kérlek postázz egyet komplett olajzó egységet fizetősen az Ügyfélnek,
SZÉV2019-0013,0,"GYE
EG",01.09,,,01.09,X,M14241,Holes,EmR-1604D,Pneumatikus mágnesszelep,,Bekerült 1 db gépről leszerelt 5/2 bistabil Mindman szelep
SZÉV2019-0014,0,"GYE
SA",01.09,,,01.11,ok,M16220,Alexandrit,SC-32,5/2 bistabil szelep,,"01.09. megrendelve SMC-től - SOS RENDELÉS - SMC 5/2 szelepek
01.11. SZR201900086 - SZÉV - 5-2 bistabil szelepek - Érkezés ma várható
01.11. Bekerült, áttárolást pótolni"
SZÉV2019-0015,0,"GYE
SA",01.09,,,01.11,rezsi,,,Nikken 5AX-200,"2db 50x3,5 O-gyűrű",,"01.09. Megrendelve Plusz&Roll-ból
01.11. Bekerült, áttárolást pótolni"
SZÉV2019-0016,X,"GYE
EG",01.10,,,X,X,M05253,ALBERT KFT,Feinbau,szíj,"Hibajelenség: elszakadt a szíj
 Igény: kérlek nézzétek meg, hogy be tudjátok-e azonosítani (ritka rossz állapotban van)
 Megjegyzés: SOS rendeljünk is ilyent, ha nem lenne raktáron","01.10. Még csak most vitték le a Taksonyba asztalra
01.10. Nem beazonosítható, cserélje le a szíjtárcsát és a szíjat járatosra
01.10. Beszél az ügyfél a gépgyártó magyar képviseletével"
SZÉV2019-0017,0,"GYE
SA",01.09,,,01.10,BET2019/00111,M07163,Koop55,EmL510,Levegőelőkészítő,"Hibajelenség: levegő nyomás szabályzó egysége ereszt
 Igény: Mindman MAFR300-10A szűrő-szabályzó egység (kompletten olajzó+levegő egység)","01.10 gépállás miatt kaptak egyet.
Tartalékokról leltár után egyeztetünk."
SZÉV2019-0018,0,"GYE
SA",01.10,,,01.11,"BET2019/00116
BET2019/00117",M18120,EMPLASTRUM,EmL-610B,Első munkatér ablak,"Igény: WD szerint talán - Ablak / Plexi  366x667x5mm (EmL 850) - 00-00007450-00
Kérlek ellenőrizzétek le, hogy valóban jó a méret. Van-e raktáron vagy rendelünk?","01.11. bekerül  a SZÉV-be 1 db 10-00016816-00,Ablak / Polikarbonát 365x665x6 mm (EmL-1020) - Nettó beszerzési ár: 7.460 HUF 

Taksony raktárra + 1 db 10-00016816-00,Ablak / Polikarbonát 365x665x6 mm (EmL-1020) - Nettó beszerzési ár: 7.460 HUF 
Taksony raktárra + 2 db 10-00016804-00,Ablak / Polikarbonát 465x665x6 mm (EmL-1020) - Nettó beszerzési ár: 8.950 HUF  "
SZÉV2019-0019,1,SZÁSZI,01.10,,,,,M17194,Schunk,Reckermann Delta 1300 K,P osztályú Hiwin kocsik,"A tavalyi évben felújítottak nekünk egy Reckermann Delta 1300 K típusú gépet.
A gépre HIWIN szánrendszert és vezetőkocsikat építettek amelyeket nem tudunk a gyártótól beszerezni. A gyártótól azt a választ kaptam hogy nem elérhető a „P” széria.
A kocsik típusai:
RGW35 HC ZB PZZX
RGH45HA ZB PZWX","IJ??? BEARING 2017 EX 61721 számla szerint
1 db Profilsínvezetés / Lineáris gördülő vezeték / RGH45HA2R1090ZBH2ZV,10-10016825-00
1 db Profilsínvezetés / Lineáris gördülő vezeték / RGW35HC2R1190ZBH2K,10-10016826-00
1 db Profilsínvezetés / Lineáris gördülő vezeték / RGW35HC3R2750ZBH2K,10-10016827-00

Gépészet
Y szán 10 db 10 RGW35HC ZB P ZZX kocsi
X szán 2 db 2 RGR35R Lineáris vezeték L=2750mm
Z szán 2 db 2 RGR45R-1090 Lineár
vezeték
Gépágy 4 db RGH45HA ZB P ZWX kocsi
Gépágy 2 db RGR35R 1190 P lineár
vezeték

NEM P-s lett a gépre szerelve

01.11. IJ - BEARING - Ajánlatkérés-M17195-Reckermann-D1300K
01.16. Megjött az ajánlat EX 70917 SZÁSZI DANI?"
SZÉV2019-0020,0,"GYE
IJ
SA",01.11,,,01.11,2019/000000028,M14097,Dunaprecíziós,MM-800S,Főorsó csapágy,"Szükségünk van 4 db NSK 7012CTRDULP3 főorsó csapágyra az M14097  Duna Precíziós MM-800S géphez.
Ezt a főorsót 2018.08. hóban csapágyaztuk. A két alsó csapágy közül a fölsőben eltört a kosár. Van szerintetek bármilyen esélyünk érvényesíteni a garanciát? Egyáltalán milyen garanciát vállal ilyenkor a csapágykereskedő?","01.11. 2 pár 10-00002388-00,Csapágy / NSK 7012CTRDULP3 orsócsapágy pár,13j - Műhely motorok
01.11. Tral Trade pótlás ÁA: Ajánlatkérés-M14097-MM-800S"
SZÉV2019-0021,0,"GYE
EG",10.31,,,,,,,,Csapágy melegítő és lehúzó,,"01.11. RENDELÉS - SZR201900114 - SZÉV - Csapágy melegító és lehúzó
01.15. Beérkezett egyből a SZÉV-be"
SZÉV2019-0022,0,AKAI,01.14,,,,,M15124,Dal-Tim,Kekeisen BM-25,HPB VM-132L motor forgórész javítás,"Tavaly (2018.12.03.) ki lett küldve Taksonyba egy HPB VM132L motor forgórésze javításra, felszóratásra. A tengelyvégek és a reteszhorony erősen korrodáltak voltak. Mi vele a helyzet?","01.14. Merre van a motor? - > Taksony raktár előtt!
01.16. EG Behoztam Józsi bácsi mellé
01.17. Az első csapágyhely sérült, szőratni és köszörülni kell
A reteszpályaán a rozsda csak víz miatt volt, tisztítva megfelően bele illik a retesz
01.17. ROTIMA - Rendelés-SZR201900191-M15124-HPB132L-Forgórész javítás
01.22. Beérkezett, mehet be a SZÉV-be
02.06. Már bement a SZÉV-be, még tervezni kell jeladózást, (menetes furat, kúpos süllyesztés, jeladó csap)
04.01. BD: SZÉV2019-0158 számon indítottam Igénylő emailezést! "
SZÉV2019-0023,0,"GYE
EG",01.14,,,01.23,"2019/87
",,,,4 db 20TAC csapágy,"Igény: SZÉV készletre
4 db - 20TAC47BSUC10PN7B - Cikksz.: 10-00003660-00
5 db - 40TAC72BSUC10PN7B - Cikksz.: 10-00003093-00

7:45 (6 órája)
40TAC mégsem kell, bocsi!","01.17. Leltár után megy be
01.23. SZÉV2019-0040 igény alatt bement 7 db helyett 11 db így ezt az igényt is letudtuk!"
SZÉV2019-0024,0,"GYE
EG",01.15,,,,ok,,Járműszerelvény,Liechti,Fogazott szíjtárcsa,"Igény: a képeken látható szíjtárcsából újat kell gyártani. Nehezítő körülmény, hogy edzett acél, legalábbis a felülete biztosan. 
A szíj típusa Megadyne 330H 718 270 H720.
Tudsz olyan helyet, céget, akik le tudnak ilyesmit gyártani?
Készítettek rajzot a szíjtárcsáról.","01.15. SZÉV készíttet róla rajzot (Akai G)
01.16. Kiküldik, Metalpast-ban huzalozás vagy üregeléssel szembe rakatunk egy új hornyot ha a furat rendben van
01.23. Beérkezett egyből a SZÉV-be a vésett!
01.23. Mi legyen az új gyártással?
02.06. Kell gyártani újat, alapanyagot kell rendelni!!!
02.01. RENDELÉS - SZR201900387 - SZÉV2019-0024 - Liechti Y motor szíjtárcsa fogazottrúd
Várható beérkezés 4-5 hét -> ~03.08.
02.06. Megrendelni Juhászéktól! RENDELÉS - SZR201900387 - SZÉV2019-0024 - Liechti Y motor szíjtárcsa fogazottrúd
03.04. EG: A fogazott rúd előgyártmány 03.08. magasságában érkezik a PowerBelt-hez, kész szíjtárcsa szerintem reálisan 03.19. magasságában érkezhet Taksonyba, SZÉV-be 03.20.
04.03. EG: Megadtam az árakat
Teljes költség: 27.503,5 HUF + ÁFA

Tételesen:
Alapanyag:
10-10005075-00 Fogasrúd / H Z=16/200 Acél 1,00 db
14.353,50 HUF + áfa

Készremunkálás:
00-70045556-00 Szíjtárcsa (Liechti) 1,00 db
13.150,- HUF + áfa"
SZÉV2019-0025,X,"GYE
SA",01.15,,,X,X,,ARMÓNÓ-GUSZTÓ,MM-760,Nyomáskapcsoló,"Hibajelenség: levegőnyomás kapcsoló
Igény: Danfoss- KP35","01.15. SA - Úgy emlékszem ,hogy küldtem nektek múlt héten raktárra. nézzétek át kérlek a pneumatikát, amit beküldtem.
01.15. Szia Adrián, találtunk egyet elbújva. Kipostázzuk. Köszi, CSIZMADIA Zoltán"
SZÉV2019-0026,1,"GYE
EG",01.15,,,,,,,,szűrők és szűrőbetétek,"Kérlek küldjetek be 5 db 10-00001511-00 szűrőbetétet, ami a csatolt 20190115_125255.jpg képen szereplő szűrőházba való.
1 db SOS Profimill, 4 db SZÉV tartalék

Az Ügyfél a VD-510-esén lévő szűrővel megegyezőt szeretne használni az EmL-610 gépén.
Megnézte az Ügyfél a csatlakozó méreteket mindkét szűrőháznál:
EmL-610: bemenő: 3/4"" - kimenő: 3/8""
VD-510: bemenő: 3/4"" - kimenő: 1/2""

Tehát a konzolos szűrőházon + szűrőbetéten kívül kérnénk egy átalakítót a képeknek megfelelően.","01.15. AA: Ez valami vicc! Gábor, legyél szíves kézbe venni ezt a kérdést! Roland, álljunk le az ilyen jellegű garis szolgáltatással, reggel beszéljük meg a stratégiát!
02.06. EG: Egyeztetni Rolival!"
SZÉV2019-0027,0,"GYE
EG",01.15,,,01.18,X,M08044,STEELFORG,JCL-60TSM,lánc,munkadarab elkapó lánc kellene,"01.16. Györkös Gabival szétszedtük az 1 db Taksonyban lévő elkapót, holnapra berendeltem egy láncot, ha rendben lesz akkor beküldöm a SZÉV-be és visszadokumentáljuk a típust!
01.18. Beérkezett, jó! Ma bekerül a SZÉV-be!
0,67 m (71 szem) SZÉV;  4,33 m rak. 10-10005052-00,Lánc / IWIS-Elite Görgőslánc 04A-1
2 db rakt. 10-10005053-00,Lánc / IWIS-Elite Hajlított szem 04A-1
1 db SZÉV; 1 db rakt. 10-10005054-00,Lánc / IWIS-Elite Patentszem 04A-1
ERA áttárolta"
SZÉV2019-0028,0,"GYE
EG",01.15,,,02.21,???,,,,6-os push-in toldó,10db 10-00001931-00 Pneumatika / Gyorscsatlakozó toldó 06-06 (3106 06 00),"01.17. EG - SMC rendelést elindítani
02.21. EG: ma bekerült a SZÉV-be:

10 db 10-00016380-00,Pneumatika / Gyorscsatlakozó, egyenes toldó, 2db 6mm-es csőhöz (SMC - KQ2H06-00A)"
SZÉV2019-0029,0,"GYE
SA
EG",01.16,,,01.25,X,M14300,VÁG-TECH KFT,EmR-1200B,szíj,950-5MGT-30mm szíj,"01.16. Mi van raktáron?
01.16. PowerBelt - ÁRAJÁNLAT - SZÉV2019-0029 - EML-1200 - Erősített főhajtás szíj -> 5-8 mnap, MEGRENDELNI!
01.16. PowerBelt - RENDELÉS - SZR201900183 - SZÉV2019-0029 - EmL-1200B - Főhajtás szíjak
02.06. EG: 01.25. beérkezett a PowerBelt-től, került be a SZÉV-be?
02.06. SA: Mind bekerült a SZÉV-be."
SZÉV2019-0030,1,"GYE
EG",01.15,,,,,,,,Szűrők okostáblázat,"\\Nctserver3\adattár\Szerviz\SZÉV minimálkészlet.xls
Mechanikus anyagok fülön vannak a szűrők, még nagyon kezdetlegesen nyilvántartva. amire szükségünk lenne hozzá, azok a méretek, fotók és hogy általában melyik gépen használjuk.",
SZÉV2019-0031,0,"GYE
SA
EG",01.15,,,02.21,,,,,fém szűrőbetét,"Kérlek küldjetek be 10 db fémszűrőbetétet Honeywell 10-100000612-00 FF06-3/4AAEDT ivóvíz szűrőhöz. 5 db Bearing, 5 db tartalék","01.16. Van raktáron vagy rendelni kell? - 2 db
01.17. MEGRENDELNI!
02.21. Adrián adott 1 db-ot Zoli vesz az alapján a Fogarasi Kft-nél"
SZÉV2019-0032,0,"GYE
EG",12.05,,,02.21,ok,,,,Pneumatikus szűkítők,"- 10 db 10-1590 Pneumatika / gyorscsatlakozó szűkítő 3106 08 10 
- 10 db 10-1595 Pneumatika / gyorscsatlakozó szűkítő 3106 06 08
- 10 db 10-1932 Pneumatika / gyorscsatlakozó toldó 3106 08 00
- 10 db 10-1933 Pneumatika / gyorscsatlakozó toldó 3106 10 00","2019.01.17. EG - SMC rendelést elindítani
02.21. EG: ma bekerült a SZÉV-be:
10 db 10-00016384-00,Pneumatika / Gyorscsatlakozóm egyenes toldó, szűkítővel 8-10 mm csőhöz (SMC - KQ2H08-10A)
10 db 10-10005118-00,Pneumatika / Gyorscsatlakozó, egyenes toldó, szűkítővel, 6mm-8mm csőhöz(SMC - KQ2H06-08A)
10 db 10-00016381-00,Pneumatika / Gyorscsatlakozó, egyenes toldó, 2x8mm-es csőhöz (SMC - KQ2H08-00A),
10 db 10-00016382-00,Pneumatika / Gyorscsatlakozó, egyenes toldó, 2x10mm-es csőhöz (SMC - KQ2H10-00A)"
SZÉV2019-0033,0,"GYE
EG",11.16,,,02.21,???,,,,Lepufogó,"6-8 db Legris G1/8"" 06730010 lepufogó szelep SZÉV tartaléknak","01.17. EG - SMC rendelést elindítani
02.21. EG: Ma bekerült a SZÉV-be 10 db 10-00016275-00,Pneumatika / AN10-01 Hangtomptító, kompakt R1/8"
SZÉV2019-0034,0,"GYE
GA",01.17,,,01.22,???,,,,Kuplung betét,"Igény: 5 db műanyag, piros kuplung kereszt (Dkülső = 55mm)","01.21. BELSŐ RENDELÉS - SZR201900220 - SZÉV2019-0034 - GS24 tengelykapcsoló betét
01.22. SA: Beérkezett. Ma bekerül."
SZÉV2019-0035,X,"GYE
EG",12.07,,,X,X,M15116,Szkaliczki,EmR-1020D,Szíj,"Szíj / Bordás szíj 5M/835x30mm,10-00000230-00 - 1db",01.17. EG: D-s gépen NINCS főhajtás szíj!
SZÉV2019-0036,X,"GYE
EG",01.17,,,,,M07153 ,MSK,EUROmill-3000,Lánc,"A csatolt rajzon bejelölt ellensúly láncra lenne szükségünk. Remélem minden információt ráírt az Ügyfél.
02.27: megoldották a problémát, nem kérik a láncot","02.27. LR: Nem kéri az Ügyfél a láncot, megoldották a problémájukat. SZÉV igény 2019 táblázatban lezártam."
SZÉV2019-0037,0,"GYE
SA",01.17,,,"01.17.
01.21.","? Deublin
? 1 x szíj
? 3x tartalék szíj","M15116 
M06029 ",Szkaliczki,"EmR-1020D
Euromill1000","Deublin
30TAC62 csapágy
Szíj","M15116 SZKALICZKI ÉS TÁRSAI KFT EmR-1020D
1db 10-00002612-00 Deublin 902-120-188 hűtőborda nélküli
8db 10-10001875-00 30TAC62CSUHPN7C golyósorsó (4db SZÉV tartalék) 

M06029 SZKALICZKI ÉS TÁRSAI KFT Euromill1000(East Lion)
2db 10-00000230-00 Szíj / Bordás szíj 5M/835x30mm (1db SZÉV tartalék)","01.17. SA: 
M15116 SZKALICZKI ÉS TÁRSAI KFT EmR-1020D
1db 10-00002612-00 Deublin 902-120-188 hűtőborda nélküli -  902-120-188   Deublin nem lehet ezen a munkaszámon..20-00002158-00 Csatlakozó / Deublin (1109-020-188) forgócsatlakozó való ide. Küldjem a 1109-020-188 forgócsatlakozót?
8db 10-10001875-00 30TAC62CSUHPN7C golyósorsó (4db SZÉV tartalék) Ma bekerül.

M06029 SZKALICZKI ÉS TÁRSAI KFT Euromill1000(East Lion)
2db 10-00000230-00 Szíj / Bordás szíj 5M/835x30mm (1db SZÉV tartalék) 1db van raktáron. Ezt beküldjük és rendelünk tartalékot.

EG: BELSŐ RENDELÉS - SZR201900197 - SZÉV2019-0037 - RAKTÁR - EUROmill-1000 - Főhajtás szíj
01.21. Beérkeztek a tartalék szíjak! Bekerülnek a SZÉV-be!"
SZÉV2019-0038,0,"GYE
EG",01.23,,,01.23,???,M05086,SZTÁV,FV-30,főorsó menesztő dió,"Hibajelenség: főorsóból hiányzik egyik rögzítő köröm
Igény: hiányzó köröm pótlása

Megjegyzés: csatoltam képet, illetve kiküldtem mintának az egyik darabot","12.04. Elkészült a rajz
12.05. Juhász - RENDELÉS - SZR201803962 - SZÉV FV-30- Menesztő dió
01.23. Beérkezett, bekerül a SZÉV-be
Juhásztól árat kérni!"
SZÉV2019-0039,0,"GYE
GA",01.23,,,01.23,???,M08128,Aptív Delphi,EmL-510,csapágy,1 pár (+1) 7208CTRDULP3 ,"01.23. Ezt tárold át kérlek:
1 pár 10-00010188-00,Csapágy / GMN S6208 CTXM ABEC7 DUL/185N csapágy (7208C/TXM/P4/DUL)

Dóri!

Tartalék most nem kerül be hozzátok!"
SZÉV2019-0040,0,"GYE
GA",01.23,,,01.23,???,M08128,Aptív Delphi,EmL-510,Csapágy,3 + 8 db 25TAC62BSUC10PN7B golyósorsó csapágy,"01.23. Ma bekerül a SZÉV-be:

11 db 10-10000263-00,Csapágy / 25 TAC 62 CSUHPN7C ferdehatásvonalú golyóscsapágy

Attila!

Kérlek készíts hozzá áttárolást!"
SZÉV2019-0041,0,"GYE
EG",01.22,,,X,X,M08128,Aptív Delphi,EmL-510,Csapágyanya,Igény: 4 db M25x1.5 golyósorsó anya,"01.23. KMT5?
01.24. Plusz&Roll  - SOS RENDELÉS - SZR201900288 - SZÉV2019-0041 - M081289 EmL-510 - X golyósorsó csapágyanya
01.24. Kovács P. Meg tudták csinálni az eredetit, nem szükséges új!"
SZÉV2019-0042,1,"GYE
EG",01.24,,,,,,,,csapágyanyák,"Tartalék csapágyanyák
M25x1,5
M30x1,5
???",YSF és itthon
SZÉV2019-0043,0,"GYE
IJ",01.24,,,01.29,ok,M14097 ,Duna Preciziós,MM-800S,csapágy,"Igény: 4 db NSK 60BNR10HTSUELP3 

Megjegyzés: mindenképp kerámia golyós és nagy sebességű csapágyra van szükség.","01.24. IJ: ÁA Tral Trade
01.29. EG: Ma megkapjátok!"
SZÉV2019-0044,0,"GYE
EG",01.24,,,02.01,,M18120,EMPLASTRUM,EmL-610B,első munkatér ablak,"Nem jó a beküldött, kb 667x510x6 mm-es kell","02.01. Ma bekerül a megfelelő méret. 1db  665x530x11,5 -> HELYETTE BESZEREZNI!!!
02.07. Magyarországi gyártatás:

Minimális rendelési mennyiség 4 garnitúra! (190.800,- HUF + áfa)

1 garnítúra: 47.700,- HUF + áfa

Lebontva:
10-10005073-00,Ablak / Polikarbonát 665x530x11,5 (lv12) (EmL-610 új burkolatos) (3 db / garnitúra)
12.931,- HUF + áfa

10-10005074-00,Ablak / Polikarbonát 665x365x11,5 (lv12) (EmL-610 új burkolatos) (1 db / garnitúra)
8.905,- HUF + áfa

Szerintem kérjünk árakat Taiwan-ból is!
02.21. Zoli kér árat Taiwanból"
SZÉV2019-0045,0,"GYE
SA",01.24,,,01.24,ok,M15232,Metarad,VD-510S-5AX,Forgócsatlakozó,"Szükségünk lenne 1 db GU2000V forgóátvezetőre. VD-510, 20.000 rpm
A SZÉV-ben lévő utolsót felhasználjuk az M15232 Metarad (Best-Tool) VD-510S-5AX gépre.
Van nálatok vagy kérjünk Edittől?","01.24. LR: Az Ügyfélnek olyan kell, ami a menetre rámérve 11,75 mm, az illesztő átmérője pedig 13,00 mm.
01.24. SA: Ilyen,amit beküldök.

10-10005064-00,Csatlakozó / SMARTC GU2000V (VD-510S - D13) forgócsatlakozó
"
SZÉV2019-0046,0,"GYE
SA",01.24,,,01.24,ok,,Mediagnost,K-B640,Klíma,"Kérlek, amint tudtok küldjetek be egy WEXTEN CO-4PTS klímát.","01.24. SA: Már küldtem be egy klímát. Felírtam magamnak,hogy át kell tárolni."
SZÉV2019-0047,0,"GYE
SA
GA",01.24,,,01.24,X,,,,"Sziló
Moglice","1 db tubus fekete sziló, 1 db(?) epoxi ""moglájsz"" készlet hibajavításhoz","GA: Fekete szilót küldök be. 

Moglice-ből nekünk most másfél doboz szettünk van, úgyhogy kb. egy fél dobozzal tudnék beküldeni ezekből:
MOGLICE FLP HARZ 846G + FLP HARTER 154g + TRENNMITTEL FL (1354) 500 ml    "
SZÉV2019-0048,0,"GYE
SA",01.24,,,01.28,ok,M16065,Losonczi,EmB-1304D,Deublin,1 db 10-00002612-00 Deublin 902-120-188 hűtőborda nélküli forgóátvezetőt,01.28. 1 db 1109-020-188
SZÉV2019-0049,0,"GYE
EG",01.28,,,X,X,M15089,Litze,Chiron,SMC alaptest,"Az M15089 Litze Chiron FZ18W gépen kicseréltük a tavaly beküldött szelepet, de nem hozott megoldást. Úgy néz ki, hogy az alaptesttel van probléma, kérlek szerezzetek be egy ilyet, csatoltam képeket.","01.28. ÁRAJÁNLAT - SZÉV2019-0049 - M15089 CHIRON Fz-18W - SMC szelepsziget
02.06. EG: Ezzel lesz tovább vagy megoldódott? Árajánlatot megkapta a SZÉV 01.29.
02.08. EG: X"
SZÉV2019-0050,0,"GYE
SA",01.28,,,01.28,ok,M14250,Keresztes,MM-800II,Szivattyús egység vagy motor,"Egy, a csatolt képen szereplő villanymotorra van szükségünk, kérlek nézzétek meg, hogy van-e nálatok.
Ha szivattyústól vagy kompletten dobozostól van, úgyis jöhet.",02.08. SA: 30 bar-os komplett egység aznap bement
SZÉV2019-0051,0,"GYE
EG",01.29,,,01.29,ok,M16307,Axicont,EmR-1200B,szíj,,"01.29. PowerBelt - SOS BELSŐ RENDELÉS - SZÉV2019-0051 - M16307 EmR-1200B - Főhajtás szíj
01.29. Egy szíjat megkaptak a szervizesek a helyszínen, a másik bekerül a SZÉV-be!"
SZÉV2019-0052,0,"GYE
EG",01.29,,,,X,M17171,Dr Varga,SC-32,anya,A csatolt rajzon szereplő tengelyanyából lenne szükségünk 4 db-ra (1 SOS + 3 tartalék).,01.29. Rajzot honosíttatni! -> 0052-es igény
SZÉV2019-0053,0,"GYE
EG",01.29,,,01.30,???,,,,szíj,"
1 db kérlek rendeljetek SOS a 2emeleti labor rezgető gépébe szíjat. Csatoltam képet a pontos típusról.
",Egyből a SZÉV-be érkezett
SZÉV2019-0054,0,"GYE
SA",02.01,,,02.01,???,M08052,Fastron,EmB-V1600MC,szűrő,Szűrő / 6 bar-os szűrőbetét ( Hyp. HP75L4-12MB canned ) - 10-00001470-00,02.01. Bekerül 2 db
SZÉV2019-0055,0,"GYE
EG",01.23,,,,,,,,hernyó csavar,Igény: 50 db M6x6 laposvégű hernyócsavar,"02.04. Szögker - BELSŐ RENDELÉS - SZÉV2019-0054 - Hernyó csavarok
02.08. EG: Beérkezett egyből a SZÉV-be"
SZÉV2019-0056,0,"GYE
EG",02.04,,,02.06,ok,M17171,Dr. Varga,SC-32,csapágyanya,"Gyártásba szeretnénk adni az alábbi elérési útvonalon található rajzon látható tengelyanyát:
\\10.0.3.241\gépészet\SZÉV\M17171 P18053 Dr Varga Tamás SC 32\","02.04. - Megrendelve 4 db For Tech-től -  RENDELÉS - SZR201900430 - SZÉV - Tengelyanya
02.06. - Beérkezett, ma bekerül a Fogarasira"
SZÉV2019-0057,0,"GYE
EG",02.05,,,02.05,X,M17191,Vámosgép,HMC-80,rajz,\\nctserver3\gépészet\Marógépek\WFQ 80\130352931 - Z-hajtás öá\rajzok\,"02.05. EG - Ránézésre ugyan olyan mint a bent lévő, Ioan-tól kérjünk segítséget pontos szereléstechnika leírásában!"
SZÉV2019-0058,0,"GYE
SA",02.04,,,02.04,2019/000000105,M16286 ,Pintér és Társa,EmR-1600/1604D,70 bar szivattyú,"Megjegyzés: kérlek küldjetek be szivattyút, ha van raktáron",02.04. SA - Van raktáron. Ma bekerül.
SZÉV2019-0059,0,"GYE
GA",02.01,,,02.03,2019/000000104,,K-Kart,,manométer,Kérlek küldjetek be 1 db-ot a képen szereplő nyomásmérő órából.,"02.03. GA - Az órát elküldtük pénteken.
02.04. GA - Ma reggel vettem észre, hogy a buszban maradt. Ma küldjük újra."
SZÉV2019-0060,0,"GYE
SA",01.31,,,02.05,2019/000000106,,Primaró,,Szelep,Kérlek küldjetek be 1 db-ot a csatolt képen szereplő 3/2-es szelepből.,"02.04. SA - Nem tudom a a képek alapján beazonosítani. Kérlek küldj egy élesebb képet és tudjuk meg ,hogy 24V vagy 110V.
02.04. LR - 24 Voltosat kérünk.
02.05. SA - Ma reggel elvitte Viktor."
SZÉV2019-0061,0,"GYE
SA",02.04,,,X,X,M11253,Primaró,SMART-42,Szíj,"10-00009141-00 - TNL-100AII / Szíj munkadarab elkapóra (1350mm)
Megjegyzés: Gyártótól rendeltünk tartalékot, de még nem érkezett meg. Van-e nálatok még?","02.05. SA: Nincs raktáron szíj!

Editnél már tavaly leadtuk a belső rendelést : 
BR2018/00072

Roland említette korábban ,hogy itt lehet Belföldön is gyártani:"
SZÉV2019-0062,0,"GYE
SA",01.25,,,02.21,ok,,,,Szelep,"-Szelep / Mágnesszelep vízhez BB 1/2""-os menettel + ZB10A mágnes + stekker, 10-01000175-00 - 2db
-Szelep / Mágnesszelep vízhez BB 3/4""-os menettel + ZB10A mágnes + stekker, 10-01000251-00 - 2db","02.05. EG: Egy rendelés beérkezését várjuk, mert le vagyunk fogyva, küldeni fogjuk!
02.21. EG: Ma bekerült 3-3 db"
SZÉV2019-0063,0,"GYE
EG",02.01,,,02.05,X,M15065 ,Gyopár,RY-42,érzékelő,"Van nálatok RA-1705PC-3M típusú érzékelő? Találtam jobb minőségű képet róla, mellékeltem azt is.","02.05. EG: Volt gépről leszerelt, nincs cikkszáma, se ára!
Ma bekerül 1 db RC RA-1705PC-3M 10-30VDC!
02.05. EG: Ránézésre azitthon beszerezhető közelítéskapcsolók nagyon hasonlítanak rá, ez alapjánt 5-10.000 HUF a beszerzési áruk itthonról.

Csináltam hozzá cikkszámot: 10-10005077-00,Közelítéskapcsoló RC RA-1705PC-3M (RY-42)"
SZÉV2019-0064,X,"GYE
EG",02.01,,,02.05,2019/000000106,M07153,MSK,Euromill-3000,forgácskihordó motor,Kérlek küldjetek be 1 db Sesame G11V200S-90 típusú forgácskihordó motort! Csatoltam az adattábláját.,"02.05. EG: 1 db használtat talátunk, bekerül a SZÉV-be kérlek beszerelés előtt próbáljátok ki!
Csináltam rá cikkszámot, Adrián kérlek tárold át!
Egy új ilyen ára 160-200 USD szokott lenni
10-10005078-00 Tartalék / Sesame G11V200S-90 hajtóműves motor"
SZÉV2019-0065,0,"GYE
EG",02.05,,,02.08,ok,M07323,Metal-99,CT-40,szíj,"1 db 12 bordás Poly-V szíj, külső kerülete kb. 1400 mm, egy profil szélessége kb. 4,7 mm, teljes szélességre 59 mm-t mértünk.","02.05. Megrendelve

PowerBelt - BELSŐ RENDELÉS - 06123/19-WR - SZR201900433 - SZÉV2019-0065 - CT-40 - Főhajtás szíj

Várható beérkezés 6-7 munkanap
02.08. EG: Beérkezett egyből a SZÉV-be"
SZÉV2019-0066,0,"GYE
SA",02.05,,,02.05,2019/000000114,,SzelesBt,TMV-510,szerszámzseb,elvileg van raktáron 3db: Tartalék / TMV-510T (sn:15917) / Szerszámtár zseb BT-30 - 10-00009362-00,
SZÉV2019-0067,0,"GYE
EG",02.04,,,"02.11.
02.28.",ok,,BKV,EEN-400,"csapágy
tányérrugók","- 1 db 6014 mélyhornyú golyóscsapágy
- 6 db 28,50mm x 45,00mm x 2,50mm tányérrugó (DIN 2093, rugóacél)
- 12 db 28,50mm x 56,00mm x 3,00mm tányérrugó (DIN 2093, rugóacél)

02.25. BD: Igény2: 1(+2) db 6003 ZZ golyóscsapágy
","02.05. 
Plusz&Roll - SOS RENDELÉS - SZÉV2019-0067 - EEN-400 Berg meghúzó csapágy
1-2 munkanap - 02.07. Beérkezett

Biotek - BELSŐ RENDELÉS - SZR201900445 - SZÉV2019-0067 - EEN-400 - Berg meghúzó tányérrugó
1-2 munkanap - 02.07. Beérkezett, átkerült a Biotek-be

N+K - SOS RENDELÉS - SZR201900446 - SZÉV2019-0067 - EEN-400 Berg meghúzó tányérrugó átalakítás
3-4 munkanap

02.11. SA: ma bekerül
02.28. Igény2: megrendelve
Plusz&Roll - RENDELÉS - SZÉV2019-0067 - Berg meghúzó csapágyak - ma be is kerül a SZÉV-be"
SZÉV2019-0068,0,"GYE
EG",02.07,,,02.12,,M17191,Vámosgép,WFQ-80,x szíjtárcsa,"Kérlek soron kívül indítsuk gyártásba a szíjtárcsát:

1db - 130353860 - 30-8M-30 fogasrúd átmunkálás

Az eredeti tönkrement nem használható!","02.07. PowerBelt - BELSŐ RENDELÉS - SZÉV2019-0068- 06899/19-WR - TARTALÉK - WFQ-80 - X és Z szíj - > Beérkezett 02.08.
02.07. For-Tech - SOS RENDELÉS - SZR201900473 - SZÉV2019-0068 - M17191 HMC-80 - X szíjtárcsa -> 02.07. lekerült a fogazott rúd Gyenizséhez! -> 02.11. Beérkezett
02.12. kipostázva az ügyfélnek"
SZÉV2019-0069,0,"GYE
EG",02.07,,,,ok,M16070,Nivelco,Smart-42,szűrő + tartókonzol,"Igény: 1 db gépágyra rögzíthető vízszűrő tartó konzol, 3 méter 3/4""-es vízcső + szerelvény
- Vízszűrő cikkszáma: 10-10000612
- Neve/Típusa: FF06-3/4AAEDT 3/4""
Megjegyzés: csatoltam egy képet a vízszűrőről önmagában, illetve egy felszereltről

02.11. A pontos Igény:
- 2 db egyenes 3/4""-es csatlakozó külső menettel, 5/8"" - os tömlőhöz való fogazott csatlakozóval;
- 1 db 3/4"" BB 90°-os könyök;
- 1 db 3/4""-es karmantyú;
- 1 db tartó konzol benne min. D=62mm átmérőjű furattal a szűrőnek és min. L=100-120mm a tartó konzol hosszának;
Megjegyzés: mellékeltem egy képet a beépítés helyéről, amin látszik az ügyfél által utólagosan igényelt szűrő is, illetve egy képet a szűrő dobozán lévő információkról
Szűrő cikkszáma: 10-10000612

02.12. Igény2: 
- Minimum 3-4 bar nyomást előállítani tudó vízszivattyú. 
- Szivattyú homlokpajzsán lévő felfogató furatok távolsága: 120mm x 120mm. 
- A jelenlegi szivattyú kiemelés nélküli, hagyományos, 3 lépcsős lapátos, kb. 2 bar nyomást tud előállítani. 
- Csőcsonkja 3/4""-es külső menetes.
Megjegyzés: az ügyfél panaszkodott rá, hogy a jelenlegi szerszámon keresztüli hűtés víznyomása nem elégséges. Csatoltam képeket a vízszivattyúról. Állítólag TNL-ekhez, ami volt régebben Grundfos, ahhoz hasonlatos méretekben.","02.07. EG: Dóri! A megbeszéltek szerint, leadjátok a pontos igényt!
02.12. SA: MA bekerül
02.12. Új igény érkezett!
02.21. szivattyú
03.11. EG: Már minden bekerült, lezártam"
SZÉV2019-0070,0,"GYE
GA",02.07,,,02.07,ok,M11253,Primaró,Smart-42,csapágy,,02.07. GA: Ma küldjük
SZÉV2019-0071,0,"GYE
SA",02.12,,,02.15,,,,,Nyomáskapcsoló,"Hidraulika / Nyomáskapcsoló gomba 1-10 BAR D=1/4"" (0166-407-03-1-027) olajgomba,10-00002431-00 - 5db

-Hidraulika / Nyomáskapcsoló gomba 10-20 BAR D=1/4"" (0166-411-03-1-043) olajgomba,10-00002433-00 - 5db",02.21. EG: múlt héten bekerült
SZÉV2019-0072,0,"GYE
EG",02.12,,,02.12,ok,,,Tomill-160,szíj,1db T5/330 (16mm) szíjat,"02.12. EG - Megrendeltem 3 db-ot!
PowerBelt - BELSŐ RENDELÉS - SZÉV2019-0072 - 07564/19-WR - Tomill-160 taralék szíj	"
SZÉV2019-0073,0,"GYE
SA",02.12,,,ok,,M07360,Primaró,TNL-130ADT,fék munkahenger,M07360 Tnl100-hez szükségünk van egy fék munkahengerre (üf küldött be képeket róla).,
SZÉV2019-0074,0,"GYE
SA",02.12,,,03.26,ok,,Turnings,SC-32,Reed relé,"2 db SC-32 eszterga elkapókar végállást érzékelő reléje tönkrement.
A relé modell száma: AIRTAC Model CS1-M
Kérem a cseréjét.","02.28. EG: Múlt héten vitt be Zoli egy féle reed reléből nagyon sok darabot, azt esetleg meg lehetne nézni, hogy tudjuk-e ott használni!
Amennyiben nem, kérjük az adatokat és intézzük az úgy relét!

03.22. EG-> Babett: ANYAGIGÉNY - SZÉV2019-0074 - SC-32 - Elkapókar relé cseréje"
SZÉV2019-0075,0,"GYE
EG",02.12,,,,,,,,Szerszámok,Csatoltan küldöm a SZÉV idei első szerszámigényét Excelben. Leghamarabb mikorra szerezhetőek be az eszközök?,"02.14. BD: Várjunk egy hetet, még kiegészítik a srácot!"
SZÉV2019-0076,0,"SZÉV
LR
AA",02.12,,1,,,M08052,Fastron,EmB-V1600MC (EmB-1600),"ékléc
törlő
szelep
visszacsapószelep","- az Y ékléceinek felújítására - kint van Taksonyban, mikorra várható, hogy elkészül?- SOS - 02.05. óta áll a gép!
- vezetéktörlők cseréje - küldtünk ki Taksonyba egy mintát, egy komplett gépre való mennyiség kellene, hogy a helyszínen be tudjuk szabni
- külső hűtés szelep átszakadt: van pontos típus Szeles Pisti és Tóth Pista?
- visszacsapó szelepekből hány darab és mekkora méretűek szükségesek Szeles Pisti és Tóth Pista?","02.12. EG
- kúposléc - megnézzük Józsi bácsival
- törlő - szerintem lesz raktáron ez a két méretű profil hozzá, megnézem
- mágnesszelep - várjuk az infót
- visszacsapószelep - várjuk az infót
02.13. Turcite megrendelve Super Seal
02.14. EG - javított kúposléc ma bekerül a SZÉV-be
02.20. Kúposlécet mégsem kérik, komplett felújítást kérnek Roland-AA"
SZÉV2019-0077,0,"GYE
EG
IJ",02.13,1,1,,,M12004,Goodwill Trade,Eml-1020D,,"Főorsó (Royal 10 000 rpm):
- 4 db FAG HS7014-C-T-P4S-UL (10 000 rpm-et tudó csapágy)
- 58 db 40x20,50x2,50 tányérrugó (DIN 2093 rugóacél) 
- 1 db P5 O-gyűrű (4.80mm x 1.90mm)
- 1 db P7 O-gyűrű (6.80mm x 1.90mm)
- 2 db P12 O-gyűrű (11.80mm x 2.40mm)
- 2 db P22 O-gyűrű (21.80mm x 2.40mm)  
- 1 db P34 O-gyűrű (33.70mm x 3.50mm)
- 2 db P52 O-gyűrű (51.60mm x 5.70mm)
- 1 db G24 O-gyűrű (24.40mm x 3.10mm)  
- 1 db G65 O-gyűrű (64.40mm x 3.10mm)
- 2 db G135 O-gyűrű (134.40mm x 3.10mm)
- 3 db G140 O-gyűrű (139.40mm x 3.10mm)
- 1 db ROTEX GS-42 Piros kuplung kereszt
- 2 db MB 2 Körmös biztosító lemez (DIN 5406)

Főmotor (NCT AiS132 10 000 rpm): 
- 1 db Deublin 902-120-188 hűtőborda nélküli (Cikksz.: 10-00002612-00)
- 2 db 6207 ZZ/C3 főmotor csapágy

Főorsó Munkahenger
- felújításra kiküldjük Ricsi részére","02.13. 
Biotek - BELSŐ RENDELÉS - SZR201900538 - SZÉV2019-0077 - EmL-1020D főorsó tányérrugók - beszerzési idő 2-3 hét -> Megrendeltem Fabory-tól is, 02.22-re várható!
Plusz&Roll - RENDELÉS - SZÉV2019-0077 - Főorsó és főmotor - O-gyűrűk és csapágy - beszerzési idő 2-3 mnap - beérkezett
Power Belt - RENDELÉS - SZR201900541 - SZÉV2019-0077 - EmL-1020D AiS-132 tengelykapcsoló betét - polcról hozható - beérkezett
Pannon Csapágy - ÁRAJÁNLAT - SZÉV2019-0077 - EmL-1020D - Főorsó csapágy - beérkezett
BétaBagoly - RENDELÉS - SZÉV2019-0077 - EmL-1020D - Szerszám oldó munkahenger - 02.20. várható

02.14. EG - Roland és Józs bácsi napközben egyeztettek, a főmotorhoz beküljük ma az alábbi pontosított igényt:
1 db IBC 6207 TB P4A2H csapágy
2 db FAG B7209-C-T-P4S-UL csapágy
02.19. CSZ: ÁRAT FRISSÍTSÜNK!

Pannon Csapágy - RENDELÉS - SZR201900565 - SZÉV2019-0077 - EmL-1020D - Főorsó csapágy - 02.22-re várható - FIZETENDŐ - fizetve, beérkezett"
SZÉV2019-0078,0,IMP,02.11,,1,,,M16104,Plastic-Form Kft.,KAFO KFO-620-5AX,C-tengely bordásszíj,1(+1) db Unitta 784-8YU (B=37mmm) bordásszíj,"02.14. GA: Nincs ilyenszíjunk! -> IMPORT
02.20. Beni: A szíjfeszítő megöli a szíjat! -> IMPORT, vagy átalakítani
02.20. Tóth I: Szíj el van ázva, a szíjfesztő tengelye ferdén áll, rávezeti a szíjtárcsa peremére a szíjat.  -> IMPORT - TÖMÍTÉS, SZÍJFESZÍTŐ
03.19. Babett próbál szerezni külön csak szíjat!"
SZÉV2019-0079,0,IMP,02.15,,0,,ok,M05047,Manz Automation Hungary,TNL-100AL,revolverfej tájolócsapok,"revolverfej tájolócsapokból van szükségünk 6 db-ra, Átmérő 10-es csapok, a revfejtárcsából kb. 10-15 mm-t lógnak ki.","02.20. IMP: 02.25. a várható beérkezése
03.13. SA: Ezt már beérkeztettem és kiosztottam.
A Szév is megkapta a tájolócsapokat.
03.13. LR: Dóri asztalán volt, ma kipostázzuk.
04.02. kaptam árakat 5 EUR/db"
SZÉV2019-0080,0,"GYE
IJ",02.15,0,1,03.11,,M11357/M06079,Magyarmet Kft.,Gildemeister GD-5DT,"ZARF csapágy, tengelyszorító, orsóanya","- 2 (+1) db Tengelyszorító
Gyártó: Spieth
Szorító típusa: DSL 25.42
d x D x L : 25mm x 42mm x 41mm
Furatok: M4, 6 db
- 2 db Speciális kombinált csapágy:
- INA ZARF 3080  PL TN NA STD
- 2(+2) db Golyósorsó anya:
M30x1.5 (D=45mm külső átmérő, b=17mm széles)
- 2 db 52x68x8 NBR szimering (02.18. SZÉVbe bekerült)","02.15. EG: M30x1,25-ös szerintem nem létezik, M30x1,5-öst fogok rendelni, rendeltem Dórinak egy menetfésűt, hogy könnyebben menjenek az ilyen dolgok! 

02.18. BD - Lórival hozattam szimeringet
02.19. Pannon Csapágy - RENDELÉS - SZR201900601 - SZÉV2019-0080 - M11357 - M06079 - Gildmeister - GD-5D - FIZETENDŐ - 03.05-06 a várható beérkezés
03.19. EG: Már túl vagyunk rajta, az utolsó SPIETH tételt 03.11. vette fel egyből a SZÉV"
SZÉV2019-0081,0,"GYE
EG
RG",02.19,,1,,,M14281,Contarex,BNC-2680-2T,rugók,"Anno egy feszítőpatron lett leszállítva a szóban forgó témában.
Enne a visszanyomó rugói tönkrementek.
Sajnos dokumentációt nem találtam.
Kérnék egy árajánlatot a pótlásra.
Sürgős, mert jelenleg fogja a termelést.","02.18. EG - Árajánlat Losonczi -> Nem tudják milyen méretű van benne, le kell méretni az ügyféllel
02.19. EG - Gabriella pontosítsa a méreteket az ügyféllel
02.20. EG - Losonczinak elküldve a méretke
02.22. EG - Megérkezett az árajánlat R.Gabriella tovább intézi
03.22. Losonczi - RENDELÉS - SZR201901117 - SZÉV2019-0081 - M14281 BNC-2680-2T - Készülék nyomórugók
04.03. EG: Beérkezett, postázzuk el az ügyfélnek!
S.A. 04/17 - Már elpostáztuk."
SZÉV2019-0082,0,"GYE
SA",02.19,,0,05.30,,-,NCT Taksony,-,Nyomásfokozó,"2 db Hidro-pneumatikus átalakító javítása
Jelenség: gyors oldás-rögzítés esetén nem tartja meg a nyomást
SZÉV Igény:
- 1 db 0-60 bar hidraulika nyomásmérő órát, ami 3/8""-os furatba illeszkedik és/vagy
- 1 db 3/8""-os csatlakozó a munkahengerbe külső menetes kúpos, amibe az órát tudjuk tenni;",02.21. EG: email-t küldeni
SZÉV2019-0083,0,"GYE
IJ",02.19,,1,02.26,,-,Berta Istvánné,Dugattyú eszterga,1 pár 7208CTRDULP3 vagy 2 db 7208CTRSULP3 csapágyak,Igény: 1 pár 7208CTRDULP3 vagy 2 db 7208CTRSULP3 csapágyak,"02.19. IJ - A kép szerint a csapágy 25 fokos hatásszögű.
A ""C"" jel nem jó vagy A5 vagy E a jó jel.
02.20. TralTrade - RENDELÉS - SZR201900626 - SZÉV2019-0083 - Csapszegfúró felújítás - FIZETENDŐ"
SZÉV2019-0084,0,"GYE
EG",01.15,,,02.21,,,Bearing,,szűrőbetétek,"Kérlek küldjetek be 10 db fémszűrőbetétet Honeywell 10-100000612-00 FF06-3/4AAEDT ivóvíz szűrőhöz. 5 db Bearing, 5 db tartalék.","02.21. EG: 1 db mintát beküldünk, Zoli vesz a Fogarasi Kft-nél 10-10 db-ot "
SZÉV2019-0085,0,GYE,02.19,,,02.25,,M13061/M15206?,SPH Plusz Kft.,MM-760,,"Igény: ha a Taksonyban lévő csere szabatos, akkor vissza rendeljük a taralékot a Gyártótól
Megjegyzés: 10-00009562-00 Szerszámtár tárcsa L4C16-B0 16T DIN#40 (Spare / MM-430 / Tool changer disc L4C16-B0 16T DIN#40)","02.20. EG - van egy komplett tár 3 orsós gépről lett leszerlve, raktárra tartaléknak
02.21. CSZ - árajánlatot kiküldtünk, ha megrendelik, akkor jelezzük és jöhet be
02.25. EG - Ma bekerült a Fogarasira"
SZÉV2019-0086,X,"GYE
EG",02.18,,1,,,M15086,Krüger,HG-400,,"1. Szerszámcserélő kar megakad, szerszámcsere belassul, a forgató motor forró. Kézzel sem tudják tekerni a motort, teljesen megrekedt.
A karforgató szerkezetben lévő tűgörgős csapágyakra gyanakszunk. Tartalék szerszámcserélő egységet vinnénk magunkkal, ha van pont ugyanolyan kivitelű, csatoltam néhány képet.
Kérek egy választ, hogy milyenek vannak Taksonyban képekkel!

2. A palettacserélő láncterelő vasa elgörbült. (20190207_142445450_iOS.jpg)
Az Ügyfél csináltat magának, a láncfeszítést megpróbálja beállítani, ha valamivel nem boldogul jelezni fogja.

3. Beázott géplámpa cseréje
Géplámpa típusa: JF-WN20DB; 230 V, teljes hossza: 82 cm. Csatoltam képet.","02.20. rajz és kitárolás szerint megnézzük a tűgörgős csapágyakat és megrendeljük
02.22. EG: Megrendelve
Plusz&Roll -  SOS RENDELÉS - SZÉV2019-0086 - HG-400 - csapágyak
03.06. EG: SZTORNÓZTAM az igényt, nem küldjük be ezeket a tételeket, nem ez volt a hiba!"
SZÉV2019-0087,0,"GYE
SA",02.18,,0,02.21,ok,M10004,Unify,TNL-130,nyomáskapcsoló,Csatolt képen látható nyomáskapcsoló kellene ( 0.4-2MPa=4-20 bar); HW1-3T0-02 model,"02.21. EG: Ma bekerül 1 db 10-00005745-00,Olaj nyomás kapcsoló, HW1-3T0-02, 4~20 kgs (0,4-2MPa)

Adrián!

Kérlek tároljátok át!
2012-es nettó beszerzési ár 151 USD, szerintem emelni kell rajta legalább 200 USD-re plusz a szorzók!"
SZÉV2019-0088,0,"GYE
TT
IMP",02.21,,0,ok,,-,MVM OVIT ZRT,EEN-400 SZIM/Baruffaldi TA-160-4PS késtartó,"1 méter, 1/2""-os Fémszövött kábel anakonda","Igény: 1 méter 1/2""-os fémszövésű kábelvédő anakonda, egyik végén külső menetes, másik végén belső menetes véggel, 4 db késleszorító köröm
02.28. LR:Az 1 méteres védőcső beérkezett a szervizbe.
03.04. BD:Tudni kb. mikorra érkeznek be a leszorító kengyelek?","02.21. Megrendelve - Szimikron- SZR201900661 - SZÉV2019-0088 - EEN-400 - Revolverfej bekötéséhez védőcső - beérkezett a SZÉV-be 02.28.
02.22. BARUFFALDI - RENDELÉS - SZÉV2019-0088 - TA(N)-160 revolverfej - Kés leszorító kengyel"
SZÉV2019-0089,0,"GY
SA
EG",02.21,,1,,"SZR2019/00747 
menesztő diók ára",M13061/M15206,SPH Plusz Kft.,MM-760,"SK40 Főorsó dió, csapágy, o-gyűrű","02.21. Igény: 2 db menesztő dió SK40-es főorsóhoz, mellékeltem képeket róla, van kint tartalékban nektek ilyen?
02.22. Igény2: 
3 db 7012CDGAT/P4A vagy 1 pár 7012CTRDULP3 NSK és 1 db 7012CTRSULP3 NSK főorsó csapágy (8 000 rpm-hez), 
3(+10) db 113.00mm x 3.00mm O-gyűrű, 1(+10) db 114.00mm x 2.00mm O-gyűrű","02.22. EG
Igény1: Nem találtam a helyén, Adrián kérlek te is nézz rá.

Igény2: O-gyűrű megrendelve
Plusz&Roll - RENDELÉS - SZÉV2019-0089 - MM-760 főorsó o-gyűrű - már beérkezett
Igény2: Csapágy nincs NCT raktárban, árajánlat elindítva
Tral Trade - ÁRAJÁNLAT-M13061/M15206-MM760
03.19. EG: Viktor: Túl vagyunk rajta"
SZÉV2019-0090,0,"GYE
EG",02.22,,1,03.06,,M14281,Contarex Agrotechnika,BNC-2680-2T,Főhajtás hosszbordás szíjak,"2 db Polyflex JB ékszíj  (3 hosszbordás) 3/11MS1700JB
2 db Polyflex JB ékszíj  (2 hosszbordás) 2/11MS1700JB","02.22. EG: 
1) Nem egy tömlőből lévő szíjak NCT raktárról, nem tudunk rá garanciát vállalni! Így az alábbi árakat ne 2-vel szorozzuk hanem kevesebbel. (Új gépekkel érkezett fel nem használt tartlék szíjak!)
2) Elindított árajánlat alapján egy másik árat és szállítási határidőt fogok adni:
02.25. EG: Megjött az árajánlat, szerintem ezzel a verzióval számoljunk csak! 3-5 mnap a beszerzés
02.25. EG: Megrendelve
Powerbelt - RENDELÉS - SZR201900700 - SZÉV2019-0090 - BNC-2680-2T - Főhajtás szíjak
03.06. EG: Megkapta egyből Tóth Pista"
SZÉV2019-0091,0,"GYE
EG",02.22,,0,02.22,,M17055,Novitat-Ex,Kondia B-640,Deublin 1109-020-188,,"02.22. EG: Ma bekerül!
1 db 20-00002158-00,Forgócsatlakozó / Deublin (1109-020-188) forgócsatlakozó"
SZÉV2019-0092,0,"GYE
EG",02.01,,,02.26,,,Váci SZC,Miniturn 120,szjíak,"1(+2) db PU 740-T5 16mm széles
1(+2) db PU 525-T5 10mm széles szíjak","02.22. EG - T5-740-es szíj nem létezik így a megbeszélek szerint T5-750-est rendelek!
Megrendelve!
PowerBelt - BELSŐ RENDELÉS - SZR201900675 - SZÉV2019-0092 - Miniturn szíjak
02.25. SA: Holnap bekerülnek."
SZÉV2019-0093,0,GYE,01.31,,,02.04,???,M07286 ,Rák és Rák Bt.,TNL85ADT,Hidraulika szivattyú,"A fenti cégnél elromlott a hidraulika egység szivattyúja. Kérlek küldjetek be egy szivattyút, ha van külön vagy, ha nincs, akkor egy komplett TNL hidraulika egységet.","02.04. SA: Beküldtünk egy komplett TNL Hidraulika egységet.
02.22. KG: kérhetek áttárolást vagy egy cikkszámot a hidraulika egységhez?
02.22. EG: Az alábbi cikkszámot tudod használni ehhez, szerintem nem lehet 70-es hanem 55-ös a típus!"
SZÉV2019-0094,X,"GYE
EG",02.25,,1,,,M12225 ,Santavecz Kft.,SLT-630,SZÉV2019-0094 Igény - SLT-630 Baumüller DA160 terhelésteszt,"Van-e esetleg kint olyan L-alakú, jó nagy darab vas, amelyre illeszthetni és ültetni, hozzárögzíthetni lehetne egy Baumüller DA160-as peremes motort? A motort terhelésnek kell kitenni, ami miatt fontos a megfelelő rögzítés. A tesztet itt a Fogarasin hajtanánk végre.
Csatoltam képeket is, hogy egyáltalán mi az elképzelés, a továbbiakat értelemszerűen pontosítjuk.","02.25. EG: Szia Dóri, beszéljünk róla, mert nem értem pontosan mire lenne szükségetek!"
SZÉV2019-0095,0,"GYE
GA",02.25,,1,02.26,,M11161,EFT,JCL-60AHD,Ringfeeder,2 pár 16/20-as ringfeeder,02.28. Már bekerült
SZÉV2019-0096,0,"GYE
GA",02.26,,1,02.28,ok,M11161,EFT,JCL-60AHD,X golyósorsó csapágy,4 db 20TAC,02.28. EG: ma bekerül a SZÉV-be
SZÉV2019-0097,0,IMP,01.29,,0,,,M16307,Axicont,EmR-1200B,800-5GT-30mm,"elszakadt a szíj
01.30. SZE:Azt kérdik, hogy nem kellene-e a szíjtárcsát 45mm -esre? Nem tudja , hogy milyen ford.számon használják, és milyen főorsó motorral, de ha nehézfém megmunkására használják 45mm -es jobb lenne. 
02.26. LR:A gépen kicseréltük a szíjat, dolgoznak vele. Egyelőre csak tartalék szíjakat kérünk. (Ha 45-ös szíj fog kelleni, akkor ahhoz új szíjtárcsák is kellenek majd).",
SZÉV2019-0098,0,IMP,02.14,,0,,,M16104,Plastic-Form Kft.,KAFO KFO-620-5AX,"3 db Unitta 784-8YU (B=37 mm) bordásszíj (1 db Plastic-Form, 2 db SZÉV tartalék)","szállító:Kao-Fong
02.22. LR:Ez a szíj a billenőasztalon lévő körasztal mozgatásához szükséges. A szíjakon kívül szükségünk van még szíjfeszítő görgőkre is, 3 db-ra.(1 db Plastic-Form, 2 db SZÉV tartalék) Csatoltam képet. A szállítást SOS légivel kérjük.
02.25. SZE:SOS küldjünk a billenő körasztal adattáblájáról képet, csatolva referenciaként hol található.
02.26. küldtünk képet az adattábláról (TRNC-500C-G;C7B6D015JE)
03.11. Edit küldte az ajánlatot
03.13. Megrendeltük a szíjakat
03.19. AA:Mi a körasztal gyártója? Onnan nincs? (Babettnek átküldve)
",
SZÉV2019-0099,1,IMP,02.14,,0,,,SZÉV,SZÉV Tartalék,TNL-100,"hidraulikus egység hidraulika szivattyújára lenne szükségünk, 2 db-ra","típusa:Anson  PVF-30-7010S;
nem SOS, de vissza kell pótolnunk;
02.15. SZE:Csak komplett hidraulika egységet ad a beszállítójuk már, szivattyú és motor együtt. Küldi majd az ajánlatot..
02.18. kaptunk ÁA-t a TongTai-tól (nettó 472 USD/db);
02.20. LR:Jöhet a 2 db egység. 1 db Taksony visszapótlás, 1 db SZÉV tartalék",
SZÉV2019-0100,1,IMP,01.30,1,0,,,SZÉV,SZÉV Tartalék,MM-760,10-00005781-00 Tartalék / MM-430 / Főorsó szíj / 5GT/675x30 mm,"02.15. LR:Sikerült elindítanod a 675-5GT-30 szíj rendelését, mert nem látom az importban?
Ha még nem, akkor rendelj légy szíves 10 db-ot az 5 helyett és kellene 675-5GT-40-ből (ez 40 mm széles) is 3 db.
Repülővel jöjjön, jövő héten felhasználjuk az utolsó darabot!
02.15. SZE:Mátrmint hogy elindítani? Megrendeltem még akkor, benne van az importban... Fizetni kell előre, úgyhogy jelezzétek mindig , amikor aktuálissá válik, mert az, hogy nem sürgős, azt nem tudom időponthoz kötni, hogy mikor tegyük be utalásba. 
(2019/00355 - NCT_PI-108013011 - Microcut -Tartalék/ MM-430/Timing belt 5GT-30-675 -300USD) 
Akkor rendelek még 5dbot.. a 40mm széles is MM-430 -as szíj?
02.15. LR:Igen, jöhet még 5 db. Igen, a 40 széles is MM-760-ra való, csak ritkábban használjuk.
03.29. 5db beérkezett, még várunk 5db-ot",
SZÉV2019-0101,0,GYE,02.27,,,02.28,,,Precision,SC-32,kenőtáp,"a mellékelt képen látható Model-JY-19B olajpumpa az Önöktől vásárolt SC-32 esztergagépünkön található.
Érdeklődni szeretnék, hogy Önök forgalmaznak-e ilyet.","02.28. EG: ma berekül egy kiváltó típus, próbáljuk ki, hogy jó-e"
SZÉV2019-0102,0,"GYE
IJ",02.27,,0,03.05,,-,SZÉV Tartalék,Kondia B-640,SZÉV2019-0102 Igény - Heidenhain QAN-200U felújítás tartaléknak,"- 1 db NSK 6206TCG12P4
- 1 pár GMN S6208 C TXM A7 (ferdehatású, = NSK 7208CTRDULP3);",03.05. IJ: Ma bekerül
SZÉV2019-0103,0,"GYE
IJ
EG",03.01,,1,03.14,,M14328,Dendrit,MM-760,"csapágy
tányérrugó","3(+3) db 7012CTRSULP4
68(+68) db 10-00012545-00 tányérrugó 34.00 mm x 16.30 mm x 2.00 mm (din 2093 rugóacél)
03.06:főorsó elpostázva Losonczihoz köszörülésre;","03.13. EG
- csapágyak - már megkapta a SZÉV
- tányérrugók - a holnapi nap folyamán megkapja a SZÉV
- főorsó - utánanézünk, hogy nem került-e Taksonyba
03.14. SA: főorsó: Ma bekerül a SZÉV-be. 
03.14. EG: tányérrugó: beérkezett, ma bekerül a SZÉV-be"
SZÉV2019-0104,0,GYE,03.04,,0,03.04,,SZÉV,CNC Bakony Kft.,TNL-100AHD,nyomásmérő óra," telefonon jelzett hidraulika folyás oka az egyik nyomás mérő műszer meghibásodása.
Mellékletben küldöm az erről készült képet.","Nyomásmérő óra 60 bar , glicerines csillapítással, hátsó csatlakozással.
Skála:        0-60 bar
Pontosság:        1,6%
Óra átmérő:        63 mm
Menetes csatlakozó:        1/4"" BSP
03.04. SA: Ma bekerül"
SZÉV2019-0105,0,"GYE
IJ
EG",03.04,,0,03.18,,M17272,NCT Taksony,Kondia B-640,"csapágyak
tányérrugók
főorsó kúpköszörülés","2 db 7010CTRSULP4 vagy 1 pár 7010CTRDULP4, 
2 db 7012CTRSULP4 vagy 1 pár 7012CTRDULP4, 
62 db DIN 2093 31.50 mm x 16.30 mm x 2 mm

Megjegyzés1: a főorsó kúpot odatettem a Taksonyba asztalra!
Megjegyzés2: az eredeti csapágyak NTN 7010UCG/GNP4 és NTN 7012UCG/GNP4, csatoltam a képeket
Megjegyzés3: a főorsó menesztő diók közül az egyik törött, és a másik is sérült, cseréjük szükséges","03.18: BD: Megkaptuk a csapágyakat, tányérrugókat, kúpot, köszönjük!"
SZÉV2019-0106,0,IMP,03.05,,0,07.19,2019/000000616,M17244/P18031,Gamma Műszaki,MM-850,1 db Walrus TPHK2T3-3 szivattyú,"Megjegyzés1: az ügyfél gépén jelenleg Grundfos MTH2-30/3 vízszivattyú van, de kevesli a szivattyú által előállított víznyomást. Az ügyfél egy másik gépén egy Walrus TPHK2T3-3 szivattyú van, azzal meg van elégedve, így egy ugyanolyanra kér ajánlatot.
Megjegyzés2: katalógusi adatok alapján a Grundfos és a Walrus szivattyúk furatkörei és merülési mélységei megegyeznek.","04.08. EG: Tudomásom szerint nincs raktáron, de 03.15-én meg lett rendelve importból!
07.30. BD: beérkezett"
SZÉV2019-0107,0,"GYE
IJ",03.05,1,1,03.19,ok,,HAUNI,Helyzetfúró Célgép,csapágyak,"Igény: 4 db (vagy 2 pár) 7014UAD GNP4, 25°-os hatásvonalú csapágyakra árajánlat;
03.05. elküldve a főorsó Losonczinak köszörülésre;","03.05. IJ Fizetendő
03.22. EG: 03.19. beérkezett egyből a SZÉV-be"
SZÉV2019-0108,0,IMP,03.05,,0,04.08,,M16051,Goodwill Trade,TCS-2000DT,1 db Baruffaldi TBHMA-200 hajtott szerszám kuplungagy,"Gépépítő elem: revolverfej
Gyártója és típusa: Baruffaldi TBHMA-200 VDI40, hidraulikus, 12 helyes, hajtott szerszámos
Gyártási kód: K56.A020.2141C81.06
Azonosítószám: 13239/2016
Igény: árajánlatot és szállítási határidőt kérünk 1 db Kuplungagyra
03.06. Babett:Baruffaldi ajánlata mellékelve.425 Eurofeladás: 03.12.Mielőbb szóljatok, ha rendeljem meg.
kiajánlva az üf-nek;
03.11. üf még nem rendelte meg;
03.29. üf még nem rendelte meg;
04.03. üf megrendelte;",
SZÉV2019-0109,0,"GYE
EG",03.05,,0,04.12,,-,SZÉV Tartalék,-,1 db BEGA csapágylehúzó készlet,"Igény: 1 db BEGA Special Tools - 793100 Accessory set for BETEX HP 83

Megjegyzés1: 2019 januárban megrendelt BEGA Special Tools Betex 8 tonnás hidraulikus csapágylehúzóhoz szeretnénk megrendelni a hozzátartozó kiegészítő patkós lehúzó készletet. Csatoltam azt az árajánlatot, melyben a karmos hidraulikus lehúzó szerepel és ahonnan végül megrendeltük.
Megjegyzés2: Lehúzó készlet weboldala
Megjegyzés3: mivel sokat utazik a két telephely között a taksonyi patkós lehuzató készlet, így szeretnénk Smici műhelyébe is egy ilyen készletet.","03.22. Kisscsapágy - ÁRAJÁNLAT - SZÉV2019-0109 - BEGA csapágylehúzó készlet
03.29. Kisscsapágy - RENDELÉS - SZR201901238 - SZÉV2019-0109 - BEGA csapágylehúzó készlet"
SZÉV2019-0110,0,"GYE
EG",03.06,,0,03.06,,M14262,Bocz,Twin-65,biztonsági üveg,"Szia Tünde!

Kérlek rendeld meg Fenyvesitől SOS!
Jelezzünk vissza SZÉV-nek, hogy mikorra kerülhet be hozzájuk!

1 db 200371040 - Biztonsági üveg",03.06. SA: Beérkezett. Ma bekerült a SZÉV-be.
SZÉV2019-0111,0,"GYE
EG",03.06,1,0,,,-,SZÉV Tartalék,-,SZÉV2019-0111 Igény - Szerszámigény két új szervizes elektromos szerelő,,"06.19. EG: Ez beragadt nálam, kérem utaljuk el!

R166/2019        Eurowind Kft        71 270 Ft        RENDELÉS - SZERSZÁMOK - SZÉV2019-0111 - 26293 - AEG fúró-csavarozó        díjbekérő SOS        GYE - SZÉV"
SZÉV2019-0112,0,"GYE
IJ",03.06,1,0,03.20,,-,Kis Róbert Sándor EV,Tomill-160,Tomill-160 csapágyak,"Igény: 1 pár 7009 CTRDULP4, 1 db 7009CTRV1VSULP4
Csütörtökön (03.07.) Csizmadia Zolival egyeztetve, mi van kint raktáron","03.07. EG: Megrendelve, fizetendő.
RENDELÉS - SZR201900868 - SZÉV2019-0112 - Tomill 160 - orsócsapágyak
03.20. SA: Beérkezett Lóri viszi be"
SZÉV2019-0113,0,"GYE
EG",03.06,,0,03.13,,-,SZÉV Tartalék,-,Átmérő 4-es kúpos dörzsár,,
SZÉV2019-0114,1,IMP,03.06,,0,,,,SZÉV Tartalék,-,15db  21-00001048-00 Jeladó / Tamagawa TS5208N510/TTL/1024P/U/6P/LDOIH-48,"szállító:Bomatec;
Babett:Február közepén rendeltünk belőle 20 db-ot, sajnos májusra igazolta vissza.
Amit sikerült elérni nála, hogy 2 db-ot elküldjön március 22-én. Várható érkezés: márc. 25-26
Mellékelten visszaigazolása.
Tehát előbb sajnos nem lesz ilyenünk... (esetleg van kiváltó terméke?);
",
SZÉV2019-0115,0,"GYE
EG",03.07,,1,,,-,Esztergomi Szerszámgépgyár,MZP-3,"1 db 6310 ZZ C3, 1 db 6312 ZZ C3",,
SZÉV2019-0116,0,"GYE
EG",03.08,,1,,,M15089,Litze,Chiron,1 db 10-10005342-00 SMC SY5200-5U1 szelep,,"03.08. EG: RENDELÉS - SZÉV2019-0116 - M15089 CHIRON Fz-18W - Szelep
1 db Pneumatika / 5/2 mágnesszelep bistabil 24VDC (SY5200-5U1)
10 db Levegőcsatlakozó rögzítő csipesz (2000449944 számú rendelésben szállított szelepszigethez)
03.13. SA: Beérkezett a szelep, ma bekerül a SZÉV-be
EG: A csatlakozó rögzítő nem volt polcon sehol, 04.16-án várható a szállítás indítása!"
SZÉV2019-0117,0,IMP,03.01,,0,,,,DUNAFERR LABOR Nonprofit Kft,PSGS 4080AHR,"Igény: árajánlat
Megjegyzés: 
-tengelykapcsoló (hosszában elrepedt) part.no:SD5112A*
-fogasléc (elkopott a fogazás) part.no:SD2111A*","szállító:Proth
03.11.Edit:csatolva az ajanlat. Nem ertem, hogy miert mas alkatresz szamokra hivatkozik, megvaltoztak az alkatresszamok?? Visszakerdeztem.. 
Küldött képet, ellenőrizzétek légy szi' , hogy akkor ez kell -e, mert az alk. rész  száma már változott, az árajánlatukon más szerepelt, mint amire ti hivatkoztatok, ezért kérdeztem vissza, hogy biztos jót ajánlottak -e ki..Nézzétek meg a képet is..
03.29. árajánlat elküldve üf-nek;
04.02. megrendelte az üf->elindítottuk a rendelést;
04.10. feladta a szállító, TNT:165148462
04.17. megérkeztek, GLS-el kipostázva üf-nek",
SZÉV2019-0118,0,"GYE
EG",03.11,,0,03.19,,-,SZÉV Tartalék,-,Fejes Ati SZÉV Szerszámigény,,EG: 03.11. Megrendelve minden
SZÉV2019-0119,0,"GYE
IJ",03.12,,1,03.12,,M14181,Litze,EmR-1020D,Litze AiS100 (10 000 rpm?) főmotor felújítás,"1 pár GMN S6208 C TXM ABEC7 DUL, 1 db 6206 TCG 12P4, 1(+1) db fehér BM-D80 jelölésű kuplung kereszt","03.13. IJ: A tegnapi szállítmánnyal beküldve 5 készlet XCSE csapágykészlet,valamint   Litze n= 10000 1/p az eredetivel egyező régi csapágyazás."
SZÉV2019-0120,0,"GYE
SA",03.12,,0,ok,,-,Kis Róbert Sándor EV,Tomill-160,SZÉV2019-0120 Igény - 4-es kúpos csapszeg,,
SZÉV2019-0121,0,"GYE
SA",03.12,,0,04.18,2019/000000287,M11300,SONIMA KFT,EmL-1020D,"2db oldalajtó kilincs, 1db nyomásmérő óra",03.29 újra elküldve az igény..,"S.A. 2019/04/17 - A zárakat ma beküldöm.
A nyomásmérő órát nem tudom egyértelműen beazonosítani.
Vissza tudjuk ellenőrizni a csatolmány szerint?"
SZÉV2019-0122,0,"GYE
EG",03.13,,0,,???,,Santavecz Kft.,SLT,szíj,"Szükségünk van 2 db Optibelt RB PL1841 szíjra (1 db szíj 75,59 mm széles).","03.13. EG: megrendelve, Lóri hozza
03.18. Lóri behozta SZÉV-be"
SZÉV2019-0123,0,,18.11.09.,,,,ok,M14166,DiGép,HG-400,,"18.11.09. Szászi Dani:Átbeszéltem Endrődi Gáborral az átmeneti szerszámcserélő kar hibáját. Nem biztos, hogy a szelep cseréje megoldja a problémát. Kérlek, egy környékbeli szervízelés alkalmával szereljétek le az átmeneti szerszámcserélő karhoz tartozó munkahengert és küldjétek ki Taksonyba bevizsgálásra
2019.03.01. voltunk szervizelni és cserélték a szelepet...kimaradt kb.fél év levelezés :(",04.03. EG: Megadtam az árat
SZÉV2019-0124,0,,03.13,,1,,???,,Esztergomi Szerszámgépgyár,Deckel-MAHO 5100,Baumüller DS100 felújítás,1(+2) db 55x40x8 NBR 70 szimering,"03.18. Lóri behozta SZÉV-be
04.03. EG: megadtam az árat"
SZÉV2019-0125,0,"GYE
EG",03.14,,1,03.19,,M15086 ,Industriebedarf Krüger,HG-400 (V.)(006)HG-400 III PALETTA POOL,,"1 db láncterelő vas rajz szerinti gyártása

70046933-00 - Szerszámtár láncfeszítő.pdf","03.14. EG: Juhász - SOS RENDELÉS - SZR201901009 - SZÉV2019-0125 - M15086 HG-400 - Paletta pool láncfeszítő
03.19. EG: Ma megkapta Kovács Peti"
SZÉV2019-0126,0,IMP,11.26,2,0,,,M14244,Litze ,EmR-1020D ,"GSA CNC-200R körasztalhoz árajánlatot kérünk Worm wheel [04] és Worm shaft [16] alkatrészekre (MFG.NO: 15200R1316
MFG.DATE: 2015-03);","12.03. BD:Nekünk csak a csigatengelyre és legfőképpen a csigakerékre van szükségünk ennél a körasztalnál.
A gyártó által megadott worm shaft kit, ahogy látom, nem tartalmazza a csigakereket.

Pontos megnevezések:
- [4] Worm wheel - 2103440160000 - CNC170R-016-0-0
- [16] Worm shaft - 2103440150007 - CNC170R-015-0-7
12.06. Edit küldött árakat->kiajánlva üf-nek;
2019.02.28. megrendelt az üf;
03.04. Babett küldte a proformát,ha ezt elfogadjuk 30 nap mire legyártja, utána attól függ, hogy hajóval (35nap) vagy repülővel (5nap) hozzuk majd el.
03.05. AA: jöhet repülővel;
03.15. Babett:Alábbi SZÉV tétel feladásra kerül. Kérem szépen elutalni. (meg a másik GSA PI190225-01 / M18007 / CNC-170R / 2 703 is lehet majd lassan..)
04.23 megérkeztek az alkatrészek","03.15. Babett Fizetendő
PARTNER: GSA
SZÁMLASZÁM:PI190304-02
ÖSSZEG:1 957USD
FIZETÉSI HATÁRIDŐ:2019.03.18"
SZÉV2019-0127,1,LOG,03.18,,1,,,-,SZÉV Tartalék,AiS132,Újratekercselés - Dévaványa,,
SZÉV2019-0128,0,"GYE
EG",03.18,,1,03.19,,M15086 ,Industriebedarf Krüger,HG-400 (V.)(006)HG-400 III PALETTA POOL,paletta cserélő szelepek,"2 db 10-00003755-00,Tartalék / Hidraulika szelep revolverfejhez  DSG-01-3C4-A110-50
1 db 10-00003757-00,Tartalék / Hidraulika szelep revolverfejhez DSG-01-2D2-A110-50",03.19. EG: Ma megkapta Kovács Peti
SZÉV2019-0129,1,KE,03.18,,0,,,"M11288
M09006
M12085",Bíró Kft.,"1.KONDIA B640;CNM-001
2.EmL850CNC-15-CNM-005(07419)
3.AXA VSC1820-1-CNM-007(84335)
4.Chiron FZ-22L;CNM-006(17694111100)","2db LED-es lámpa (típus:GA 6983K LG158-10W;220-240VAC 50/60Hz); 
1db 6 kapcsolós Balluff kapcsolósáv homlok csavarozással;
1db 4 kapcsolós Euchner kapcsolósáv oldalsó csavarozással;
",,
SZÉV2019-0130,0,IMP,03.18,,0,,,M10169,Bionika,MM-760-5AX,"szállító:Buffalo
CEN03 kenőtáp tartálya külön kapható-e? Több helyen is jelezték, hogy csak maga a műanyag tartály sérült
","03.20. kaptunk árakat NCT-PI-108032003
Kiajánlva üf-nek;
Megrendelték->postázva",
SZÉV2019-0131,0,IMP,03.18,,0,,,M11159,Robot-X,GH-1440A,"szállító: NANTON
árajánlatot kérünk -07-34 Tool Post Pin, GB83-10x50 Tool Lock Screw ","03.20. Üf kéri, elindítottuk a beszerzést;
10-00037316-00 Tartalék / GH-1440 / Alkatrészek
04.03. megjött az alkatrész",
SZÉV2019-0132,0,"GYE
EG",03.18,,0,03.22,,M06079,Magyarmet Kft.,GD-5DT,SZR2019/01029 Z golyósorsó elküldve bevizsgálásra Szimikronhoz,,"03.19. EG: Ma lekerült a Szimikronhoz
03.22. EG: Elkészült, ma elhozza a SZÉV"
SZÉV2019-0133,0,IMP,03.19,,0,,,-,SZÉV Tartalék,Tomill,"szállító.:Slovtos
SZR2019/01033 10db szerszámtartó zseb",,
SZÉV2019-0134,0,"GYE
EG",03.19,,1,ok,,-,Berta Istvánné,EPA 320 dugattyú eszterga,,"1 db 500-5M b = 15 mm széles fogas szíj
1 db 420-T5 b = 10 mm (z=84 fog) széles fogas szíj 
2 db 6205 ZZ csapágy
1 db 90.00 mm x 4.50 mm O-gyűrű
1 db 5 mm x 30mm retesz","1 db 500-5M b = 15 mm széles fogas szíj - Raktáron. 10-00002478-00
1 db 420-T5 b = 10 mm (z=84 fog) széles fogas szíj - Megrendelve Power belttől. T542077ZA
2 db 6205 ZZ csapágy - Raktáron.
1 db 90.00 mm x 4.50 mm O-gyűrű  - Megrendelve - Plus&Roll
1 db 5 mm x 30mm retesz - Raktáron 5x5x30"
SZÉV2019-0135,0,"GYE
EG",03.19,1,1,03.21,,M14181,Litze,EmR-1020D,,"Forgócsatlakozó / Deublin (1109-020-188) forgócsatlakozó,20-00002158-00","03.20. EG: Megrendelve a helyes típus!
Spinex - SOS RENDELÉS - SZR201901056 - SZÉV2019-0135 - M14181 EmR-1020D - DEUBLIN 1109-023-212
03.22. EG: Tegnap beérkezett egyből a SZÉV-be"
SZÉV2019-0136,0,"GYE
EG
AKAI",03.20,,1,04.02,,-,Berta Istvánné,EPA 320 dugattyú eszterga,,"70045678-00 - Szijtarcsa-hajto
70045679-00 - Szijtarcsa-hajtott","03.22. EG: Megrendelve:

PowerBelt - BELSŐ RENDELÉS - ZR201901112 - SZÉV2019-0136 - Ovál eszterga szíjtárcsa
N+K - RENDELÉS - SZR201901113 - SZÉV2019-0136 - Szíjtárcsák átmunkálása
Csa-Ta - BELSŐ RENDELÉS - SZR201901114 - SZÉV2019-0136 - Szíjtárcsák vésése

Akai Gabi!

Kérlek írd bele a jegyzékbe a szíj hosszát és szélességét!"
SZÉV2019-0137,0,"GYE
EG",03.20,,1,03.21,,M020202,Bervina,Tomill-160,1db T5-255/10mm,1db T5-255/10mm,"PowerBelt - BELSŐ RENDELÉS - SZR201901086 - SZÉV2019-0137 - 1 db SZÉV M020202 Tomill-160; 1 db SZÉV raktár
03.21. Beérkezett egyből a SZÉV-be"
SZÉV2019-0138,0,"GYE
SA",03.21,,,OK,"???
03.29 Gina",M15247,HAJDU AUTOTECHNIKA IPARI ZRT,EmB-1600/40CNC(NCT202;M15247)(08091;M08223),Főorsó menesztő dió,SOS- főorsókúp: SK40,"EG: DIN69872 szerszámtartóhoz, tehát nem BT-s!"
SZÉV2019-0139,0,"GYE
SA",03.22,,1,03.25,,M11357,Magyarmet Kft.,Gildemeister GD-5DT,,"1(+1) db átmérő 10 mm x 70 mm kúpos illesztő szeg
1(+1) db 40x52x7 szimering",
SZÉV2019-0140,0,IMP,03.25,,0,01.28,,,Dr. Varga EV,Selica SC32,"""X"" golyósorsó","szállító:Selica
1 db ""X"" golyósorsóra ÁA és mihamarabbi szállítási határidő
03.26. BD:Igény: 2 db ""X"" és 1 db ""Z"" golyósorsóra ÁA és mihamarabbi szállítási határidő
04.08 Edit küldött árakat (SELO-190408AR1)",Beérkezett a 2 db X és 1 db Z golyósorsó
SZÉV2019-0141,1,IMP,02.19,1,0,,,M13061/M15206?,SPH PLUSZ KFT.,MM-760,"beszállító:Buffalo
Árajánlatot kérnek esernyős tár tárcsa cserére. 10-00009562-00 Szerszámtár tárcsa L4C16-B0 16T DIN#40 (Spare / MM-430 / Tool changer disc L4C16-B0 16T DIN#40)","03.21. EG:Van raktáron gépről leszerelt tár, ha elfogadta az ügyfél az árajánlatot, beküldjük a komplett tárat szétszerelésre, utána ha visszapótoljátok importból a tárcsát akkor jöhet vissza!
03.25. EG:Ma bekerült Fogarasira (03.06-án beszereltük az üf-nek)
Edit küldte az árat (PI 108022002 NCT-B-19-303)
SZE:Megrendelve, ha aktuálissá válik, akkor sürgetni kell a pénzügyet, hogy fizessen. Előre fizetéses...10 nap legyártani!
",
SZÉV2019-0142,0,GYE,03.26,,0,,,,Dr. Varga EV,SC-32,"SC-32 X golyósorsó összeszerelése, bevizsgálása","SZR2019/01163 Szimikronhoz küldjük GLS-el
03.28. visszajött a javított golyósorsó",
SZÉV2019-0143,0,GYE,03.27,,1,,ok,,Manz Automation Hungary,,Rotex kuplung,,"03.27. SA:Elkészült a kuplung.Kitettem az asztalra. holnap bekerül.
GS24/28 
L=74 mm helyett 76,5mm
D=55 mm
d1=20 mm
d2= 19 mm
03.28. kipostázva Berettyóba Fejes Attinak (Gina)
04.03. EG: Megadtam az árakat"
SZÉV2019-0144,0,,03.27,,0,,,-,MWT Technology Kft.,-,1db levegő pisztoly,Kanczler Gergő kérése,
SZÉV2019-0145,0,IMP,03.27,,1,,,,Plastic-Form Kft.,,3 db 576-8YU-26 szíjra (72 fogú). 1 db SOS!,"04.02. SZE:Kifizettük most, holnap feladják TNT  Expressel
04.03. TNT nyomkövetési:163294272",
SZÉV2019-0146,0,GYE,03.28,,0,,OK,-,Turnings Kft.,SC-32,"1db főorsó szíj, 920-80-24mm","Telefonon lett előzetesen jelentve, Adrián megnézi, hogy milyen szélességű szíj kell pontosan;",
SZÉV2019-0147,0,"GYE
IJ",03.28,,,04.04,,,,HG-400,,"Szerszámcserélő javítása:
- Szerszámcserélő agy fémszóratása és köszörülése","04.01. Rotima - RENDELÉS - SZR201901245 - SZÉV2019-0147 - HG-400 - Szerszámcserélő agy javítása
04.04. EG: Elkészült, ma bekerül a SZÉV-be"
SZÉV2019-0148,1,LOG,03.28,,0,,,-,Berta Istvánné,EPA-320 ovál eszterga,1 db A3-54-30-EH/4096-Z1,,
SZÉV2019-0149,0,GYE,03.28,,0,,2019/000000236,M12317,First-Tech Kft.,TB-20YAMS,1db 10-00027790-00 RC8 meghúzó,,
SZÉV2019-0150,1,IMP,03.28,,,,,M16268,Bocz,KMC-5135,"fej problémák;
megoldási javaslat, és gépkönyv a hosszabbító és az univerzális fejről is.
","SZE:Szia! próbáld meg légy szi úgy fogalmazni, hogy le is tudjam fordítani és megértsék.. 
Picit műszakilag pontosabb, mert ez a műszaki zsargonnal nem tudok mit kezdeni, mivel nem vagyok műszaki végzettségű így nem tudom mire célzol..

Ha ez a mondatot lefordítom szó szerint angolra  ""A főorsóban benne maradt 0,015mm. "" akkor annak semmi értelme nem lesz műszakilag angolul.
Kiemelés, leültetés mit jelent? Írd körül légy szíves.. Köszi
",
SZÉV2019-0151,0,GYE,03.29,,1,,2019/000000284,-,EPTECH,Tomill-280,esernyős tár mozgató szelep,-,S.A: 2019/04/17 bekerülnek  a szükséges tételek - Raktárközi: 2019/000000284
SZÉV2019-0152,0,GYE,03.29,,0,,,M15318,SZÉV Tartalék,HG-400III,,"3 db 35x40 ringfeeder
2 db 32x36 ringfeeder
1 db NTN KRX 15x30x40PXI
1 db NTN KRX 12x22x34.5PXI

- az ötvényházat és burkolatokat kiküldtem Taksonyba újrafestésre. Ami kint Taksonyban használatos gépfehér szín van a fényezőknél, az jó lesz.","02.22. Plusz&Roll - SOS RENDELÉS - SZÉV2019-0086 - HG-400 - csapágyak - Rákérdezni
04.08. EG: Ma bekerül a SZÉV-be:
3 db 35x40 ringfeeder
2 db 32x36 ringfeeder
1 db NTN KRX 12x22x34.5PXI  

Még beszerzés alatt van:
1 db NTN KRX 15x30x40PXI
S.A. 2019/04/17 beérkezett a hátralék és be is került."
SZÉV2019-0153,0,GYE,03.29,,0,,,-,Vörös Ipari,-,4 db 20 baros szűrőbetét,10-00001468-00 HYP.PFH152N8S310MB7V-Q320503 (HY-PRO HP152NL8-10 MB),
SZÉV2019-0154,0,SZÉV,03.29,,1,ok,,M020202,Bervina,Tomill-160-2,esernyős szerszámtár munkahenger,Slovtostól megrendelve,
SZÉV2019-0155,1,IMP,03.29,,0,,,M04033,IRUM S.A,K-HM1060,"Árajánlat kellene új ""X"" golyósorsóra, illetve ""Y"" kocsikra és vezetékvédő koszlehúzókra",,
SZÉV2019-0156,0,GYE,04.01,,1,04.04,,M16089,PEMÜ Zrt,Hurco,X-tengely szíj Megadyne 420-RFP5-35,,"04.04. Rolling-tól megrendelve
10-10005286-00 Szíj / RPP5/420/35 mm fogazott szíj Megadyne"
SZÉV2019-0157,1,IMP,03.29,,0,,,M12061,Petrus,BNC-1800P,íves ablak,"szállító:Buffalo
megrendelve 2db L-5904-00102 Safety Glass PC6 (535x495x17.5mm-R987.5) ablak
LR:Beszéltem Petrus Úrral, ráér neki a következő gépszállítmánnyal, nem szükséges bereptetni, tudják használni a gépet.
Az ajánlatban lévő 2 db-ot kérjük (NCT-PI-107122004).
",
SZÉV2019-0158,0,GYE,04.01,,0,04.08,,,SZÉV Tartalék,HPB VM132L,SOS SZÉV2019-0158 Igény - HPB VM132L motor jeladózás ,"Igény: 1 db jeladó csap és forgórész tengelyvég átmunkálása rajzi utasítás szerint

Rajzok elérési útvonala:
\\10.0.3.241\gépészet\SZÉV\70046940-00 - M15124 Dal tim  HPB VM132L főmotor tengely öá\Rajzok\","04.02. For-Tech - RENDELÉS - SZR201901278 - M15124 - HPB VM132L - Főmotor tengely öá. - Motor tengely átm. és jeladó tartó
04.08. SA: Beérkezett, ma bekerül a SZÉV-be"
SZÉV2019-0159,X,IMP,04.02,,0,,,M16097,Metal Grinding,BNC-446,"SZÉV2019-0159 IMPORT Igény - BNC-446 ""X"" szán szíjtárcsák és szíj","szállító:Buffalo
Igény: Árajánlat és szállítási határidő 1 db HTD-P27-5M-20 szíjtárcsa*, 1 db Fagor motorszíjtárcsa**, 1 db 475-5M-20 szíj*** 

Megjegyzés: mellékeltem a gyári robbantott ábrát, (lásd: MP-446 Spare Parts X pulley.pdf) és alkatrészjegyzéket, mely alapján az alkatrészek megnevezése:
*46. E-ARNF-51009-01 - HTD-P27-5M-20(Fagor)
**47. E-ARNF-51011-01 - Fagor
***48. L-0902-00028 - HTD-475-5M-20(Fagor)
04.03. kaptunk árakat Edittől - NCT05002 MP446 161121351 NCT-PI-108040311
üf-nek kiajánlva (A2019_01195)
04.08. nem kéri az üf",
SZÉV2019-0160,0,GYE,04.02,,1,04.05,,M16301,Csaba-Metál,HTL-52,SZÉV2019-0160 Igény - Microcut HTL-52 szegnyereg,"Igény: tételesen, O-gyűrűk, NBR 70
1(+1) db G30 (29.40 mm x 3.10 mm)  
2 db G50 (49.40 mm x 3.10 mm)
1(+1) db P26 (25.70 mm x 3.50 mm)  
2 db P30 (29.70 mm x 3.50 mm)
1(+1) db P38 (37.70 mm x 3.50 mm)
1(+1) db P49 (48.70 mm x 3.50 mm)  
2 db P90 (89.60 mm x 5.70 mm)

Megjegyzés: ezek az O-gyűrűk a gyári Parts List-ben szerepelnek a Szegnyeregnél. Annak az alsó felébe kellenek.","04.03. Plusz&Roll - RENDELÉS - SZÉV2019-0160 - M16301 HTL-52 - Szegnyereg o-gyűrűk, 04.04. nap végére várhatók"
SZÉV2019-0161,0,GYE,04.02,,1,04.10,,M15268,MST,EmR-1304B,SZR201901285 Spinexhez elküldve a főorsó javításra;,,"04.09. EG: Elkészült, feladják futárral., Kérünk mérési jegyzőkönyvet."
SZÉV2019-0162,1,KE,04.02,,0,,,-,Esztergomi Szerszámgépgyár,-,"30m, 12eres TTL mérőrendszer kábel",,
SZÉV2019-0163,0,IMP,04.03,,0,04.23,,M15268,MST Engineering,EmR-1304B,SZÉV2019-0163 IMPORT Igény - Royal SK40 (10 000 rpm) szíjas főorsó,csak árat szerettünk volna tudni: 2800 USD + TNT,
SZÉV2019-0164,1,KE,04.02,,0,,,-,KM CNC,-,3db Balluff BNS 819-B02-D12-61-12-10 végálláskapcsoló,,
SZÉV2019-0165,0,IMP,04.03,,0,05.08,,M10336 ,Bíró Kft. ,Jinn-Fa JSL-32AB /Protur 2x2/,"szállító:Jinnfa
hajtott szerszámos csomag
04.09. Edit küldött árakat",,
SZÉV2019-0166,1,"GYE
EG",04.03,,0,,,M08100,Le Bélier,WHN-9B,energiavezető,"Szeptemberben cseréltük, garos, javítható? ha nem, akkor kérünk egy újat.","04.08. EG: Mit csináltunk vele szeptemberben?
Csak 1-2 elemet cseréltünk?
Lehet, hogy nagyon feszül...
Lehet meg kellen próbálni feljebb szerelni 50-100 mm-t
04.10. EG: Szerintem elemeket és szegecseket kell adnunk és meg kell vizsgálni, hogy nem feszül-e meg túlzottan.
11.15. Akai Gabi újra tervezi, hogy ne legyen hasa az energiavezetőnek"
SZÉV2019-0167,X,GYE,04.03,,0,,,,NC Gép,TNL,TNL munkadarab elszállító konvejor hajtómű,"Importból elindítva, lásd 2019-0194 (BD)",
SZÉV2019-0168,0,IMP,04.05,,0,,,,SZL Technik,EmR1300B,1db UNITTA 960-8YU (30mm?),"04.08. Taksonyban nincs;
Importtól igényelve;",
SZÉV2019-0169,0,IMP,04.05,,0,,,-,SZÉV tartalék,SC-32,2db UNITTA 960-8YU,"04.08. Taksonyban nincs;
Importtól igényelve;","04.05. GA:nincs raktáron ilyen szíj
05.06. Lóri behozta a szíjakat SZÉV-be;"
SZÉV2019-0170,0,IMP,04.05,,0,06.13,,M13289,K-Kart,TMV-1050A-II,SZÉV2019-0170 IMPORT Igény - TMV-1050 tár induktív tárcsa,"Igény: RAJZ a következő tételekről:
1 pc [13] MR4AK0008A05 Dog(I)
1 pc [23] MR4AK0020A03 Spacer Bush
1 pc [24] MR4AK0023A05 Limit Switch Seat",
SZÉV2019-0171,1,IMP,04.05,1,1,,,M18090,MWT Technology Kft.,JCL-60TSM,"rúdadagolónál kimaradt a 18,5-es rúdanyaghoz való csipesz->Babett megigényelte M25 lft 18.5 finger chuck / MWT / M18090;","szállító:Barload
04.08. Feladták a csipeszt TNT-vel. Délután már fog látszódni a keresőben is. AWB no: GD 807 510 570 WW.",
SZÉV2019-0172,0,GYE,04.05,,,,,M12002,TS HUNGÁRIA KFT,VL-100C-karusszel,Jeladó kuplung,"Külső átmérő 20, hossz 25/26, egyik végén a furat átmérő 8, másik végén a furat 10mm","Igény:
Külső átmérő 20, hossz 25/26, egyik végén a furat átmérő 8, másik végén a furat 10mm

Nincs raktáron megfelelő.
Kérlek rendelj a Bervinától 3db NAC-4 tengelykapcsolót.
1db SZÉV2019-0172 TS Hungária , 2db Raktár.

Ilyen van raktáron:
D: 25, L: 27,5, d1: 6,5, d2: 5mm

04.12:
Megrendelve

Bervina - RENDELÉS - SZR201901421 - SZÉV2019-0172 - NAC-4 tengelykapcsolók"
SZÉV2019-0173,0,IMP,04.08,,0,05.31,,M14045 (M12360),PEMÜ Zrt,Hurco VMC-40 (BMC-4020HT),SZÉV2019-0173 IMPORT Igény - Hurco BMC-4020HT/M,X tengely csapágyak típusok?,"04.10. EG: Szerintem SKF BSD3572 CGA_S
04.15. Babett:Hurco azt mondja, Mi nem kérhetünk alkatrészt se infot, csak a gép tulajdonosa. Ez a gép már a miénk? Megvettük? akkor arról kéne vmi, hogy igazolni tudjam. 
05.13. kaptunk árakat a beszállítótól"
SZÉV2019-0174,0,GYE,04.09,,0,04.27,,,SZÉV tartalék,SMART-42,6 db 3V-670 szíj,,"S.A. Rendelés alatt 04/17
SA 04.27. : ma berekül"
SZÉV2019-0175,0,GYE,04.10,,,,,,SZÉV,,Járató hidraulika,"- hidraulika egység
- kézi útváltó
- tömlők
- fittingek
- görgős kocsi","Komplett TNL tápegység már a SZÉV-ben

Fittingeket és tömlőt még kell beküldeni!

06.19. EG: 
Ezen már túl vagyunk, bekerült egy TNL tápegység szelepekkel, mindennel, bekötötte a SZÉV kapcsolódobozba, kapcsolókkal, fittingeket és tömlőket kaptak hozzá.

Műanyag dugók vannak hozzá?"
SZÉV2019-0176,0,GYE,04.10,,0,,2019/000000283,,Székely Hungária (SZL Technik),,10 méter slepp tömítés,,S.A: 2019/04/18. bekerül 10m vezetéktörlő. Raktárközi: 2019/000000283
SZÉV2019-0177,0,"GYE
EG",04.10,,0,10.01,,-,SZÉV,-,SZÉV2019-0177 Igény - Smici szerszámigény 04.10.,"Csatoltam az Excel táblát, lásd 2019.04.10. SZÉV Szerszámos igény.xlsx, amiben szereplő 2 tételt szeretnénk Smici műhelyébe megrendelni.",
SZÉV2019-0178,0,GYE,04.11,,0,,,M15268,MST Engineering,EmR-1304B,SZÉV2019-0178 Igény - EmR-1304B főorsó felújítás,"- Csapágyak: 4 db (vagy 2 pár) HS7014-C-T-P4S-UL vagy ezzel ekvivalens
- Tányérrugók: 58 db 40x20,50x2,50 DIN 2093 rugóacél
BEJÖTT:
- 1 db Royal SK40 szerszám megfogó csipesz (ha van Taksonyban)","05.27. BD:Minden beérkezett, köszönjük!"
SZÉV2019-0179,0,"GYE
EG",04.11,,0,,,,SZÉV,,JSL-20 és JSL-32 fő- és ellenorsó jeladó fogaskerekek Lenord-Bauer átjeladózáshoz,,"FÉMÓ - RENDELÉS - SZR201901948 - JSL-20, JSL-32 - Jeladó fogaskerekek"
SZÉV2019-0180,0,IMP,04.11,,0,06.24,,M16104,Plastic-Form,KAFO KFO-620-5AX,SZÉV2019-0180 IMPORT Igény - KAFO KFO-620-5AX körasztal szíjtárcsák,"szállító:Kafo
Igény: Árajánlat és szállítási határidő 3 db garnitúra [50] 576-8YU-25 és [51] 784-8YU-37 szíjakhoz tartozó szíjtárcsákra
04.17. kaptunk ÁA-t  (NCT PI190417-1)
BD:Azt szeretném kérdezni (a KAFO-tól), hogy az ajánlatban szereplő szíjtárcsák párban értendőek vagy csak két különbözőről van szó? (Szíjanként 2-2 db szükséges, mert hajtott + meghajtott van).
05.29. kaptunk ÁA-t;
BD:A következőképp szeretnénk módosítani a mennyiségeket (az ajánlatban szereplő megnevezések szerint):

1. Pulley set for belt 576-8YU-25 (axial rotation) - 2 sets
2. Pulley set for belt 784-8YU-25 (axial tilting) - 1 set

Express szállítást NEM kérünk.",
SZÉV2019-0181,X,IMP,04.11,,1,,,M16054,Schmied-Technik,TCS-2500LDT,SZTORNÓ,,
SZÉV2019-0182,X,x,04.11,,1,,,M16054,Schmied-Technik,TCS-2500LDT,Munkadarab elkapó tengely,"Az Ügyfél gépén ismét eltört a munkadarab elkapó közlő tengelye. Azzal a kérdéssel (is) fordult hozzánk, hogy létezik-e már újabb verzió ebből a konstrukcióból?",Nincs GYE anyagigény - 2019/04/17 S.A.
SZÉV2019-0183,0,GYE,04.12,,0,,,M18155,METÁL-CNC 2000,EmL-1020B 5TT-K,"""Y""  teleszkópos burkolat",SOS-gépállás van,"S.A. 2019/04/17  -M18124 DuóVill Kft. EmR-1020-5TTA gépről leszerelve. Várjuk a sérült vezetékvédőt Taksonyba. 
05.15. Már elhoztuk az ügyféltől, már beérkezet t Revi-től felújítva, fel lett szerelve a DuóVill gépre
ÚJ FÉLE MANFORD vezetékvédő törlőt rendelni RAKTÁRRA!!!!"
SZÉV2019-0184,0,GYE,04.12,,0,04.17,???,,Hantech,TNL-100A,Hidraulika tápegység kompletten és tartományváltó pneumatikus szelepe,,04.17. bekerült . Áttárolást kérünk! CSZ
SZÉV2019-0185,1,IMP,04.15,,0,,,M18077/P18056,MSG Kft.,LA-560,Részletes rajzok,,
SZÉV2019-0186,0,GYE,04.15,,0,04.24,,-,SZÉV,BA-150L revfej,,,04.24. BD Beérkezett
SZÉV2019-0187,0,IMP,04.15,,0,06.19,,M10143,FMF,EmB-1104G,24V 5/2 bistabil pneumatikus szelep nyomásfokozóhoz,"Igény: 1 db SMC 24VDC 1/4"" 5/2 bistabil mágnesszelep Hinaka nyomásfokozó munkahengerhez, 2 db 24VDC elektromos csatlakozó dugó DIN 43650 LED-del, túláram védelemmel
Igény2: 1 db Hinaka DAL-50M40-00","05.15. SMC szelep már OK, Hinaka munkahenger Taksony? Ha nincs akkor Import!
05.30. EG Kértem 3 helyről ÁRAJÁNLAT-ot, de egyik sem tudja ugyan azt adni!

SMC - ÁRAJÁNLAT - SZÉV2019-0187 - EmB-1104G munkahenger (S)
Iramko - ÁRAJÁNLAT - SZÉV2019-0187 - EmB-1104G munkahenger (I)
Haffner - ÁRAJÁNLAT - SZÉV2019-0187 - EmB-1104G munkahenger (H)
06.19. EG: A megbeszéltek szerint ezt importból kell behozatni, mert minedegyik kiváltó különbözik valamelyik csatlakozó méretben és nem tudjuk megmondani, hogy melyik lehet jó!

Kérjük be IMPORT-ból!"
SZÉV2019-0188,0,GYE,04.15,,0,,2019/000000285,M12071,Metarad,VD-510,komplett levegőelőkészítő,,S.A: 2019/04/18. bekerül egy levegő előkészítő szerelvényekkel - Raktárközi: 2019/000000285
SZÉV2019-0189,0,IMP,04.15,,0,,,M09033,CONSYSTECH GMBH MO-i FIÓKTELEPE {Babits},JSL-32AB,"1 db leszúrásőr, 1 db pneumatikus munkahenger, csatlakozások","Igény: 1 pc Cut Off Inspection for JSL-20AB, 1 pc Pneumatic Cylinder, 1 pc Connector (180°), 1 pc Connector (90°)

Alkatrészek megnevezése korábbi árajánlatok alapján:
- 20AT0004 Cut Off Inspection for JSL-20A
- M03030068 Pneumatic Cylinder (MCMJ-11-10-20M-R)
- M03080045 Connector (180°)
- M03080046 Connector (90°)",
SZÉV2019-0190,0,GYE,04.15,,0,,2019/000000286,,HTM,EEN-400,3 db X-tengely szíj: 800-8M-23,"1 db HTM, 2 db SZÉV tartalék",S.A. 2019/04/18 Bekerül 3db szíj.
SZÉV2019-0191,0,IMP,04.17,,0,07.09,,M12071,METARAD,VD-510S/1,Royal 20.000 rpm főorsó  javítás,"Gépgyártó: Manford
Gépmodell: VD-510S
Gyári szám: 1001218
Gépépítőelem: Royal 20.000 rpm főorsó (without CTS)
Gépépítőelem gyári száma: 161258
Igény: gyári rajz a főorsóról alkatrész berendeléshez

Megjegyzés1: csatoltam képeket a főorsóról és annak gyári számáról
Megjegyzés2: a főorsó végén található egy csap, ami eltörött. Abból szeretnénk berendelni, viszont nekünk nincs olyan rajzunk, amin ez látszódna, ezért kérnénk olyan rajzot, amin ez látszik.
Megjegyzés3: csatoltam egy rajzot, amin jelöltem, hová tartozna a törött csap, de mivel ehhez a fajta főorsóhoz nincs rajzunk, egy másikén tudom csak megmutatni.
Megjegyzés4: ha méretekre lenne szüksége a Manfordnak, akkor tudunk küldeni.",SZÉV2020-0141
SZÉV2019-0192,1,IMP,04.17,,0,,,M04252,Grundfos,MCD-3000,Grundfos MCD-3000 részleges felújítás,"Igény1: (először) Árajánlat tételesen az alábbiakra:

Ipari szilikon / PVC függönyök a következő paraméterek szerint (ill. lásd képen)
- 2 db 560 mm x 360 mm x 4 mm (szélesség x magasság x vastagság)
kisebb szalagokra behasítva, méretek: 120 mm x 65 mm (hossz x szélesség)
- 1 db 500 mm x 340 mm x 4 mm
szalagok mérete: 120 mm x 65 mm
- 1 db 1840 mm x 570 mm x 2 mm
szalagok mérete: 330 mm x 35 mm

Ajtósín- és görgő rendszer - ROLLON TLV-18
- 1 db 900 mm hosszú vezetékkészlet
- 1 db 980 mm hoszzú vezetékkészlet

Megjegyzés1: csatoltam helyszíni méretekkel ellátott képeket, melyeken látszanak a függönyök és rajtuk a hasítások, továbbá látszik az ajtósín, annak gyártója és típusa. Az ajtósíneket vezetékestül, görgőstül cserélni kellene.

Megjegyzés2: A felsorolt anyagokra és a gép erre vonatkozó felújítására az Ügyfél először árajánlatot szeretne kérni.

05.29. CsZ: Sziasztok, ez hol akadt el ennyire? Egy hónapja vár az Ügyfél és már nagyon dühös. Kérlek amennyiben lehet vegyétek előre.
","04.29.
Igény1: még aktuális.
Igény2: import felé megy egy levél"
SZÉV2019-0193,0,Babett,04.17,,0,07.04,,M07129,Bombardier,CME FS-6,Szögfej fogaskerék felújító készlet,"Igény: először árajánlat szögfej fogaskerék felújító készletre 

Megjegyzés: A2018_03535_Bombardier_CME-FS-6(424,M07129) NCT104 - szögfej javító készlet.pdf árajánlatra hivatkozva szeretnénk új árajánlatot kiállítani az ügyfél számára. Csatoltam az árajánlatot és a képeket az alkatrészekről.
05.29. kaptunk ajálatot",
SZÉV2019-0194,1,IMP,04.23,,1,,,,NC Gép,TNL,Sesame mdb. kihordó konvejor motor + hajtóműve,"Igény: 1(+1) db Sesame 4IK25GN-Sts motor, 1(+1) db Sesame 4GN60KE vagy G-4N60-K

Motor egyedi azonosítója: EK11-030160-004
Hajtómű egyedi azonosítója: EK10-030162-002",
SZÉV2019-0195,0,GYE,04.24,,1,ok,,M12145,Inconex,VL-86H,főhajtás szíj,5V-1180,Volt szíj a SZÉV-ben
SZÉV2019-0196,0,GYE,04.24,,0,,,M15318,SZÉV,HG-400III,1 db Bronz gyűrű,"SZÉV2019-0152 Igény - HG400 szerszámcserélőkar-forgató felújításhoz tartozó alkatrész
70045744-00 - Bronz-gyuru
70045745-00 - Megvezeto-gyuru-oa
05.29. BD:Minden beérkezett, köszönjük!","05.15. EG: RADICS???
SuperSeal tömítés már beérkezett"
SZÉV2019-0197,0,GYE,04.29,,0,05.31,,M18132,RAABterv,BNC-446,,hűtőfolyadékot terelő lemezek (Gamma Mechanikánál használt készlet),"05.15. GYE Taksonyban, festeni kell"
SZÉV2019-0198,0,GYE,04.29,,0,05.07,,M12138,Tamáska Gyula EV,CHMER A422S CNC-Huzalszikra,1 db Víznyomásmérő óra,"Mérési tartomány: 0-35 psi, csőcsatlakozás: 1/2"", d = 63mm D = 71.5mm",
SZÉV2019-0199,0,,04.30,,0,,1db-ról kell áttárolás,-,Tobroco / Szév,-,"2db 10-00001512-00
Szűrő / Komplett szűrőház 8 bar hűtőkörökre",05.02. KG:1db-ot taksonyi raktárról tároltam ki,
SZÉV2019-0200,0,,05.02,,0,05.02,,M14230,Bíró Kft. ,TCS-2500LDT,1 db TCS-2500LDT HPB VM132S főmotor szíjtárcsa,"Igény: 1 db mellékelt rajz és kép szerinti 11M profilú szíjtárcsa HPB VM132S főmotorra

Megjegyzés: gyári szíjtárcsára van szükségünk, mert az eredetinek túl nagy az ütése és a rezonancia kikezdte a furatát.",
SZÉV2019-0201,0,IMP,05.02,,0,,,M14230,Bíró Kft. ,TCS-2500LDT,A2-8 Főorsó csapágytípusok,Igény: részletes parts list (az egész gépről) és főorsó csapágyak pontos típusa,
SZÉV2019-0202,X,SZÉV,05.03,,0,,,M14230,Bíró Kft. ,TCS-2500LDT,TCS-2500LDT főorsó átcsapágyazás,"Gépépítőelem: 3500 rpm Ø130 A2-8 tokmánnyal szerelt főorsó 
Igény: ÁRAJÁNLAT a következő csapágytípusokra (vagy egyéb megegyezőre):
- 1 db NN3024-AS-K-M-SP
- 1 db NN3026-AS-K-M-SP
- 1 db 130BTR10STYNDBLP4A","05.07. BD: Szia Józsi!
Köszönöm, hogy bekérted az árajánlatokat! Egyelőre még nem kérte az ügyfél a főorsó átcsapágyazását, ezért nem rendeljük meg a csapágyakat."
SZÉV2019-0203,0,IMP,05.03,,0,,,M13049,MST Engineering,VMC-1600F (EmB-1604B),Manford VH-1600 Royal főorsó csapágytípus,"Gépgyártó: Manford
Gépmodell: VH-1600
Gép gyáriszám: 1200015
Gépépítőelem: Royal 10 000 rpm főorsó SK40
Főorsó gyári száma: 164569
Igény: részletes parts list és csapágytípusok 
",
SZÉV2019-0204,0,SZÉV,05.07,,0,,,M13049,MST Engineering,VMC-1600F (EmB-1604B),Főorsó felújítás,"Igény: Árajánlat 4 db FAG HS-7014-CT-P4-SUL csapágyra

Megjegyzés: Ügyfél számára kell árajánlatot küldenünk, ahhoz szükséges tudnunk a csapágyak árát","05.09. Szia Józsi!
Köszi!

Zoli, kiajánlod kérlek az Ügyfélnek az orsó felújítást? 
Csapágy ára:  59091,- Huf/ db (2 pár)
Az orsóhoz 2 pár FAG HS-7014-CT-P4-SUL kell, vagy lásd a csatolt árajánlatban."
SZÉV2019-0205,0,GYE,05.07,,0,05.30,,M030048,Ecomatic (Gi-Flex),Kondia HM-1060,Kondia HM-1060 főorsó javítás,"Gépépítőelem: 12.000 rpm direkt hajtásos főorsó
Igény: tételesen a következők
2 db T7012SCTSULP3 (kerámiagolyós) - 12.000 rpm (vagy ezzel megegyező)
2 db T7014SCTSULP3 (kerámiagolyós) - 12.000 rpm (vagy ezzel megegyező)
56 db 31,50x16,30x2 DIN2093 rugóacél tányérrugó","05.08. tányérrugó beérkezett Taksony
05.15. Csapágy? IJ?
Spinex: SZR201901756  Mikorra? EG"
SZÉV2019-0206,0,GYE,05.08,,,06.17,,M15328,JE-ZO,EEN-630/2000,golyósorsó védő spirál,SOS,"05.09. Figra - AJÁNLATKÉRÉS-SZÉV2019-0206 Fwd: JE-ZO Kft
05.16. Figra - RENDELÉS - SZR201901873 - SZÉV2019-0206 - Golyósorsó védő spirál
Várható érkezés 06.24. héten
06.17. Beérkezett, megy be a SZÉV-be"
SZÉV2019-0207,0,GYE,05.09,1,1,05.22,,M16233,SB-Mill Kft.,LT-52 (BNC-446),LT-52 főorsó átcsapágyazás,"Igény: Árajánlat 1 pár 7020-AD-G/GNP4X, 1 db NN3018 T2KP4 csapágyakra
Megjegyzés2: az orsó max fordulatszáma 5000 1/min","05.14. - Megrendelve Tral Trade - SZR201901835 - SZÉV2019-0207 LT-52 - Főorsó átcsapágyazás
FIZETENDŐ - 14/VTELB/2019 - Tral Trade - 1 079,50 EUR"
SZÉV2019-0208,1,IMP,05.13,,0,,,M11159,Robot-X,SHEM,"árajánlatot kérünk ""gib"" - ékléc; megjegyzés: csatolva gépkönyv 54 tételről lenne szó",05.13. Kozma Kitti:15 USD + szállítási költség,
SZÉV2019-0209,0,GYE,05.13,,0,05.14,,M14244,Litze,GSA CNC-200R,GSA CNC-200R nyomáskapcsoló,Igény: 1 db SMC levegő nyomáskapcsoló,
SZÉV2019-0210,0,IMP,05.13,,0,06.20,,M05043,Hantech,TNL-100A,Topper TNL-100A munkatérbeli védőburkolat,"Topper TNL-100A Machine no: 15617 gyártási idő: 2005/02
Igény: Árajánlat 1 db munkatérben lévő, szegnyereg mögött található redőnyös szerkezetű védőburkolatra
05.29. üf megrendelte, elindítottuk a beszerzését;
06.20. beérkezett",
SZÉV2019-0211,1,ERIKA,05.14,,0,,,-,SZÉV,-,"2db 20-00004995-00 Ajtókapcsoló / Omron D4SL-N4AFA biztonsági ajtóretesz
2db 20-00004997-00 Ajtókapcsoló / Omron D4SL-NK1 ajtóretesz nyelv egyenes",,
SZÉV2019-0212,0,,05.15,,0,05.30,,-,SZÉV,-,Dübel és fakötésű alátét,"Igény: 2 doboz (2x25) M12x145 / 50 betondübel csavar, 30 db Ø16-os fakötésű alátét",05.27. Hátralék: 1 csomagolási egység (50 db) M12x145-ös 8.8-as acél alapcsavar 
SZÉV2019-0213,0,IMP,05.15,,0,06.07,,M14218,Magyarmet,VD-510S,"1 db ""Z"" harmónika védőburkolat, mellékelt rajzon [14] VD510-H012 - Z way scales cover","Kozma Kitti:megváltozott az alkatrész neve, de a méretei nem változtak. Küldtek rajzot róluk, kérlek nézzétek meg, hogy stimmel e.
Van raktáron nekik most, így be is tudjuk reptetni hamar
05.27. üf megrendelte->elindítottuk a beszerzést;",
SZÉV2019-0214,x,IMP,05.15,,0,,,M15021/P18107 ,FÉMO Kft.,Euroturn-12C,Baruffaldi TBMA-100 kuplung,,10.24. BD: visszapótlás
SZÉV2019-0215,0,,05.16,,1,05.29,,M16286,SGN-STEEL Kft.{régi nevük:PINTÉR ÉS TÁRSA},EmR-1600/1604D,"AiS132 csapágyak, Deublin","főmotor csapágyak kellenek (már rendelés alatt úgy tudom)
1 db Deublin 1109-023-212 ",05.27. Hátralék: 1 db Deublin 1109-023-212 
SZÉV2019-0216,0,"GYE
IMP",05.16,,1,,,M17064,Caadex,KAFO-NCT KMC-5127,Szögfej csapágyak,"4 db FAG 71913-E-T-P4S-UL
1 db FAG 6011 S-HB","05.16. Árajánlat: Pannon Csapágy
06.12. EG: Már túl vagyunk rajta"
SZÉV2019-0217,0,GYE,05.17,,0,ok,,-,SZÉV,HPB VM132L,"HPB VM132L retesz, szíjtárcsa","1 db 12 mm x 8 mm x 100 mm retesz, 1 db 11M profilú (gyári) hosszabb ékszíjtárcsa, csatolt rajz szerinti","06.04. EG: Van raktáron (SZR201800097)? Beküldtük? Gyártassunk?
06.19. BD: Már megkaptuk"
SZÉV2019-0218,0,IMP,05.17,,1,06.20,,M05240,HORVÁTH JÓZSEF EV HI-GEM FÉMIPIPARI ÉS KERESKEDELMI VÁLLALKOZÁS,TNL-100A,Lio Shing LS-240 revfej alkatrész,"1 db [61] LS-10050 tengely
06.20. beérkezett","05.27. nem kéri az ügyfél
05.29. BD:Az Ügyfél mégis megrendeli Tőlünk az alkatrészt. Így mi is szeretnénk elindítani a rendelést a Tong-Tai ajánlata alapján (csatoltam) 1 db revfej tengelyre.

Határidő: 06.27.-07.05."
SZÉV2019-0219,0,GYE,05.17,,0,07.26,,M09033,ConsystecH GMBH MO-i FIÓKTELEPE {Babits},JSL-32AB,Airtac SDAS32x10 pneumatikus munkahenger,,"05.30. IRAMKO - ÁRAJÁNLAT - SZÉV2019-0219 - JSL-32AB munkahenger (I)
06.04. ""Az SDA család nem Európai típus, ezért az SDA32x10SBG (mágneses/külső menetes típust) külön le egyedibe kell kérnem az árát és szállítási idejét.""
06.05. Irakmko - SZR201902146 - SZÉV2019-0219 - JSL-32AB munkahenger 
Várható szállítás: ~~~július közepe
07.26. BD: beérkezett SZÉVbe"
SZÉV2019-0220,1,IMP,05.23,,0,,,M16135,Loko-Trans,BNC-40120,"""X"" tengely szíj+szíjtárcsára",,
SZÉV2019-0221,0,,05.27,,1,05.28,???,M16021,PCE PELLETING CONSUMABLES EUROPE KFT,CHM-16 belső sorjázó,"""Z"" Hiwin orsó","SOS
05.28. CZ: kérlek SOS rendeljetek be: INA ZKLF 1762-2RS-PE csapágyat.
Az ügyfél megrendelte a golyósorsót, de csapágyakat tőlünk kéri. Holnap megyünk lecserélni/beszerelni.",05.28. TT:Megrendelve KP-ra Pannon -  RENDELÉS - SZR201901998 - SZÉV2019-0221 - M16021 CHM-16 belső sorjázó - Z golyósorsó csapágy;Lóri megy érte...
SZÉV2019-0222,1,IMP,05.27,,,,,M11341 ,Som-Szer ,Deckel FP5 ,"Gyártó: Franz-Kessler
Igény1: Van-e ehhez a motorhoz tekercselési rajzuk, amit ki tudnak adni, mert a tekercselőnk elrontott valamit és kellene a gyári dokumentációja?
Igény2: Tudnak-e árajánlatot adni erre a motorra vagy ennek kiváltó típusára?",,
SZÉV2019-0223,1,IMP,05.28,,1,,,M17266/P18002,BKV VJSZ Kft.,BNC-1840,BNC-1840 tokmányfelfogó tárcsa,"05.29. KK:szia Dóri,

Azt mondja a Buffalo, hogy azt a gépet mi nem tokmánnyal vettük és ők nem is használnak Samchully tokmányt a gépekhez.
Kérlek csekkold
",
SZÉV2019-0224,0,"GYE
IJ",05.31,,0,06.20,,M11036,Grif-Tools,EmL-1020E,EmL-1020E főorsó javítás,"Gépépítőelem: Royal 12.000 rpm szíjas főorsó DIN40
Igény: Árajánlat 2 pár vagy 4 db SKF 7014 CDGAT/HCVQ253 vagy ezzel megegyező csapágyra","06.11. EG: Csatoltam az ajánlatot, mi legyen vele? Rendelhetjük?
06.17. Pannon - SOS RENDELÉS - SZR201902257 - M11036 SZÉV2019-0224 EmL-1020E - Orsócsapágy
06.19. EG: Tegnap kifizettük, ma elhozzuk!
06.20. BD: beérkezett SZÉV-be"
SZÉV2019-0225,0,GYE,05.31,,,06.07,,M16268,Bocz,KMC-5135,Hosszító fej csapágyak,4 db HCB 7020 ETP4SUL csapágyak,06.07. SA: Beérkezett
SZÉV2019-0226,0,GYE,05.31,,0,06.05,2019/436,M13188,Grif-Tools,EmL-1020B,EmL-1020B Royal főorsó felújítás,"Gépépítőelem: Royal 8 000 rpm szíjas főorsó DIN40
Igény: 2 pár NSK 7014CTRDULP3 vagy ezzel megegyező",
SZÉV2019-0227,0,"GYE
EG",06.03,,0,06.07,,-,Mill-Turn,Deckel DMC63V,GSA CNC-200R körasztal javítás,"Igény: ÁRAJÁNLAT a következőkre:
1 db SKF RNA4911 hengergörgős csapágy,
1 db SKF AXK75100 + 2 db AS75100 axiális tűgörgős támcsapágy gyűrűkkel, 
1 db 20x32x7 szimmering, 
1 db 25x37x7 szimmering, 
1(+4) db 48x3 O-gyűrű NBR70, 
1(+4) 47x3 O-gyűrű NBR70, 
1(+4) db 100x3 O-gyűrű NBR70, 
1(+1) db 170x1,75 EGYEDI O-gyűrű NBR70","EG 06.04. Árajánlatok bekérve
06.07. BD: bejött minden, köszönjük!"
SZÉV2019-0228,0,IMP,06.04,,0,11.18,,M15232,Metarad,VD-510S AX,VD-510S szerszámtartó tárcsa,Igény: Árajánlat 1 db 21-férőhelyes BT30-as szerszámtartó tárcsára öntött szerszámtartó zsebekkel,11.18. BD: beérkezett
SZÉV2019-0229,0,IMP,06.05,,0,06.07,,M09033,Consystec (Babits),JSL-32ABMs,Airtac munkahenger JSL-32ABMs-hez,Igény: Árajánlat 2 db Airtac SDAS32x10 pneumatikus munkahengerre,
SZÉV2019-0230,0,IMP,06.05,,0,11.18,,,SZÉV,EmL-1020,ISO40 menesztő diók Royal főorsókhoz,3 pár DIN40 menesztő dió,"06.11. BD: 1 párral beérkezett
06.19. EG: Ha nincs több raktáron akkor rendeljük meg IMPORT-ból!"
SZÉV2019-0231,0,GYE,06.05,,0,06.24,,,Kormány Kft.,BF-1500 rúdadagolók,Pneumatikus elemek,"Igény: tételesen

Levegőcső 4-es, 6-os, 8-as 1-1 tekerccsel
1 db Airtac 4V220-08 2 állású Útváltó szelep 
2 db Airtac 4V210-08 1 állású szelep
10 db 8->6 egyenes szűkítő
10 db 6->4 egyenes szűkítő
4+6 db 8->6 Y-elágazás szűkítő
4+6 db 8->4 Y-elágazás szűkítő
10 db 4-es egyenes toldó 
5+5 db 4-es T-elágazás 
3+7 db 6-os toldó egyenes 
5+5 db 6-os elágazó T-alakú 
1 db TNL-hez nyomásgomba CEN kenőtápba (kenőtáp csatolt képen)
10 db Airtac szelepekhez 6-os könyökös 90°-os levegőcső-csatlakozók
10 db Airtac szelepekhez 8-as könyökös 90°-os levegőcső-csatlakozók
1 db BF1500 kezelő felület fólia(?) lásd képen ","06.12. EG: Ezeket már meg kellett kapnotok!
06.19. EG: MEGRENDELNI SMC-ből a hátralékot!
06.24. BD: minden beérkezett, köszönjük!"
SZÉV2019-0232,0,GYE,06.05,,1,06.06,,M13049,MST Engineering,VMC-1600F (EmB-1604B),AiS132 főmotor csapágyak,06.06. beérkezett SZÉVbe,
SZÉV2019-0233,0,GYE,06.06,,0,06.25,Deublin: 2019/000000447,M13049,MST Engineering,VMC-1600F (EmB-1604B),Royal 10.000 főorsó felújítás,"1 db 902-120-188 Deublin, 2 pár FAG HS-7014-CT-P4-DUL","06.12. EG: Dóri! Mi legyen a csapágyakkal? Melyik mehet?
06.19. EG: Tegnap délután kifizettük, ma elhozzuk!
06.25. BD: bejöttek a csapágyak is"
SZÉV2019-0234,0,IMP,06.06,,0,06.13,,M15065,Gyopár 2000 Kft.,RY-42,RY42 munkadarab kihordó szalag,,
SZÉV2019-0235,0,IMP,06.06,,0,,,M16152,Fazekas Kft.,EmL-800B,SNA-242-3 ajtó zárszerkezet,"06.24. BD: importból jön, a Manford ingyen küld nekünk","06.12. EG: Nem találunk kiváltóját, ELA-tól és ESSENTRA-tól kértem segítséget.
06.19. EG: Egyik beszállító sem tudott kiváltót ajánlani, csak olyat amivel át kellene alakítani az ajtót, a zár nyelvek sem megfelelőek, tehát minden más rajta!

Meg kell rendelni Import-ból és raktáron kell tartani az ilyen ajtózárakat!"
SZÉV2019-0236,0,GYE,06.06,,1,06.07,,M13188,Grif-Tools,EmL-1020B,8YU főorsó szíjtárcsa,1 db 8YU szíjtárcsa beküldve,
SZÉV2019-0237,0,IMP,06.07,,0,06.11,,M18084/P18063,MSG Kft.,AVEMAX MFB410,AVEMAX MF-B410 parts list,"Igény: gépkönyv és parts list, legfőképp a főorsóról",
SZÉV2019-0238,0,GYE,06.07,,0,06.27,,M15065,Gyopár 2000 Kft.,RY-42,RY42 conveyor heveder,"Igény: Belföldi árajánlat 1+1 db munkadarab kihordó hevederre a következő paraméterek szerint:
Hossz: 1640 mm
Szélesség: 70 mm
Anyagvastagság: 2 mm","06.12. ÁRAJÁNLAT elindítva

Moltech - ÁRAJÁNLAT - SZÉV2019-0238 - RY42 szállító heveder
06.18. Moltech - RENDELÉS - SZR201902310 - SZÉV2019-0238 - RY-42 - Munkadarab elszállító heveder
Várható szállítás 06.26. (feladás dátuma!)
07.11. BD: bekerült"
SZÉV2019-0239,0,IMP,06.07,,0,06.24,,M18030/P18020,Fémtek 1971 Kft.,KAFO-NCT KMC-2622,Golyósorsó hűtőklíma,"Gépépítőelem: Habor HBO-V250PTSBM3 golyósorsó hűtőklíma motor
Klímamotor gyártó, típus: Chyun Tseh Industrial Co. OB343
Igény: Árajánlatot kérünk 1 db klíma motorra",06.24. BD: beérkezett
SZÉV2019-0240,0,GYE,06.07,1,1,06.14,,M14039,Metarad,TNL-100ADT,TNL-100ADT főorsó csapágyazás,"Főorsó fordulatszám: max. 4500 1/min
Igény: 1 db NN3017K, 1 db NN3020K, 1 pár 100BA10XTYDBLP4A","1 db NN3017K
Tral Trade - RAKTÁRON
FIZETENDŐ - RENDELÉS - SZR201902187 - SZÉV2019-0240 - TNL-100ADT - Hengergörgős kúpos furatú csapágy

1 db NN3020K, 
NCT Taksony RAKTÁRON

1 pár 100BA10XTYDBLP4A   
NCT Taksony RAKTÁRON
06.14. BD: Megkaptuk a csapágyakat, köszönjük!"
SZÉV2019-0241,0,IMP,06.07,,0,10.31,,M08130,Magyarmet,EmL-510,EmL-510 30 baros CTS hidraulika szivattyú,10-00020092-00 Tartalék / 30 baros CTS hidraulika szivattyúja (PGPE315A193EJAB10-66),"06.13. BD: Bejött a CTS egység Taksonyból, köszönjük!
10.31. importból bejött a szivattyú"
SZÉV2019-0242,0,GYE,06.11,1,1,06.24,,-,Berta Istvánné,Csapszegfúró,Csapszegfúró csapágyazás,1 pár 7208A5TRDULP3,"06.11. Megrendelve, várható beérkezés a beszállítóhoz ~ 7-9 nap
TralTrade - RENDELÉS - SZR201902198 - SZÉV2019-0242 - Csapszegfúró csapágy
FIZETENDŐ
06.24. BD: bejöttek a csapágyak"
SZÉV2019-0243,0,GYE,06.13,1,0,06.25,,-,SZÉV,-,Főmotor csapágyak,"Igény: 4 db 6309 ZZ C3, 2 db 6209 ZZ C3, 1 db 6212 ZZ C3","06.14. Tral Trade - RENDELÉS - SZR201902249 - SZÉV2019-0243 - Főmotor csapágyak + raktár
FIZETENDŐ"
SZÉV2019-0244,0,GYE,06.13,,0,,,-,SZÉV,-,Vízszűrő betét,"5 db 10-10009604 Honeywell szűrőbetét FF06 3/4"" - 5/4""","EG: MEGRENDELNI Fogarasi Kft
11.15. Dóri vesz a Fogaras KFt-nél"
SZÉV2019-0245,1,"GYE
SA",06.13,,0,,,,Albert,TMV-850,kék-narancssárga flexibilis hűtővízcső,"3 db 200 mm hosszú cső, 16,2 mm-es menettel, 1 lapos, 1 kis kör alakú és 1 nagy kör alakú szórófejjel","EG: NEM LÁTOM KÖRBEKÜLDVE!
16,2 -> 3/8"" Loc-Line / Taiwani"
SZÉV2019-0246,0,IMP,06.14,,0,06.18,,M09132,Medimetal,FCL460 (MM760),GSA CNC-101R körasztal rajzok,Igény: gyári gépkönyv és parts list,06.18. BD: kaptunk leírást
SZÉV2019-0247,0,GYE,06.17,,1,06.19,,M16268,Bocz-N,KMC-5135,8-as gumis alátétek,"Igény: 10+10 db 8-as csavarhoz való gumis alátétek
Megjegyzés1: https://hidraulikakershop.hu/M8X1-MENETRE-KOMBI-GUMIS-ALATET
Megjegyzés2: a szögfej szerelése közben merült fel ez az igény",EG: Raktár?
SZÉV2019-0248,1,IMP,06.18,,1,,,M06045,Elektronis,TNL-120AL,Baruffaldi TBMA212 (Elektronis),"Gépépítőelem: Baruffaldi TBMA212 hajtott szerszámos revolverfej
Azonosító: TS2620N21E11
Gyártási szám: 3817/2006
Igény: Árajánlat 1 db komplett revfejre",
SZÉV2019-0249,0,GYE,06.18,,1,,"BET2019/02732
2019/000000478",M07188,Marostech,TNL-85ADT,1700-11MS szíj: 1 db 2 bordásra és 1 db 3 bordásra,,
SZÉV2019-0250,0,GYE,06.18,,,06.18,,,Bíró Kft. ,Tajmac,"Bíró Tajmac nyomáskapcsoló gomba, 200 baros, csatolt képeken",,"06.18. MegaWatt - RENDELÉS - SZR201902308 - SZÉV2019-0250 - Tajmac - SUCO nyomáskapcsoló
06.18 felvette a SZÉV"
SZÉV2019-0251,0,GYE,06.18,,0,06.19,,M16135, Loko Trans,BNC-40120,4db 625-5M-25,,"06.19. PowerBelt - RENDELÉS - SZR201902317 - SZÉV2019-0251 BNC-40120 - X-hajtás szíj - 5M 625mm 25mm
EG: Elhozza ma a SZÉV"
SZÉV2019-0252,0,"GYE, IMP",06.18,,1,06.25,,M13060,Hantech,MM-760,MM760 esernyős szerszámtár tárcsa,"Igény: 1 db 16 pozíciós esernyős szerszámtár tárcsa + felfogatás

Megjegyzés1: az orsó ISO40-es",06.25. BD: beérkezett
SZÉV2019-0253,0,GYE,06.19,,1,,,M12317,First-Tech Kft.,TB-20YAMS,First-Tech AMS180 motororsó,"Igény: 1 db FAG N1022-K-M1-SP, 2 db FAG B7026-E-T-P4S-UL",
SZÉV2019-0254,0,GYE,06.20,,1,,,-,H.O.W. Project Kft.,EEN-320,BA-150L revfej alkatrészek,"Igény: Árajánlat a következőkre
2 db [3.] - Tárcsakapcsoló elem ""K"" BS 1x224K EBE
2 db [26.] - Mikrokapcsoló ""H"" 5.SE-1    Honeywell
          és kapcsolókar JE-1              Honeywell",06.24. Szimikron - ÁRAJÁNLATKÉRÉS-SZÉV2019-0254 Igény - BA-150 revfej alkatrészek
SZÉV2019-0255,0,GYE,06.20,,1,06.20,,M14247,PROCAM MŰSZAKI ÉS FEJLESZTŐ KFT PMP,MM-1000S,Főorsó szíj 775-5GT-40,06.20. BD: beérkezett,
SZÉV2019-0256,0,GYE,06.20,1,0,08.15,,,Bombardier,BFKF8-150/1,Hidralukikus akkumulátor csere,"HYDAC - Hidaulikus akkumulátor
Bétabagoly - 08.05.-08.15. között kell felszerni!",06.20. Hydac - SOS RENDELÉS - SZR201902368 - SZÉV2019-0256 - BFKF8-150/1 - Hidraulikus akkumulátor
SZÉV2019-0257,0,IMP,06.21,,0,07.22,,M18097/P18195,KA-SPAN Kft.,KAFO CV-7A,Orsó olajködkenés, Árajánlat 1+1 db LUBE AMZ III főorsó ködkenés kenőtápra (Code: 285036),07.30. BD: kenőtáp beérkezett
SZÉV2019-0258,0,GYE,06.21,,1,,,M08125,Metálplaszt Kft.,EmL-610,EmL-610 levegőelőkészítő egység,"1 db komplett levegőelőkészítő egység, csatolt kép szerint",
SZÉV2019-0259,0,GYE,06.24,,1,09.16,,M17171/P18053,Dr Varga EV,SC-32,Festo mágneses tolórúd,Igény: 1 db FESTO DGO-25-1300-PPV-A-B mágneses tolórúd (pmax: 7bar/105psi),
SZÉV2019-0260,0,GYE,06.25,,0,07.27,2019/000000530,,Losonczi,Nimatic 2430 olajleválasztó,olajleválasztó szalag -2db,SOS,
SZÉV2019-0261,0,GYE,06.26,,1,,,M11074,SC VIVA COM SRL,MM760,behúzó csipesz (4db/szett),SK40,
SZÉV2019-0262,0,GYE,06.27,,1,,,M10119,K-KART spol. s.r.o.,EmR-1200D-CNC,12DB 30TAC csapágy,SOS,
SZÉV2019-0263,0,GYE,06.27,,1,07.27,BET2019/02862,M15232,METARAD CNC KFT,VD-510S-5AX,Főmotor csapágyak,2 db 6205 SN24 C3 P5 20.000 fordulatú,
SZÉV2019-0264,0,GYE,06.27,,1,07.03,2019/000000547,M15232,METARAD CNC KFT,VD-510S-5AX,Főorsó csapágyak,árajánlatot és szállítási határidőt kérünk,
SZÉV2019-0265,0,GYE,07.01,,0,,,M07018,Kovács János Ev.,TNL100ADT,komplett levegőelőkészítő egység,,
SZÉV2019-0266,0,GYE,07.02,1,0,07.25,,M11131,Fortaco,FMC-2,áramlásőr,HD2K-010GM008,"07.03. Hennlich - RENDELÉS - SZR201902633 - SZÉV2019-0266 - M11131 FMC-2 - Áramlásőr
Díjbekérőt várjuk"
SZÉV2019-0267,0,IMP,07.03,,0,,,,Szkaliczki,1200,Kaukan KAC-6FS,elektromos szekrény klíma,
SZÉV2019-0268,0,GYE,07.03,,1,07.08,,M18118,Sc. Oteluri Si Debitari SRL.,BAOMA-NCT DK-7732F,-6004RS csapágy - 8db,SOS,
SZÉV2019-0269,0,GYE,07.04,,0,08.12,,M13194,Metal 99 Kft.,MCB-1604,Ellensúly rúd megvezető perselyek,"Igény: Árajánlat tételesen a következőkre

[17] HWD-M6 Washer - 2 pc
[18] HRTW-R45 Axis snap ring - 2 pc
[19] BR-LM-30 Bearing BR-LM-30 - 2 pc
[20] VL-102-C024A Weight counter balancing housing (below) - 1 pc
[22] VL-102-C023A Weight counter balancing housing (up) - 1 pc",
SZÉV2019-0270,0,GYE,07.04,,0,08.12,,M11037,Norton 4 Kft.,EmR-1020D,Főorsó csapágyak 10.000 rpm,"Gépépítőelem: Royal 10.000 rpm főorsó
Igény: Árajánlat 2 pár vagy 4 db SKF 7014 CDGAT/HCVQ253 vagy ezzel megegyező csapágyra",08.12. BD: bekerült
SZÉV2019-0271,0,GYE,07.02,,0,07.04,,M07068/M18338,Gamma Műszaki Zrt.,Euromill-510,Főorsó nyomásfokozó,"Gépépítőelem: Hao Cheng nyomásfokozó, (3500 kg, löket = 13mm, átmérő: 100mm)
Igény: 1 db Hinaka BPT-10U5S35L13M

Megjegyzés: az új nyomásfokozó bekerült a SZÉV-be, és kiváltója a réginek",07.04. BD: bekerült
SZÉV2019-0272,0,GYE,07.04,,0,07.09,,-,SZÉV,AiS100,AiS100 főmotor Deublinok,"1 db Deublin 1109-020-188, 1 db Deublin 902-120-188",07.09. BD: bekerültek
SZÉV2019-0273,1,BABETT,07.08,,1,,,M12200,Vámosgép Kft.,WFQ-80,Baruffaldi CE13 hajtómű motor,,
SZÉV2019-0274,0,GYE,07.08,,1,,,M09033,CONSYSTECH,JSL-32ABMS, szelep (MVSC-220-4E1),csatolt képek ,
SZÉV2019-0275,0,GYE,07.09,,0,07.15,,M14039,Metarad,TNL-100ADT,TNL100 Főhajtás szíjak,2 db 3x11MS-1900 főhajtás szíjak (3 pályásak),"07.15. BD: bekerült a 3x11MS1700 szíj, az 1900 pedig vissza"
SZÉV2019-0276,0,GYE,07.09,,0,07.15,,-,SZÉV,-,SZÉV anyagigény,"Igény: tételesen

- 6 db anakonda tömszelence
- 1 db 6310 ZZ C3 csapágy
- 1 db 6312 ZZ C3 csapágy
- 6 db 25TAC golyósorsó csapágy
- 6 db 30TAC golyósorsó csapágy
- 3 db 565-5M-25 szíj
- 1 db 575-5M-20 szíj
- 2 db 780-AT10-32 (Kondia) szíj
- 10 liter VG22 hajtómű olaj
- 5 db Karmanytú M12x1,5
- 5 db Karmantyú M20x1,5
- 3 db Karmantyú M40x1,5
- 2 db Ø55 Ringfeeder - bejött!","csapágyak és szíjak ok-
BD: karmantyúk, olaj is oké"
SZÉV2019-0277,0,IMP,07.09,,0,10.15,,-,Bombardier,Mitsubishi MPA H-50A,Szerszámtartó bakelit,,"07.22. BD: magyarországi forgalmazó nem tud beszerezni ilyet;
10.15. BD: beérkeztek"
SZÉV2019-0278,0,ERIKA,07.09,,0,07.10,,-,SZÉV,-,Phoenix Contact stekker,,Bekerült
SZÉV2019-0279,0,GYE,07.10,,0,07.11,,M15116,Szkaliczki,EmR-1020D,20 baros szűrő+szűrőház,VD-510-en használt,Bekerült
SZÉV2019-0280,1,FOGARASI RAKTÁR,07.10,,0,,,Páraelszívó:YMC YHB-350,Mobilinter,,szűrőbetét,,Fogarasi raktár
SZÉV2019-0281,0,GYE,07.12,,1,,,,KA-SPAN Kft.,SV-1000,Kaukan KO6-PTS klíma,"Hibajelenség: a kompresszor bekapcsol, de nem hűti az olajat, nagyon meleg van a kompresszortérben.","Kell a transit,hogy be tudjuk küldeni"
SZÉV2019-0282,0,GYE,07.12,,1,,,,First-Tech Kft.,TB-20Y,322ME szelep + érvéghüvely,,
SZÉV2019-0283,0,GYE,07.15,,0,07.30,2019/000000685,M13307,BLAUFORM,EmL-610B,16db - Szerszámtartó zsebek esernyős szerszámcserélőhöz / SK40/ DIN40,10-00006929-00,
SZÉV2019-0284,0,GYE,07.15,,0,,,-,SZÉV,AiS100 10.000 rpm,régi AiS100 főmotor csapágykészletek,Igény: 10.000 rpm-et tudó csapágykészlet régifajta 3-csapágyas AiS100-ashoz,07.15. BD: a csapágyakat kézhez kaptam
SZÉV2019-0285,0,IMP,07.16,,0,10.31,"BET2019/04831
BET2019/04840",M11036,Grif-Tools,Eml-1020B,8YU főorsó+főmotor szíjtárcsa,Igény: 1 db 8YU főorsó + főmotor szíjtárcsa DAF100-ashoz 38-as tengelyre,NEM GYE HANEM IMPORT
SZÉV2019-0286,1,ERIKA,07.17,,0,,,-,SZÉV,-,"Harting cuccok, Weidmüller nyomó",,"07.22. BD: Harting cuccok bekerültek Fogarasira, hátralék: Weidmüller szerszám"
SZÉV2019-0287,0,GYE,07.18,,1,07.26,,M08128,Aptiv (Delphi),EmL-510,EmL-510 fékes tárforgató motor,"Igény: 1 db hengeres reteszes végű, fékes tárforgató motor",
SZÉV2019-0288,0,GYE; IMP,07.18,,0,09.10,,M07272,KM CNC,EmL-1020B,EmL-1020 8.000 rpm szíjas főorsó,Igény: 1 db komplett Royal 8.000 rpm 8YU profilú szíjas főorsó,"NEM GYE HANEM IMPORT
09.10. BD: bejött egy 10 000-es, 5GT-s orsó"
SZÉV2019-0289,0,GYE,07.19,,0,07.26,,M030048,Ecomatic (Gi-Flex),Kondia HM1060,Kondia HM1060 12.000 rpm főorsó csapágyazás,"Igény: 2 db FAG HCS7012-C-T-P4S-UL - 12.000 rpm, 2 db FAG HCS7014-C-T-P4S-UL) - 12.000 rpm
vagy ezekkel megegyező fordulatszámot vagy annál többet tudó csapágyak.",07.26. BD: beérkeztek a csapágyak
SZÉV2019-0290,0,GYE,07.19,,0,,,,ISD Dunaferr,,Deublin 902-120-188,,"08.15. BD: visszaküldjük Taksonyba, mert a forgóátvezető darabosan jár"
SZÉV2019-0291,1,IMP,07.22,,0,,,M16071,Alu-Parts Kft.,McB-1304D,McB-1304 szánvédő burkolat,"Igény: gépkönyv, parts list és Árajánlat 1 db hátsó ""Y"" harmónika szánvédő burkolatra",
SZÉV2019-0292,0,GYE,07.23,,1,08.13,2019/000000730,M17250,RAF METÁL KFT,TCS-2000L,Biztonsági üveg ragasztott 520x400x20,,
SZÉV2019-0293,0,GYE,07.23,,0,,,,Törner,TCS,reed-relé,,
SZÉV2019-0294,0,IMP,07.24,,0,08.13,,M09132,Medimetal,FCL460 (MM760),GSA CNCT-100 körasztal alkatrészek,,"08.13. BD: ajánlatkérés csigakerékre, csigatengelyre, szükség esetén tudjuk az árat"
SZÉV2019-0295,0,"GYE
SA",07.25,,0,,,M06082,Bocz-n,TNL120ALDT,forgácskihordójához tartozó kihordó lánc,,"Beküldtünk már egyet és visszajött? Nem volt jó vagy nem kellett?

NEM KÉRTE AZ ÜGYFÉL MERT DRÁGÁNAK TARTOTTA"
SZÉV2019-0296,0,GYE,07.26,,0,,2019/000000733,-,SZÉV,VD-510S,VD-510S 12.000 rpm főorsó csapágyak,Igény: 4 db (vagy 2 pár) 7008 UCG/GNP4 főorsó csapágy vagy ezzel megegyező tulajdonságú csapágyak,"08.14. BD: beérkeztek
4db Csapágy / HCS7008-C-T-P4S-UL,10-00037187-00,13j - Műhely motorok"
SZÉV2019-0297,0,GYE,07.29,,0,07.29,,M14129,MICROMARK,EmL-800B,1db vizipisztolyt postázni FIZ.,,
SZÉV2019-0298,0,GYE,07.29,,1,,,M15124,Dal-Tim,BM-25 Kekeisen,klíma kompresszor NE6213CK típusú (R404A gázhoz),,
SZÉV2019-0299,0,IMP,07.30,,0,,,M13060,Hantech,MM-760,Szerszámtár alkatrészek,,
SZÉV2019-0300,0,GYE,07.30,,0,07.31,,,FMF+SZÉV,,menetes push-ines szerelvények,,07.31. BD: beérkeztek
SZÉV2019-0301,0,"GYE, LOG",07.30,,0,07.31,2019/000000732,-,SZÉV,-,"AiS100 kuplung, jeladó tárcsa",2 db ROTEX GS 38 Feszítőgyűrűs agy 6.0 38H7,07.31. BD: kuplungok bejöttek
SZÉV2019-0302,1,BABETT,07.30,,1,,,,Dömötör,Snupy,Sauter 0.5.480.516 alkatrészek,,
SZÉV2019-0303,0,GYE,08.02,,0,08.09,,,SZÉV,,12 db 25TAC csapágy,,
SZÉV2019-0304,0,GYE,08.05,,0,10.01,,,Trimble,BF-1500,Rúdadagoló szelep + fojtó,,
SZÉV2019-0305,0,GYE,08.06,,0,08.09,,,Pro Form,,1 kanna ISO VG22 olaj ködkenéshez,,
SZÉV2019-0306,0,GYE,08.08,,1,08.08,2019/000000721,,Bíró Kft. ,Tajmac,1109-020-188 (hűtőbordás) Deublin,,
SZÉV2019-0307,0,GYE,08.09,,1,,,08.09,ISD Dunaferr,,904-120-188 Deublinhoz csatlakozó könyökelem,"M18x1,5 külső menetes - 3/8"" külső menetes 90°-os peremen tömítő",
SZÉV2019-0308,1,"IMP, BABETT",08.12,,1,,,M04135,BLAUFORM,Euroturn-12B,Ortlieb patrontokmány alkatrész,,
SZÉV2019-0309,0,GYE,08.13,,0,09.18,,,NCT,Euroturn-12C,Euroturn-12C főorsó csapágyak,"- 2 db FAG B7016-E-T-P4S-UL
- 2 db FAG B7017-E-T-P4S-UL",09.18. BD: beérkeztek
SZÉV2019-0310,0,GYE,08.15,,0,08.22,2019/000000747,-,Trimble,TNL-100AL,BF-1500 rúdadagoló levegőelőkészítő,"Igény: Airtac levegőelőkészítő és vízlecsapató (BL-2000?) 

Megjegyzés: az Ügyfél gépén a vízlecsapató rossz. Szeretnénk kérni a képen láthatóval megegyező vagy ahhoz hasonló levegőelőkészítőt vagy külön a vízlecsapatót. Csatlakozások: 1/4""",
SZÉV2019-0311,0,GYE,08.15,,0,08.16,,-,SZÉV,VD-510S,VD-510S főorsó tányérrugók,Igény: 60 db Ø12.20 x Ø28.00 x 1.50 DIN 2093 tányérrugó,08.16. BD: megkaptuk
SZÉV2019-0312,0,IMP,08.22,,0,10.24,,M16051,Goodwill Trade,TCS-2000DT,Baruffaldi kuplung tömítések,"Igény: 1 db tömítéskészlet hajtott szerszám kuplungegységéhez

Megjegyzés: a korábban ehhez a revfejhez rendelt kuplunghoz rendelnénk tömítést.
Levelezés a kuplungról: SZÉV2019-0108 IMPORT Igény - Baruffaldi TBHMA-200 (TCS-2000DT) javítás",10.24. BD: beérkeztek
SZÉV2019-0313,0,IMP,08.23,,0,,,-,SZÉV,Kondia B-1050,Panasonic M9RZ szerszámtár motor,"Tárforgató motor: Panasonic M9RZ90GK4GG1
Hajtómű: Panasonic MY9G15B
Igény: Árajánlat 5-5 db motorra és hajtóműre",
SZÉV2019-0314,1,IMP,08.23,,0,,,-,SZÉV,Kondia B-1050,Tung Lee 5GU szerszámtár motor,"Gépépítőelem: szerszámtár forgató motor és hajtómű
Tárforgató motor: Tung Lee 5RK90GU-S
Hajtómű: Tung Lee 5GU-12.5K , illetve 5GU-15K
Igény: Árajánlat 5-5 db motorra és hajtóműre",
SZÉV2019-0315,1,IMP,08.23,,1,,,M07129,Bombardier,CME FS-6,FS-6 szögfej tömítéskészlet,Igény: Árajánlat komplett főorsó tömítéskészletre,
SZÉV2019-0316,0,IMP,08.23,,0,10.24,,-,SZÉV,Sauter revfej,Ívelt T-anya,Igény: 10 db M8-as menetű ívelt T-anya,10.24. BD: beérkeztek
SZÉV2019-0317,0,IMP,08.23,,0,,,-,SZÉV,Kafo SV-1000,Olajos ködkenés és tartozékai,,
SZÉV2019-0318,0,IMP,08.26,,0,,,M11343,Győri Műszaki Szakképzési Centrum Jedlik SZKI,EmL-250,Igény: 5 db 450-5GT-20 szíj,,
SZÉV2019-0319,0,GYE,08.26,,0,08.27,,M05105,ProForm,K-B640,"""Y"" golyósorsó","10-00016557-00 - Golyósorsó / 32x10R 565/1163,5 (AFV-AZV)/3 előfeszített anyapárral
(Kondia B640)",Beérkezett
SZÉV2019-0320,0,GYE,08.26,,0,08.27,,M17237,Gia-Form,MM-800SV,20 bar-os CTS vízszűrő,,08.27. BD: beérkezett
SZÉV2019-0321,1,IMP,08.27,,0,,,M15204,Wellmach-Group Kft,SC-32,SC-32 főorsó vonócső,"Igény: Árajánlat 1 db vonócsőre, lásd [4.24] Draw Bar a mellékelt gépkönyvi ábrán, illetve csatolt képen az alkatrész",
SZÉV2019-0322,0,GYE,08.27,,0,08.30,,M18169,MAGYARMET KFT,MXS-650DD,levegőelőkészítő egységének olajzó csészéje kellene,SOS,
SZÉV2019-0323,0,GYE,08.28,,0,08.30,,M08210,Gömbölyítő Kft.,Smart-42,BF-1500 rúdadagoló levegőelőkészítő,"Igény: 1 db visszacsapó szelep, 6-os levegőcsőhöz, 3/8""-os menetes véggel (lásd képen)","08.30. BD: megkaptuk, köszönjük!"
SZÉV2019-0324,1,IMP,09.02,,0,,,-,SZÉV,-,920-8YU-30 szíjak,,
SZÉV2019-0325,0,IMP,09.02,,0,02.06,,M16031,MICROMARK,TCS-2500LDT,Vízszintjelző Tong-Tai,Igény: 10 db Vízszintjelző szenzor MPFILTRI LEN A200-1-A-1-A/F-S (LS1-200(170B),
SZÉV2019-0326,0,LOG,09.04,,0,09.09,"2019/000000814 csapágyak
2019/000000827 deublin",M13139,Helti Kft,EmR-1020D,"AiS132 tekercselés, csapágyazás",,"09.09. BD: csapágyak bejöttek
09.25. jeladó burkolat is beérkezett"
SZÉV2019-0327,0,GYE,09.04,,0,09.05,,M18050,Gia-Form,Proth PSGC-50100AHR,SMC vízleválasztó,Igény: 1 db SMC AF20-F02-A levegőelőkészítő egység vízlecsapató része,09.05. BD: beérkezett
SZÉV2019-0328,1,IMP,09.05,,1,,,M05047,Manz,TNL-100AL,TNL-100 Komplett főorsó,Igény: árajánlat 1 db komplett A2-6 4500 1/min főorsóra,
SZÉV2019-0329,0,"GYE
SA",09.05,,0,10.22,,-,Szimikron,ERI-250,DropsA kenőtáp szintkapcsoló,,Euroscale - ÁRAJÁNLAT - SZÉV2019-0329 - Dropsa kenőtáp szintkapcsoló
SZÉV2019-0330,0,IMP,09.05,,0,,,M14106,Schön&Sandt,Pinacho ST-180/1000,,"Igény: 1 pc [21] Coolant poppet, 1 pc [129] Coolant Spring Seat, 1 pc [130] Poppet Seal",
SZÉV2019-0331,0,"GYE
SA",09.06,,1,ok,,M18098,FRIGO-METAL KFT,KAFO-NCT CV-7A,levegőelőkészítő egység kellene,,"SMC - RENDELÉS - SZR201903617 - SZÉV2019-0331 - Mikrószűrők, nyomásszabályzó
09.26. után várható"
SZÉV2019-0332,0,GYE,09.09,,0,09.12,,M14045 (M12360),PEMÜ Zrt,Hurco BMC-4020HT/M,Hurco X tengely szíj,Igény: 1 db Megadyne 420-RPP5 (szélesség: 36 mm),09.12. BD: elhoztuk
SZÉV2019-0333,0,GYE,09.09,,0,09.12,2019/832,M14093,Unitool-Plastik,EmR-1020D,Hajtóműház nívó ablak,"Igény: 1 db M25x1,5 (24,6 mm-t mért az Ügyfél) menetes, műanyag nívó csavar",09.10. BD: beérkezett
SZÉV2019-0334,0,GYE,09.09,,0,09.27,,M07069,Unitool-Plastik,EmL-510,Levegőszelep (Szerszámváltó),Igény: 1(+4) db 110V-os elektromágneses levegőszelep (Inlee IS-2252 vagy ezzel megegyező),
SZÉV2019-0335,0,"GYE
EG",09.10,,0,,2019/000001070,-,SZÉV,-,SZÉV mechanikus anyagigény 2019.09.10.,"- Golyósorsókhoz:
4 db M25x1.5 RM típusú orsóvég anya (ill. lásd a kattintható linken)
4 db M30x1.5 RM típusú orsóvég anya
4 db M35x1.5 RM típusú orsóvég anya
2 db YSF M25x1.5 orsóanya (EmL-510-hez) (lásd képen)

- Pneumatikus elemek:
1 db Neuma NV-QEV-3/8 levegő szelep (vagy ezzel megegyező, lásd képen)
5 db Airtac 5/2-es 24V levegőszelepek
5 db Airtac 3/2-es 24V levegőszelepek
5 db 10-00001930-00 Gyorscsatlakozó toldó 04-04 (3106 04 00)
5 db 10-00001942-00 Gyorscsatlakozó szűkítő könyök 6-4 (3102 04 06)
5 db 10-00001943-00 Gyorscsatlakozó szűkítő könyök 8-6 (3102 06 08)
5 db 10-00001944-00 Gyorscsatlakozó szűkítő könyök 10-8 (3102 08 10)
10 db 21-31041000-00 Gyorscsatlakozó T elosztó 10-10 (3104 10 00)
10 db 10-00001964-00 Gyorscsatlakozó T szűkítő 10-8 (3104 08 10)
10 db 10-00001962-00 Gyorscsatlakozó T szűkítő 6-8 (3104 06 08)
5 db 06750013 G1/4"" lepufogó
5 db G1/8"" lepufogó

- Csapágyak:
2 db 51102
4 db 25TAC csapágy
6 db 30TAC csapágy
1 db 6203 C3 2RSH
1 db 6203 ZZ C3
2 db 6205 ZZ C3
2 db 6209 ZZ C3 vagy 2RSH C3
2 db 6309 ZZ C3 vagy 2RSH C3
1 db INA ZARN2052TVA","11.06. BD. hátralék: pneumatikus elemek
11.15. MEGRENDELNI
1 db Neuma NV-QEV-3/8 levegő szelep (vagy ezzel megegyező, lásd képen)
MÉG TISZTÁZOM DÓRIVAL EG
5 db Airtac 3/2-es 24V levegőszelepek 1/4 NC
MÉG TISZTÁZOM DÓRIVAL EG  "
SZÉV2019-0336,0,GYE,09.10,,1,09.16,,P18181 / M16291,CNC Bakony,EPA-320 (TNL100AHD),Hidraulika csatlakozók,,
SZÉV2019-0337,0,IMP,09.10,1,0,02.20,,M07272,KM CNC,EmL-1020D,EmL-1020 főorsó felújítás,,"FIZETENDŐ - Pannon - RENDELÉS - SZR201903569 - SZÉV2019-0337 - EmL-1020 főorsó felújítás 09.16.
10.03. BD: csapágyak, O-gyűrűk bejöttek
10.03. Hátralék: főorsó szíjtárcsa 5GT 57 fog IMPORT"
SZÉV2019-0338,1,IMP,09.10,,0,,,M14324,IQ Kecskemét,MM760 5TT,GSA CNCT-100 kéttengelyes körasztal,Igény: árajánlat billenő tengely bronz csigakerekére + csigatengelyre (tilting axis repair kit),
SZÉV2019-0339,1,IMP,09.11,,1,,,M14251,Debreceni Mechanikai Művek Kft.,HT-76,HT-76 szegnyereg olajcső,"Igény: 2 db szegnyereg kenőolaj cső, cső teljes hossza: 4,2 méter, külső átmérő: 10 mm, kép szerinti szerelvényekkel, csatlakozásokkal",
SZÉV2019-0340,0,BABETT,09.12,,0,09.28,,-,Esztergomi Szerszámgépgyár,Baumüller DS-100,Baumüller DS100,Igény: árajánlat 1 db első pajzsra,09.28. BD: az ügyfél nem kéri az alkatrészt
SZÉV2019-0341,0,LOG,09.12,,0,11.14,,M15093,VAMAV,Sínfúró gép,NCT Ai70Z1 motor,,SZÉV raktár
SZÉV2019-0342,0,IMP,09.12,,0,,,M10295,S.C.OTELURI SI DEBITARI S.R.L.,EmL-510,EmL-510 szerszámcserélő kar,Igény: Árajánlat 1 db komplett szerszámcserélő karra,
SZÉV2019-0343,1,BABETT,09.12,,1,,,M18043/P18143,Pi-Dental,TNL-100ADT,Baruffaldi TBMA-160 szerszámtárcsa,Igény: Árajánlat 1 db szerszámtartó tárcsára (tool turret disc),
SZÉV2019-0344,1,IMP,09.13,,0,,,-,SZÉV,KAFO CV7A,KAFO CV-7A alkatrészek,"Igény: részletes parts list és gépkönyv, különös tekintettel a főorsó, golyósorsó, levegő- és hidraulika rendszerre",
SZÉV2019-0345,1,BABETT,09.13,,1,,,M14332,Csaba-Berényi,BNC-2680,Baruffaldi TBMA-200 pozícionáló dió,Igény: Árajánlat 1 db képen látható pozícionáló csapra. Sürgős!,
SZÉV2019-0346,0,"GYE
SZÉV",09.16,,0,12.03,BET2019/05404,M18043/P18143,Pi-Dental,TNL-100ADT,Walrus TPK4T5-5 szivattyú,,11.15. Merülési mélység tisztázandó
SZÉV2019-0347,0,GYE,09.17,,0,09.25,,M17188/P18004,Metarad,VD-510S,VD-510S 20.000 rpm főorsó javítás,"Csapágyak (min. 20.000-et tudó):
- 4 db 5S-7008UC GD2/GLP4
Tányérrugók:
- 56(+56) db 12.00x28.00x1.50","09.25. BD: rugók, csapágyak bejöttek"
SZÉV2019-0348,0,"GYE
SA",09.17,,0,10.09,,-,SZÉV,-,HPB VM132S forgórész felújítás,"Igény: 1 db forgórész tengelyvég felszóratása, köszörülése, jeladó tengelyvég újbóli kialakítása HPB VM132L rajzi utasításhoz hasonlóan",10.09. BD: visszakaptuk
SZÉV2019-0349,0,IMP,09.17,,0,12.03,2019/1191,M18250,Königin-Trade Kft.,JCL-75YABMs,Szorítóék Lio Shing revfej,Igény: 5 db szerszám szorítóékre árajánlat,
SZÉV2019-0350,0,"GYE
SA",09.19,1,1,,,,SZÉV,Euroturn-12C,Euroturn-12C főorsó anya,"[30] 200067210 - Rögzítőanya - az anya menete rossz, nem lehet rátekerni a főorsóra
[32] 1 db Csapágyanya ZM80 (M80x2) SKF - hiányzik",11.11. főorsó legvégéről viszont az egyedileg gyártott orsóanya hiányzik - Az orsóanya le lett gyártva. 00-20006721-00 - 2db - S.A. 12.20.
SZÉV2019-0351,0,GYE,09.19,0,0,10.03,,M17110,Hanon Systems,EmL-510,EmL-510 főorsó javítás,Igény: Árajánlat 4 db NSK 7012CTYNSULP4 csapágyra vagy ezzel megegyezőre,"FIZETENDŐ - Pannon - RENDELÉS - SZR201903673 - SZÉV2019-0351 - M17110 EmL-510 - orsócsapágyak 09.23.
10.03. BD: csapágyak bejöttek, köszönjük!"
SZÉV2019-0352,0,GYE,09.23,,0,10.15,,M16106,Marton CNC,EmL-610B,HPB VM100L főmotor javítás,"- 1 db NTN 5S-6207M8C3P5
- 1 db NTN 6308T2X5C3P5
","09.23. IJ: Kérlek nézd meg a csapágyak gyártóját ,utójeleit,és hogy ZZ-s,vagy VV-s.
Amennyiben nyitott akkor nincs gond,ha tömített akkor speciálisat kell keresni.
Az NSK T1X (ZZ),(VV), 6207/131001/p,6308/108001/p.
TYA kosárkialakítással 115%-al emelhető a határfordulat.
10.15. BD: beérkeztek a csapágyak"
SZÉV2019-0353,0,Babett,09.24,0,0,10.15,,M15245,DENDRIT,Kondia B640,AT10-730x32 szíj,,BD: 10 db szíjat kaptunk
SZÉV2019-0354,0,GYE,09.24,,0,09.26,,M14248,Elektro-Fer-Vill,MM-1000,Rotex kuplung,"Szükségünk van 1 db Rotex kuplungra.
D=65 mm
d1=25 mm
d2=35 mm
L=90 mm",
SZÉV2019-0355,0,IMP,09.24,,0,10.09,BET2020/03252,-,SZÉV,Mindman MACP-300L,Mindman levegőelőkészítő csészék,,
SZÉV2019-0356,x,GYE,09.26,,0,,,M08130,Magyarmet,EmL-510,695-5GT főorsó szíj,,
SZÉV2019-0357,0,IMP,09.27,,0,07.20,,-,Magyarmet,Kafo SV-1000,KAFO Vizipisztoly,,
SZÉV2019-0358,X,GYE,09.27,,0,,,M11298,Elektro-Fer-Vill,MM-800,Cells 10.000 rpm főorsó csapágyazás,,"o-gyűrűk megrendelve, csapágyak árajánlata kiküldve az ügyfélnek...
DÓRI?"
SZÉV2019-0359,0,GYE,09.28,,0,10.03,,M18184/P18083,Momert Zrt.,EPA-320,EPA-320 Mellékhajtás és jeladó szíjak,"Főhajtás: 
1 db Poly-V PL 1715 mm 20 borda - 30.016,- HUF + áfa beszerzési ár
1 db poly-V PL 1841 mm 12 borda - 19.396,- HUF + áfa beszerzési ár","09.30. Power Belt - BELSŐ RENDELÉS - SZR201903770 - SZÉV2019-0359 - EPA-320 - Mellékhajtás és jeladó szíjak

SZÉV ment érte"
SZÉV2019-0360,0,IMP,09.28,,0,11.18,,M17188/P18004,Metarad,VD-510S,Főorsó keresztcsap,Igény: 5 db keresztcsap a főorsó végébe,11.18. BD: beérkezett
SZÉV2019-0361,1,BABETT,09.28,,1,,,M08086,Javel-Inn,S-280,Sauter revfej dió,,
SZÉV2019-0362,1,LOG,09.28,,0,,,-,SZÉV,-,Tárolódobozok raktárba,,
SZÉV2019-0363,0, IMP,09.28,,0,,,M12024,LAMI 2003 Kft.,MM-760,MM-760 Y első harmónika,,
SZÉV2019-0364,0,"GYE
EG",09.30,,0,10.24,,,Schneider,Tomill,Biztonsági üveg,2 db biztonsági üveg,
SZÉV2019-0365,0,IMP,09.30,,0,01.09,,M18214,Hydro Extrusion Kft.,EM-1500,X szánvédő burkolat,,01.09. Beérkezett
SZÉV2019-0366,0,GYE,10.02,,1,10.09,,M13116,LAFÉM Bt,SC-32,Munkadarab elkapó ajtózsanér,,"EG: Dóri? Meg tudtad oldani?
LR: Az Ügyfél megoldotta a problémáját, köszöni a segítséget, nem kell vele foglalkozni."
SZÉV2019-0367,X,GYE,10.02,,0,,,M16166,Magyarmet,KAFO SV-1000,Folyadékelosztó tömb,"Igény: árajánlat 1 db, csatolt rajzon látható alkatrész legyártására",BD: Még nem rendelte meg az Ügyfél.
SZÉV2019-0368,0,GYE,10.03,,0,10.15,,M08100,Le Belier,WHN-9B,Siemens motor csapágyak,Igény: 2 db NTN TS2-6210T2XC4PX8,BD: beérkeztek
SZÉV2019-0369,0,IMP,10.03,,0,12.06,,M16167,T-NC Technika,KAFO SV-1000,Csészebillentő munkahenger,Igény: árajánlat 3 db [5] MR4AK0005F01-T-10 Pneumatic cylinder (csészebillentő munkahengerre) a szerszámtárba,12.06. BD: beérkezett
SZÉV2019-0370,x,"GYE
EG",10.04,,x,12.07,,M17227/P18036,MWT Technology Kft.,KFO-650DD,Parker 30 baros fém szűrőbetét,Igény: 1+5 db Parker 936712Q FÉMhálós szűrőbetét,1207. Import igény elindítva komplett szűrőházra és betétre ebben a levelezésben: SZÉV2019-0450 Parker nagynyomású víz egység
SZÉV2019-0371,0,"GYE
SA",10.04,,0,12.03,,,Frank Hungária,,locline csövek,"locline cső: 6 db 12 kék szegmensből álló cső, ha a csatlakozó menetnél rámérnek, akkor 16-ot mérnek. Köralakú szórófejekkel kérik mind a hatot, lehetőleg 2-2-2 db-ot kérnek mindegyik szórófejből. Kérik hozzá a 6 db menetes csatlakozót is.",12.03. BD: beérkezett
SZÉV2019-0372,0,"GYE
SA",10.04,,1,,,,ISD Dunaferr,Miniturn,védőplexi,,"2019/000001183 
dec. 2"
SZÉV2019-0373,1,BABETT,10.07,,0,,,M030050,Somapak Kft,TUR630,TUR630 eszterga főorsó rajz,,
SZÉV2019-0374,1,IMP,10.07,,1,,,M14004,First-Tech,EMP-700M,EMP-700M Z burkolat,"Igény: Árajánlat 1 db ""Z"" tengely védőburkolatra [9] VF700-C011A - Z Axis cover",
SZÉV2019-0375,0,IMP,10.07,,0,04.30,,-,Plastic-Form,Kondia A6,Kondia A6 X golyósorsó,"Igény: Árajánlat 1 db ""X"" golyósorsóra [B50-1101]",
SZÉV2019-0376,0,LOG,10.07,,0,12.14,,-,SZÉV,-,Intercontec fogó + tartozékok,,12.14. BD: beérkezett
SZÉV2019-0377,0,"GYE
SA",10.08,,1,10.10,,M11253,Primaró,Smart-42,Elkapó munkahenger,,"10.10. Beérkezett! A SZÉV átvette személyesen, a számlát a könyvelésre adták!
"
SZÉV2019-0378,0,"GYE
SA",10.08,,0,12.03,2019/000001184,M11036,GRIF-TOOLS KFT,EmL-1020E,"20db - 10-00006929-00,Tartalék / Szerszámtartó zsebek esernyős szerszámcserélőhöz / SK40/ DIN40",,
SZÉV2019-0379,0,GYE,10.09,,0,10.15,2019/000000979,M15115,GÖMBÖLYÍTŐ,SC-32,"50BAR nyomásgomba, átfolyás érzékelő",e-mailben mentek képek,
SZÉV2019-0380,0,GYE,10.09,,0,10.15,"2019/000000978
2019/000001012
",M14093,Unitool-Plastik,EmR-1020D,AiS100 főmotor tartozékok,"Igény: 
Adrián:
1 db Deublin 1109-020-188, 
1 db Rotex GS38 + kuplung kereszt zöld, 
1+1 db vízátvezető AiS100-ashoz (egy másikból is hiányzik, azért a 2 db)
1+1 db kötődoboz tartó L-vas

Erika:
1+1 db Csatári kötődoboz 150x150 AiS100-ashoz",10.24. BD: bejött minden
SZÉV2019-0381,0,BABETT,10.10,,0,12.17,,-,Vivber Kft.,Kondia HM-1060,Szerszámtár tartókonzol,"Igény: 1 db szerszámtár tartókonzol, 18+4 db szerszámtartó zseb csillapító betét (B-3105 Spring Support Rubber?)",12.17 BD: beérkezett
SZÉV2019-0382,0,GYE,10.10,,0,10.24,,-,Nivelco,SLT-320,Motortartólap átmunkálás,"Igény: 1 db motortartólap átmunkálás, 1 db szíjtárcsa, 1 db gyűrű",10.24. 1 db gyűrű bejött
SZÉV2019-0383,0,GYE,10.11,,0,10.16,2019/988,M14093,Unitool-Plastik,EmR-1020D,AiS100 15.000 csapágyak,,10.18. BD: bejöttek
SZÉV2019-0384,0,"GYE
EG",10.11,,0,11.26,,M09033,Consystec (Babits MACH-TECH),JSL-32ABMs,Levegős kompakt munkahenger,Munkahenger cikkszáma: 10-10006008-00,"Hafner - SOS RENDELÉS - SZR201904288 - SZÉV2019-0384 - JSL-32 - Levegős kompakt munkahenger
11.27. -re várható"
SZÉV2019-0385,1,IMP,10.11,,0,,,M17064,Caadex,KAFO KMC-5135,Kafo szögfej alkatrészek,,
SZÉV2019-0386,0,ERIKA,10.14,,0,10.15,,-,SZÉV,-,Harting alkatrészek 2019.10.14.,,BD: beérkeztek
SZÉV2019-0387,1,"GYE
IMP
SA",10.14,,1,,,-,SZÉV,-,Főorsók SZÉV raktárra,,
SZÉV2019-0388,0,IMP,10.15,,0,03.20,,-,SZÉV,-,Mérőeszközök SZÉV,,
SZÉV2019-0389,0,GYE,09.24,,1,10.15,,M18302,ASG Vízgép,SV-1000,"1,5 m víztömlő, 26-os belső átmérővel
1 db mechanikus ajtóretesz (lásd: csatolt kép)
 vízszelep (kisebbik)",,
SZÉV2019-0390,1,"GYE
SA",10.16,,0,,,,KM CNC,,"""T"" kenéselosztóra 3 db 1/8""-os belső menettel, 5 db-ra, holnapra",,"10.16. SA: Beküldök egy darabot! A többit intézem.
S.A. 12.20. Rendelek az Optimittől 10db TBBBF-B18 1/8"" belső menetes T elosztót, amibe majd ilyen igényeknél olyan kenés csatlakozót rakunk,amit akarunk. http://www.optimit.hu/termek/tidom-fix-belsobelsobelso-bspbspbsp - JANUÁRBAN VÁRHATÓ  
"
SZÉV2019-0391,1,IMP,10.17,,1,,,-,SZÉV,-,"VL-1000 8YU és 5GT szíjtárcsák főorsó, főmotor",,
SZÉV2019-0392,1,IMP,10.17,,0,,,M05081,Holes Kft.,TNL-130AL,TNL munkatérbeli forgácsvédő függöny,Igény: 1 db forgácsvédő függöny (a szegnyereg mögött/mellett),
SZÉV2019-0393,1,IMP,10.17,,1,,,M09149,Kokilla Prec,MM-800,Szerszámcserélő karforgató motor,"Igény: 1 db szerszámcserélő karforgató motor 220V/50Hz/ 0.56 kW, rpm 1390/3.4A",
SZÉV2019-0394,0,GYE,10.25,,0,12.03,"2019/000001075
2019/000001182",,SZÉV,,Vízszelepek,"- 2 db 10-01000175-00Mágnesszelep vízhez BB 1/2""-os menettel + ZB10A mágnes + stekker
- 1 db 10-01000251-00Mágnesszelep vízhez BB 3/4""-os menettel + ZB10A mágnes + stekker","HÁTRALÉK SA
12.03. hátralék is bejött"
SZÉV2019-0395,0,GYE,10.28,,1,11.19,,,Plastic-Form,Kondia A6,Kondia A6 golyósorsó csapágyak,"6 db RHP gyártmányú BSB 025062 2TB HP3 golyósorsó csapágy, 2 db SPIETH MSR M25x1.5 orsóanya","Csapágy már bekerült 11.05.
Pannon - RENDELÉS - SZR201904244 - SZÉV2019-0395 - Kondia A6 - Csapágyanya 11.14. fizettük"
SZÉV2019-0396,0,IMP,10.28,,0,06.03,,M12071,Metarad,VD-510S,"VD-510S ""Z"" tengely védőburkolat",,
SZÉV2019-0397,0,GYE,10.29,,0,11.07,2019/000001070,M15232,Metarad,VD-510S-5AX,VD-510S főorsó felújítás,"- 4 db FAG HCS7008-C-T-P4S-UL
- 56 db 12.00x28.00x1.50
- 1(+10) db 1/8""-os 90°-os levegőcsatlakozó 8-as",11.07. BD: minden beérkezett
SZÉV2019-0398,0,GYE,10.29,,0,11.11,,M15253,MVM Ovit,EPA-320,EVIG főmotor szíjtárcsa gyártás,,
SZÉV2019-0399,0,GYE,10.29,,0,11.06,2019/000001070,-,Biotech Hungary,Kondia B640,Forgóátvezető Kondiához,,"11.06. BD: megkaptuk, köszönjük"
SZÉV2019-0400,1,"SZÉV
BD",10.29,,1,,,-,SZÉV,-,VMA kuplungok,,EZ 11.15. EG MI?
SZÉV2019-0401,1,IMP,10.30,,1,,,M17169,Yonix Trade,EmL-800B,Y vezetékvédő burkolat görgő,,
SZÉV2019-0402,0,GYE,10.30,,0,,2019/000001070,M17182,Dantom Kft.,EmL-800B,EmL-800 vízszűrő 20 bar-os nyomáshoz,,
SZÉV2019-0403,1,IMP,10.30,,0,,,-,Unimodul,-,Öntisztító forgóablak,,
SZÉV2019-0404,1,IMP,10.30,,1,,,M11120,Petrus,EmR-1200D,Szánvédő burkolat tömítés,,
SZÉV2019-0405,1,IMP,10.30,,1,,,M07188,Marostech,TNL-85ADT,TNL-85 ablaküveg,,
SZÉV2019-0406,1,LOG,11.04,,1,,,-,Rampf Formen,EEN-400,Siemens motor felújítás,,
SZÉV2019-0407,0,GYE,11.04,,0,11.08,,-,SZÉV,-,Menetreszelő,,11.08. BD: beérkezett
SZÉV2019-0408,1,IMP,11.04,,1,,,M11258,FSA,LT-52DT,Tokmány + pofák,"Igény: technikai adatok legnagyobb tokmányról, ill. befogható munkadarab méretekről ennél a konkrét gépnél (átmérők, kinyúlás, súly, stb.)",
SZÉV2019-0409,0,BABETT,11.05,,0,11.06,,-,Biotech Hungary,Kondia B640,Kondia B640 szíjtárcsák,Igény: Árajánlat 2 db [B50-4008] és 3 db [B50-4022] szíjtárcsákra,11.12. BD: túl drága importból a jeladó tárcsa
SZÉV2019-0410,0,"GYE
SA",11.05,,0,,"2019/000001180
",-,SZÉV,-,Hidraulika / Nyomáskapcsoló gomba + gumisapka,"Hidraulika / Nyomáskapcsoló gomba 1-10 BAR D=1/4"" (0166-407-03-1-027) olajgomba,10-00002431-00 - 8db
Hidraulika / Nyomáskapcsoló gomba 10-20 BAR D=1/4"" (0166-411-03-1-043) olajgomba,10-00002433-00 - 8db
Hidraulika / Nyomáskapcsoló gomba gumisapka  0166-hoz (1-1-66-621-010),10-00002432-00 - 16db+16db réz alátét","Ha megkaptuk, postázni a Ceresz 2000 Bt-nek 2 db nyomáskapcsolót 10-20 baros méréstartományút, M10x1-es menettel!Ha szükséges vágja rá Peti bá a  menetet!A gumiharang és a réz alátét se maradjon ki a csomagból - ezek alaptartozékok."
SZÉV2019-0411,0,GYE,11.05,12.31,0,12.03,2019/000001075,-,Biotech Hungary,Kondia B640,Kondia 6.000 rpm főorsó felújítás,"- Orsó menesztődiók (rajzok alapján gyártatni, az eredetiek sérültek)
- Deublin 1109-020-188 bordás forgóátvezető (SZÉV2019-0399 IGÉNY)
- 1 pár NSK 7012CTRDULP4C3 v. FAG B7012CTP4SUL
- 1 pár NSK 7014CTRDULP4C3 v. FAG B7014CTP4SUL","Tral Trade - RENDELÉS - SZR201904368 - SZÉV2019-0411 Kondia B640 - Főorsó felújítás - Orsócsapágyak FIZETENDŐ
Juhász - RENDELÉS - SZR201904366 - SZÉV2019-0411 Kondia B640 - Főorsó felújítás - Főorsó menesztődió 1-2 + Raktár
Deublin bekerült 11.05."
SZÉV2019-0412,0,GYE,11.06,,1,11.15,,M17206,TLC BF Invest Kft,MAHO - MH-C 900,Maho-Z-hajtás-átépítés,,
SZÉV2019-0413,0,IMP,11.06,,0,,,M17148/P18068,Jandem Kft.,Smart S8,Smart levegőelőkészítő egység,,
SZÉV2019-0414,0,"GYE
LOG",10.22,,0,11.27,,M18041/P18042;M11299,Mobilinter (Variatrade International Kft.),EmR-1020D,Mobilinter AiS100 10.000 rpm javítás,,"Deublin bekerül 10.24.
FÉMÓ csapágy kell; ferde hatásvonalú"
SZÉV2019-0415,0,GYE,10.22,,0,11.11,,M11036,Grif-Tools,EmL-1020E,Főorsó 8.000 rpm javítás,,
SZÉV2019-0416,0,"GYE
LOG",10.22,,1,11.27,,M11075,Steelforg,EmR-1020D,Steelforg AiS100 15.000 rpm javítás,,"Deublin bekerül 10.24.
FÉMÓ csapágy kell; ferde hatásvonalú"
SZÉV2019-0417,1,IMP,11.04,,0,,,M14066,BIOTECH,DK-7732F,SZÉV tartalék huzal alaktrész,,
SZÉV2019-0418,0,GYE,11.11,,1,11.15,,M15086 ,Industriebedarf Krüger,HG-400 (V.)HG-400 (V.)(006)HG-400 III PALETTA POOL,Krüger HG-400 munkahenger javítás,,Beküldtünk hozzá mindent
SZÉV2019-0419,1,IMP,11.12,,0,,,M07361/M18020,Petrus,TMV-850A,TMV-850 Z szánvédő burkolat,,
SZÉV2019-0420,0,IMP,11.12,,0,01.09,,M14247,Procam MŰSZAKI ÉS FEJLESZTŐ KFT PMP,MM-1000S,MM-800/1000 szíjtárcsák,,01.09. BD: beérkezett minden
SZÉV2019-0421,0,GYE,11.12,,0,11.13,2019/1098,-,SZÉV,-,Szűrőbetét rozsdamentes acél 90 (Hydra 90-hez) -10db,WD cikkszám: 10-10005449-00,
SZÉV2019-0422,0,GYE,11.12,,0,11.13,,-,SZÉV,-,Csigafúrók,"Igény: HSS csigafúrókból a következő méretek
1 db Ø1.00 mm, 
1 db Ø1.50 mm, 
1 db Ø3.00 mm, 
1 db Ø3.30 mm,
1 db Ø4.20 mm",
SZÉV2019-0423,0,GYE,11.13,,1,11.14,,M06045,Elektronis,TNL-120ADT,TBMA revfej járatáshoz hidraulika szerelvények,,
SZÉV2019-0424,0,GYE,11.13,,0,11.19,2019/000001125,M16286,SGN Steel,EmR-1604D,EmR-1600 főorsó felújítás,"Igény: 4 db 10-00004027-00 Csapágy / HS7014-C-T-P4S-UL orsócsapágy   FAG, 1 db szerszámoldó munkahenger felújítás Bétabagoly (kiküldjük Taksonyba, munkahenger javítás nettó beszerzési ára 68660 Ft)","11.15.
csapágy Taksony rakt.
Fabory - RENDELÉS - SZÉV2019-0424 - EmR-1604D Főorsó tányérrugók
munkahenger - Bétabagoly"
SZÉV2019-0425,0,GYE EG,11.14,,0,,,-,SZÉV,-,Vízmértékek szervizbe,,
SZÉV2019-0426,0,GYE,11.14,,0,11.26,,M08321,Biotech,Kondia B640,Kondia jeladó szíjtárcsa gyártás,Szíjtárcsa rajzszáma: 70049882-00,"11.15.
Power Belt - SOS RENDELÉS - SZR201904400 - SZÉV2019-0426 Kondia B640 - Szíjvezető perem
N+K szíjtárcsa megmunklás
Csa-Ta szíjtárcsa vésés"
SZÉV2019-0427,0,GYE SA,11.14,,0,12.03,2019/1181,-,Bíró Kft. ,-,Vizipisztoly - 5 db,"ha megjött, Bírónak jelezni - 2 db kell neki, 2 db megérkezett 11.15.",12.03. BD: beérkezett
SZÉV2019-0428,0,IMP,11.14,,0,12.18,,M15069,SPH Plusz,TCS-2000DT,Hidraulika mágnesszelep,,12.18. BD: beérkeztek
SZÉV2019-0429,1,IMP,11.14,,1,,,M06151,Huszár Szerszámkészítő Kft.,TMV-1600A,"TMV-1600 ""Y"" vezetékvédő burkolat",,
SZÉV2019-0430,0,GYE EG,11.15,,0,12.03,2019/000001185,M16017,Profimill,EmL-610B,Profimill CTS szűrő kiváltás nagyobbra,Igény: 1 db komplett Parker 40CN2/20Q szűrőház (szűrőbetétünk van hozzá),12.03. BD beérkezett
SZÉV2019-0431,1,IMP,11.15,,0,,,M11008,VT-Asyst,BNC-446,BNC-446 tokmány,,
SZÉV2019-0432,0,GYE,11.15,,0,11.27,,M14289,Procam Műszaki és Fejlesztő Kft,Deckel DC100V,Szerszámtár mozgató munkahenger felújítás,,11.27. BD: visszakaptuk a munkahengereket (Bétabagoly - munkahenger javítás nettó beszerzési ára 14500 Ft/db)
SZÉV2019-0433,0,GYE,11.15,,1,11.27,2019/000001188,,Manz,Kondia B-640,Rotex kuplung,,
SZÉV2019-0434,0,IMP,11.15,,0,12.14,,M13167,Magyarmet,HT-92DT,Nagynyomású szivattyú,árajánlat 1 db EALY VOP-220-F-RV-C nagynyomású szivattyúegységre,
SZÉV2019-0435,1,GYE EG SA,11.18,,0,12.03,,M14249,Doroti Pack,EmL-510 (MM800),MM800 hibalista,"1. Igény: 1 db [10-00016175-00] Rotoflux A08-1501-05L forgó átvezető + visszacsapó szelep, 1 db útváltó szelep 12,5
2. Igény: 1 db [10-00002612-00] Deublin 902-120-188",Rotoflux van hátra
SZÉV2019-0436,0,GYE,11.20,,0,11.27,2019/000001160,-,SZÉV,-,Csapágyigény 2019.11.20.,"10 db [10-10001875-00] Csapágy / NSK 30 TAC 62 CSUHPN7C ferdehatásvonalú golyóscsapágy
2 db [10-00037409-00] Csapágy / 6003 C3 2RSR FAG
2 db [10-00005542-00] Csapágy / 6206 ZZC3
1 db [10-00005544-00] Csapágy / 6207 ZZC3
2 db 61903 (nyitott, nem tömített)",11.27. BD: beérkeztek
SZÉV2019-0437,1,IMP,11.20,,0,,,M19047,KÖNIGIN TRADE KFT,CHMER G43 huzalszikra ,ioncserélt gyanta,árajánlat kellene,
SZÉV2019-0438,0,IMP,11.21,,0,02.10,,-,SZÉV,-,"Royal főorsó menesztődiók, csipeszek",,02.10. beérkeztek
SZÉV2019-0439,0,GYE,11.21,,0,11.26,2019/000001153,-,CNC Automatizari,-,piros csillag kuplunghoz,csatolt képek-méretek mailben,
SZÉV2019-0440,0,BABETT,11.21,,0,,,M15188,PEMÜ Zrt,Deckel FP3NC,Deckel szerszámoldás golyóskosár,,
SZÉV2019-0441,0,GYE SA,11.22,,0,,,M15042,Auth Impex,TCS-2000L,Nyomásmérő óra,"1 db 0-70 bar SKUN nyomásmérő óra, hátsó kivezetésű",
SZÉV2019-0442,0,GYE EG,11.25,,1,,,M13206,Krüger,HG-400III,Krüger HG-400 asztal javítás,,
SZÉV2019-0443,0,GYE EG,11.26,,0,12.03,,M07361;M18020,Petrus,TMV-850A,TMV-850 8000 rpm főorsó javítás,"2 db NSK 70BNR10HTYNSUELP3 golyóscsapágy, 1 db N1012BTKRCC1P4 hengergörgős csapágy",
SZÉV2019-0444,0,BABETT,11.26,,0,02.10,,M16199,Brooks Instruments,GS-65,Index szinkronorsó tömítések,,02.10. beérkeztek
SZÉV2019-0445,0,GYE EG,11.27,,0,01.23,,-,BKV-VJSZ KFT,EEN-400,"""Z""golyósorsó + csapágy",árat kérnénk elsőre,"11.28. EG: ÁA elküldve, 12.04. Elfogadták az árajánlatot! Jöhet az anyag! Cs.Z.
01.23.: csapágyak is beérkeztek"
SZÉV2019-0446,1,LOG,11.28,,0,,,-,SZÉV,-,"G150XTN06 V4,20-00004202-06","NCT104 - 15"" monitor tartalék",
SZÉV2019-0447,1,IMP,11.28,,1,,,M17117,IQ Kecskemét,BNC-446,Future Life CHDW-AE-124 enkóder,árat kérnénk elsőre,
SZÉV2019-0448,1,LOG,11.29,,0,,,-,TEREX Cranes Hungary,Strigon MC2100,EZG730 alkatrész rendelés,,
SZÉV2019-0449,0,LOG,11.29,,0,,,-,SZÉV,-,EZG710 és 720 tekercselés,,
SZÉV2019-0450,0,IMP,12.02,,0,,,-,SZÉV,-,Parker nagynyomású víz egység,,
SZÉV2019-0451,0,GYE,12.03,,0,12.20,2019/000001292,-,GALAKTIKA,EEN-400,"""Z"" vezeték koszlehúzó gumi",,
SZÉV2019-0452,0,GYE,12.03,,0,12.06,,M07361;M18020,Petrus,TMV-850A,SMC levegős T elosztók,"3 db 10/10-es T csatlakozó, ágon G1/4"" menetes, 3 db 10/10-es T csatlakozó, ágon G3/8"" menetes ",Január 08. ra várható
SZÉV2019-0453,x,GYE,12.04,,x,12.14,,-,SZÉV,-,SZÉV eszközigény - Fairtool,SZTORNÓ,
SZÉV2019-0454,0,GYE,12.05,,0,12.13,2019/000001225,-,SZÉV,-,Csapágyigény 2019.12.05.,,"12.09. BD: 2 db 6306 ZZ C3 beérkezett, hátralék:
2 db 6306 ZZ C3
2 db 6203 ZZ C3
4 db 6209 ZZ C3
12.14. BD: beérkezett minden"
SZÉV2019-0455,0,IMP,12.09,,0,12.17,,M13243,Bíró Kft. ,TAJMAC.ZPS.H400.MMK-004,Tajmac B-tengely szíj,,12.17. BD: szíjak beérkeztek
SZÉV2019-0456,0,GYE,12.10,,0,01.29,,-,SZÉV,-,Lemezlyukasztó készlet,,01.27. beérkezett
SZÉV2019-0457,0,GYE,12.11,,0,12.12,,M13206,Industriebedarf Krüger,HG-400III,Maradék tömítések gépasztalhoz,,12.13. BD: beszereztük
SZÉV2019-0458,0,IMP/GYE,12.14,,0,01.17,,M13150,Kormány Kft.,TNL130ADT,BF-1500 rúdadagoló levegős szelep,,"01.17. BD: megoldható belföldről, beérkeztek"
SZÉV2019-0459,0,GYE,12.16,,0,12.20,,M16142,MST Engineering,HT-76,Főorsó tokmány hidraulika szelep,1 db WE-2D2-02G-D2-30 24V,S.A. Fejes A. megkapta - kicserélte ugyna olyanra. Leszerelt új alkatrész
SZÉV2019-0460,0,IMP,12.17,,0,03.25,,M12236,Járműszerelvény Gyártó Zrt.,JSL-20AB,Barload BEG rúdadagoló alkatrészek,,
SZÉV2019-0461,,,,,0,,,-,SZÉV,-,Mágneskapcsoló / Schneider LC1-D12P7 20-00001502-00 2 db,"
",
SZÉV2019-0462,0,GYE,,,0,01.06,,M18126/P18088,Huonker,JSL-32ABMs,JSL motororsó javítás,,01.06. BD: SZÉV elhozta a csapágyakat a Pannontól
SZÉV2019-0463,0,IMP,,,0,11.10,,M18030,Fémtek 1971 Kft.,KMC-2622,Orsóház szellőztetés motor,,
SZÉV2019-0464,0,GYE,,,0,01.06,2019/1295,M17110,Hanon Systems,EmL-510B,EmL-510 főorsó javítás,,01.06. BD: beérkeztek
SZÉV2019-0465,,,,,,,,,,,,,
SZÉV2019-0466,,,,,,,,,,,,,
SZÉV2019-0467,,,,,,,,,,,,,
SZÉV2019-0468,,,,,,,,,,,,,
SZÉV2019-0469,,,,,,,,,,,,,
SZÉV2019-0470,,,,,,,,,,,,,
SZÉV2019-0471,,,,,,,,,,,,,
SZÉV2019-0472,,,,,,,,,,,,,
SZÉV2019-0473,,,,,,,,,,,,,
SZÉV2019-0474,,,,,,,,,,,,,
SZÉV2019-0475,,,,,,,,,,,,,
SZÉV2019-0476,,,,,,,,,,,,,
SZÉV2019-0477,,,,,,,,,,,,,
SZÉV2019-0478,,,,,,,,,,,,,
SZÉV2019-0479,,,,,,,,,,,,,
SZÉV2019-0480,,,,,,,,,,,,,
SZÉV2019-0481,,,,,,,,,,,,,
SZÉV2019-0482,,,,,,,,,,,,,
SZÉV2019-0483,,,,,,,,,,,,,
SZÉV2019-0484,,,,,,,,,,,,,
SZÉV2019-0485,,,,,,,,,,,,,
SZÉV2019-0486,,,,,,,,,,,,,
SZÉV2019-0487,,,,,,,,,,,,,
SZÉV2019-0488,,,,,,,,,,,,,
SZÉV2019-0489,,,,,,,,,,,,,
SZÉV2019-0490,,,,,,,,,,,,,
SZÉV2019-0491,,,,,,,,,,,,,
SZÉV2019-0492,,,,,,,,,,,,,
SZÉV2019-0493,,,,,,,,,,,,,
SZÉV2019-0494,,,,,,,,,,,,,
SZÉV2019-0495,,,,,,,,,,,,,
SZÉV2019-0496,,,,,,,,,,,,,
SZÉV2019-0497,,,,,,,,,,,,,
SZÉV2019-0498,,,,,,,,,,,,,
SZÉV2019-0499,,,,,,,,,,,,,
SZÉV2019-0500,,,,,,,,,,,,,