Sorszám,Kész,Munkaszám,Beérkezés,Ki hozta be?,Kiszállítás / Elkészülés,Megrendelő,Géptípus,"Gépépítőelem 
megnevezése","Gépépítőelem 
típusa","Gépépítőelem 
sorozatszáma",Hibajelenség,Mechanikus munka,Elektromos munka,Dolgozó(k),Telephelyi munkaóra,"Gépészeti 
 munka", Mechanikus anyagok, Elektromos anyagok," Külsős megbízásos munkák, beszállítók","Tartozékok, megjegyzés",fiz/gar,✓,
TH0001,0,M20054,2020.06.15.,,2021.04.13.,GÉP ÉS FERROTECH KFT.,NCT-HBM-160 (PEGARD PRECIVIT AF160.S?),Szögfej,,,"Teljes mechanikus felújítás, szögmérő tervezése, beépítése","Tisztítás, szétbontás, átvizsgálás, gépészeti feladatok, szögmérő kiépítésének megtervezése;
öntvényházak, tartozékok festése, tisztítása és átmunkálása Taksonyban, tervezett alkatrészek legyártatása;
Csapágyak beméretése, új csapágyak beszerzése;
Réz kenéscsövek cseréje rugalmas kenéscsőre (4-es átmérő);
Szögmérő mágnesgyűrű illesztése, hézagolása, mérőórázása
Hidraulika gyorscsatlakozók cseréje, gumitömlők,
Egyedi csőcsonk tervezése MPT-500 kenőtáp betöltő nyílásra;
Szögfej főorsó járatása, kenés tesztelése kenőtáppal","Mérőrendszer kábel készítése (Heidenhain mérőléc kábel átalakítása, kompatibilissé tétele az eredeti AMO kábellel)","Benti munka: Schmiedmeiszter P., Ginter E.
Külső: Gulyás J., Ömböli Z., Szeles I.
Technológus: Balogh J.
PLC: Zelei J.","benti: 120 óra + 4 óra
külső: lásd szervizlapon","Muzsek René, Fűz Z.","Csapágyak:
- Timken kúpgörgős csapágy készlet (Tral Trade)
- 3 db 6306 2RS
Egyéb:
-  3 db 62-es seeger gyűrű furatba (82,50 Ft / db)
- 1 db Hajtókar (SZR202100925)
Tömítések:
- 1 db szimmering S 105 x 140 x 13 RST NBR70
- 2 db szimmering S 104 x 130 x 10 R NBR70
Olajcső:
3,5 méter DN9-3/8""
3,5 méter DN19-3/4""","AMO mágnesgyűrűs útmérő rendszer:
1 db WMFA1010A10- 1024-MF-AA13 ..  -001-83 / ID 1195847-09 abszolút szögmérő gyűrű
1 db WMKA2010S .0110..NN-20- 1024- 1.00-1SS08-C4 ..  -001-83 / ID 1157637-P8 abszolút szögmérő olvasófej
Továbbiak:
4x0.75 fémszövött 9m
2x0.75 oá 12m
Ecat Endat kártya 1db
Schneider GV2ME05 1db
Hozzá segédérintk. GVAE11 1db
LP1K09-10BD kapcs 1db
2.5-ös földelő sorkapocs 1db
1.5ös fekete vezeték 6m
0.75ös kék vezeték 4m
Ecat szalagkábel 1db","Heidenhain, Gördülő Simmering, Seal Ring, Biotek, Optimit, Bétabagoly, Juhász Műhely, Szögker",,,,
TH0002,0,M15077,2020.06.29.,,2020.11.11.,B-METÁL KFT.,TOS SUI 63,Revfej,hidraulikus revfej,,Leültetési hiba,"revolverfej beszállítása NCT-be;
Szétbontás, átvizsgálás, szelepek O-gyűrűinek cseréje; próbajáratás
Hiba egyelőre nem jelentkezett;
A központi bordástengely és a fogaskerék agy közé beiktattunk egy O-gyűrűt, mert gyanúnk szerint ott levegősödött (gyárilag ott nincs tömítés);
módosítás utáni járatás eredménye: a revolverfej hiba nélkül vált, az olaj nem fröcsög a tetején","PLC testreszabása a revolverfejhez SZÉV járatón (revolverfej működés további megértése, hogy az ÜF-nél a PLC hasonlóan működjön és vezérelje a fejet)","Schmiedmeiszter P., Tóth Viktor",40 + 8 óra,-,"10-00040680-00 O 40 x 6 FPM80 - 2 db
10-00030580-00 O 30 x 5 FPM80 - 1 db
10-00008447-00 Gumi / O-gyűrű 82x2 NBR 70 - 1 db
10-00221870-00 O 22 x 1,8 NBR70 - 12 db",-,-,,,,
TH0003,0,M14056,2020.07.13.,,2022.01.xx,S.C.ALU META SISTEM S.R.L.,MM-760,Főorsó,CELLS 8.000 RPM,,Főorsó felújítás,"Totálkáros a főorsó, szétégett belülről, csapágyat le kellett flexelni a főorsóról, csapágy a valszeg fészekben megforgott
Új csapágy távtartó gyártása (Juhász)
Csapágyazás, összeszerelés, járatás",-,Schmiedmeiszter P.,12 óra,Muzsek René,"Csapágyak:
- 4 db NSK 60BNR
Szíjtárcsa:
- 1 db 5GT-68T (10-00033115-00)
Tányérrugók:
- 68 db 34.00x16.30x2.00
Tömítések:
- 1 db 6x1 NBR70
- 1 db 7x1 NBR70
O-Gyűrűk:
- 4 db 113.4mm x 3.10mm",,,,,,
TH0004,0,M13166,2020.07.21.,,2021.03.16.,PRO FORM KFT.,EmR-1304D,Főorsó,ROYAL DIN#40 15.000 RPM,182932,Munkahenger ereszt,"Ügyfél csereorsót kapott!
SN: 204082
SZL: 27192
Munkahenger felújíttatása, főorsó készreszerelése",-,"Schmiedmeiszter P., Belencsák Á.",3 + 5 óra,-,-,-,Bétabagoly Kft.,,,,
TH0005,0,M10164,2020.07.29.,,2021.02.10.,DÖMÖTÖR ISTVÁN EV,Snupy 175,Esztergagép,,,Szerzőzéds szerinti javítások elvégzése,"1. Sauter revolverfej: leültetési hibák, csak 2 szerszámhely volt használható; korábban rendelt alkatrészek beépítése
2. ""Z"" tengely hangos: golyósorsó kopott, szabadon forgatva is hangos, Szimikronnak eljuttatva 09.11., feljavítva, visszaépítve;
3. ""X"" tengely kottyan: a szíjtárcsa lötyögött a tengelyen, újraillesztés, ""X"" tengely beállítása éklécekkel, csapágyak újrahúzása;
4. Főorsó leszúráskor beremeg?
5. Főmotor ventilátor hangos? Ventilátor motor átcsapágyazás
6. Hűtővíz szivattyú hangos? Szivattyú motor átcsapágyazás
7. Vezetékvédő harmónikák szakadtak, újak gyártatása -> Gépőr Kft
8. Szegnyereg 1 óra alatt kitolódik teljesen magától? -> nálunk nem jelentkezett
9. Hűtővíz nyomás minimális? -> új hűtővíz cső gyártása megfelelő fittengekkel (Optimit)","1. Vezérlőcsere NCT 201-ről 304-re;
2. Lábjegyzet frissítése, módosítása;
3. Szoftver frissítés;
4. Vezérlőszekrény rendbetétele","Schmiedmeiszter P., Ömböli Z., Kovács R.
Technológus: Farkas P., Simon Szb.",40 óra + 8 óra (techn.) + 8 óra (techn.),-,"""X"" tengely behajtás oldal:
- 1 db SNR 6009 EE (10-00016482-00)
""Z"" tengely
- 2 db ZKL NU204 hengergörgős csapágy (10-00000204-10)
- 2 db SIM30x40x7 S HMSA10 RG szimmering
- 0,5 m Törlő / Vezetéktörlő BA-18 (L=1000 mm),10-00001144-00
- 1 db 10-00016806-00 Védőharmónika / Snupy(1.) M11228
- 1 db 10-00016807-00 Védőharmónika / Snupy(2.) M11228
Szivattyú:
- 1 db 6202 ZZ (10-00002551-00)
- 1 db 6203 ZZ (10-00002751-00)
Ventilátor motor:
- ZVL 6201 2RS (10-01011134-00)
- ZVL 629 2Z (10-10000629-01)
revolverfej:
- 1 db M8-as T-anya [10-00008587] (Sauter: 064915)
Vizezés:
- 1 db hidraulika cső 2 m + 1,2 m (egyik vége M14x1,5; másik: M22x,15) (Optimit Kft.)",2 méter motorkábel fémszövött (szivattyúhoz),Gépőr Kft. (szánvédő harmónika gyártás),Sauter revolverfejen Baruffaldi tárcsa van!,,,
TH0006,0,M18221,2020.08.03.,,2020.10.22.,PHOENIX MECANO KECSKEMÉT KFT.,Chiron FZ-15S,Motor,"Siemens ""Z""",,Fék nem old,"Motor megbontása, átvizgálás: a motorfékben található mágnesgyűrű eltörött, fék komplett cseréje szükséges",,"Schmiedmeiszter P., Gulyás J.",30 + 2 óra,-,"Motorfék:
- 1 db [10-21996-00] Kendrion 86 611-11H03 24V DC 0.93A 28Nm állandó mágneses fék",,,"Szerelési tapasztalatok: a fék armatúrája és állórésze között 0,3 mm légrést kell hagyni, vagyis a tengelyen nem lehet koppig feltolni
AZ ÚJ FÉK ARMATÚRÁJA ÉS ÁLLÓRÉSZE KÖZÖTT VOLT EGY VÉDŐLAP, EZT EL KELL ELŐSZÖR TÁVOLÍTANI, KÜLÖNBEN NEM MŰKÖDIK SEHOGY!!!!!!",,,
TH0007,0,M15086,2020.08.07.,,2020.12.xx.,INDUSTRIEBEDARF KRÜGER GMBH (CZETEC S.R.O.),HG-400 (V.) (006),Komplett motororsó,,,Motor zárlatos,"Motororsó szétbontása, állórész tekercselés kiküldése Dévaványára. Új tekercselés készíttetése. Tekercselés bevonatása fémepoxival (EMTC Kft.). Bevonat méretre esztergálása (Juhász Műhely). Új állórész csomag beemelése orsóházba. Főorsó csapágyak zsírzása. Hátsó hengergörgős csapágy cseréje. Deublin és vízbevezető cső csapágyainak cseréje. Munkahenger tömítéseinek cseréje.",Motororsó bekötése Torque motor járatóba,"Schmiedmeiszter P., Ömböli Z.",32 + 8 óra,-,"Csapágyak:
- 1 db NSK N1011B P4 (Tral Trade)
- 2 db NSK 7203A5CTRDULP3
Deublin:
- 1 db 1109-144-212 [10-00017846-00]
Munkahenger tömítések:
- 1 db SKY-60 (60*70*6) NBR70 karmantyú
- 1 db LBH71*81*6/8 porvédő NBR70
- 2 db SKY-71 (71*80*6) NBR70 karmantyú
- 1 db O-gyűrű G90 (89,4 x 3,1) NBR70
Szerszámbehúzó tömítések:
- 1 db SKY-30 (30*40*6) NBR70 karmantyú
Állórész átmunkálás:
[00-10026860-00] Juhász
[00-10026859-00] Állórész gyantakiöntés 14.400 Ft",-,"Liker Motors
EMTC Kft. 
Juhász Műhely
Tral Trade
Seal Ring Kft.
Plussz & Roll","Behúzóerő: 8,1 kN
Rezgés: 0,4 / 0,6",,,
TH0008,0,-,2020.09.23.,,2020.11.04.,ISD DUNAFERR ZRT. ,Seiger SLZ-360 eszterga,Főorsóház,,,Főorsó csapágyazás,"Bontás, tisztítás, csapágyak beazonosítása, új csapágyak beépítése",-,Schmiedmeiszter P.,8 óra,-,"Csapágyak:
- 3 db IBC 71919-CTP2H-TBTM (triplex)
- 2 db IBC 71913-CTP2H-DBM (duplex)",-,Tral Trade,"Eredeti csapágyak:
- 3 db SNFA SEB95-7CE1TDM
- 2 db SNFA SEB65-7CE1-DDM",,,
TH0009,0,-,2020.10.02.,,2020.11.20.,S.C.ROBAC INDUSTRIES S.R.L.,Deckel DMC-70V,Motor,Siemens max. 9.000 RPM,1PH7107-2NG32-0DC0 P921 8134 01 ,"Csapágyazás, jeladózás","Motor bontása, tisztítása, új csapágyak beépítése, új sorkapocs, összeépítés, új jeladó + csatlakozó, egyensúlyozás, járatás","Intercontec, NCT kompatibilis jeladó csatlakozó foglalat kiépítése","Schmiedmeiszter P., Ginter E.",6 + 2 + 2 óra,Szabó Valentin,"Csapágyak:
- 1 db NTN 6308T2X2LLBACS40PX13 [10-10006115-00]
- 1 db NTN 2TS3-6208LLBACS4#01 [10-01001666-00]","Sorkapocs:
- 1 db egyedi, textil bakelitből","FÉMÓ Kft.
Tral Trade",,,,
TH0010,0,M06118,2020.10.02.,,2020.10.22.,MEDIMETAL KFT.,TMV-510,Főorsó,CTS 12.000 RPM,,Főorsó csapágyazás,"Orsó bontása, tisztítása, kúpköszörülés, csapágyazás, forgócsatlakozó kiórázása",-,"Schmiedmeiszter P., Belencsák Á.",4 + 3 óra,-,"Csapágyak
- 4 db NSK 45BNR10STYNSULP3
- 1 db NSK N1009
Tömítések
- O 15 x 1,5 NBR70 (4016930090),10-00151570-00 - 12 db
- O 24 x 3 NBR70 (4016930090),10-00024370-00 - 10 db
- X 24,99 x 3,53 NBR70 X-gyűrű (4016930090),10-02499353-00 - 1 db
- O 07 x 2 NBR70 (4016930090),10-00007270-10 - 11 db
- O 07 x 1,5 NBR70 (4016930090),10-00071570-00 - 10 db
Szíj:
- 1 db 1000-EVGT-30",,Losonczi,"Köszörülés 420 EUR. 
Tömítések 637,49 HUF.",,,
TH0011,0,M06195,2020.10.05.,,2020.10.26.,PLASTIC-FORM KFT.,Kondia A6,Főmotor,Siemens 1PM4105-2LW26-1AS1-Z 12.000 RPM,U631 11719 01 001,Motor magas fordulatokon zörög (>9000 1/min),"Bontás, tisztítás, új csapágyak beépítése, összeépítés, egyensúlyozás, járatás",-,Gulyás J.,8 óra,-,"Csapágyak:
- 2 db SKF S7208CDGA/HCP4A [10-10012238-00]",-,-,-,,,
TH0012,0,M14050,2020.10.12.,,2020.11.12.,METAPLAST GEAR TECHNOLOGY KKT.,MM-760,Főorsó,CELLS 8.000 RPM,691402A085,Főorsó felújítás,"Bontás, tisztítás, kúpköszörülés, csapágyak cseréje, szíjtárcsa cseréje;
járatás",-,Schmiedmeiszter P.,8 óra,-,"Csapágyak:
- 4 db NSK 7012CTRSULP3
Szíjtárcsa:
- 1 db 5GT-68T (10-00033115-00)
Tányérrugók:
- 68 db 34.00x16.30x2.00
Tömítések:
- 1 db 6x1 NBR70
- 1 db 7x1 NBR70
O-Gyűrűk:
- 4 db 113.4mm x 3.10mm ",-,Losonczi,,,,
TH0013,0,M10116,2020.10.14.,,2020.11.19.,VARRIVÁL KFT.,VMC-1600F,"Főorsó
Főmotor","ROYAL DIN#40 10.000 RPM
AiS 132",,"Főorsó, főmotor csapágyazás","Főorsó: orsó bontása, tisztítása, orsókúp köszörültetése, csapágyak cseréje, rugóköteg cseréje, szíjtárcsa csere;
Főmotor: csapágyazás, új szíjtárcsa átmunkálás + csere, egyensúyozás, erősáramú sorkapcsok (5 db) cseréje, PG-21 gégecső 0,7 m, 2 db PG21 karmantyú + anya",,"Schmiedmeiszter P., Rákosréti J.",16 + 4 óra,-,"Csapágyak:
- 4 db FAG HS7014-C-T-P4S-UL (főorsó)
- 2 db FAG B7209-C-T-P4S-UL csapágy (főmotor) 
- 1 db IBC 6207 TB P4A2H (főmotor)
Szíjtárcsák:
- 1 db főorsó [10-00033142-00]
- 1db főmotor (átmunkált - Gyenizse)
Szíj:
- 1050-5MGT-50 szíj [10-10004185-00]
Forgócsatlakozó:
- Deublin (902-120-188) forgócsatlakozó 10-00002612-00
Jeladó:
-Lenord Bauer Gel2444
Tányérrugók:
- 56 db 40.00 x 20.40 x 2.50
O-gyűrűk:
- 4 db G140 (139,4 x 3,1)
Egyéb:
PG-21 gégecső 0,7 méter
2 db PG21 karmantyú + anya",,FÉMÓ Kft.,,,,
TH0014,0,M12282,2020.10.21.,,2020.11.18.,ELIN METAL,IR1250F40 orosz horizont,Motor,"orosz ""Z""",,motor kiváltás,"Eredeti motor lemágneseződött: kiváltás NCT motorra, motortartó lap gyártása szükséges
Új motor: NCT Ai15-30-54-EH/4096 sima hengeres

Eredeti motor felmérése gépész tervező által;
motor adapter lap gyártása, új kuplung illesztése",,"Schmiedmeiszter P., Rákosréti J.",,Muzsek René,"2 db M-típus holtjátékmentes körmös kuplung piros betéttel (19/35) (Powerbelt)
1 db [70056824-00] adapter lap gyártás (Amplus + N+K)",1 db NCT Ai15-30-54-EH/4096,"Amplus Kft.
N+K Kft.
Powerbelt",,,,
TH0015,0,M16148/P18194,2020.10.22.,,2020.10.29.,METARAD CNC KFT. ,Slovtos S-280,Főorsó,4.000 RPM,,Főorsó csapágyazás,"Hibakeresés, bontás, tisztítás, új csapágyak felszerelése",-,"Ömböli Z.,
Schmiedmeiszter P.",4 + 4 óra,-,"Csapágyak:
- 3 db FAG B7015-E-T-P4S-UL
- 1 db FAG NN3014-D-K-TVP-SP-XL",-,Pannon Csapágy,226.821 Ft (Pannon Csapágy),,,
TH0016,0,M06118,2020.10.22.,,2020.10.28.,MEDIMETAL KFT.,TMV-510,Munkahenger,Lég-olajos Hinaka APF-0807N70cc,,Munkahenger nem engedi el a nyomást,"bontás, tisztítás, tömítések gyártatása, cseréje, összeépítés",-,"Schmiedmeiszter P., Ömböli Z.",1+1 óra,-,"Tömítések:
3 db KN/SN25 30x40x06/07 AU92
1 db GY K17 80x65x5,5 NBR
1 db O-gyűrű 80 x 2 NBR70
1 db O-gyűrű 24 x 3 NBR70
1 db O-gyűrű 48 x 3,5 NBR70",-,Seal Ring,-,,,
TH0017,0,M14229,2020.10.29.,,2020.11.27.,METARAD CNC KFT. ,TCS-1500,Revfej,BARUFFALDI TBMA-200,,revolverfej javítás,"revolverfej első pajzsok, fogaskerekek, fogaskoszorú, hajtott szerszám egység lettek behozva SZÉV-be. Az alkatrészek felülete több helyen erősen korrodált, kráteres, a csapágyak eltömődtek, megszorultak. Új hajtott szerszám alkatrészek (kuplung, fogaskerék, tömítések), fogaskoszorú csapágykosár+ hengergörgők csere + egyéb csapágyak cseréje",-,Schmiedmeiszter P.,8 óra,-,"Csapágyak:
- 2 db SKF 16004 (Gördülő Simmering Kőrösi Cs. S. út)
- 2 db SKF 61907 (Gördülő Simmering Nagy L. k. út)
Tömítések (Seal Ring BET2020/03657):
- 1 db O 10,82 x 1,78 NBR70
- 1 db O 34,65 x 1,78 NBR70
- 1 db Gyűrű / O gyűrű 53,7x1,78
- 1 db O 05,28 x 1,78 NBR70
- 1 db O 12 x 1,8 NBR70
- 2 db O-gyűrű 130x2,5
- 2 db O 120,24 x 3,53 NBR70
- 1 db GY K8 31 x 26,1 x 2,3 (fém) FLON3
- 1 db O 24,5 x 2 NBR70
- 1 db GY K8 28 x 23,1 x 2,2 (fém) FLON3
- 1 db O 21,5 x 2 NBR70  
- 1 db GY S9 35 x 43,2 x 3,2 (fém) FLON3 
- 1 db O 37,77 x 2,62 NBR70  
- 1 db GY S9 26 x 31,2 x 2,2 (fém) FLON3
- 1 db O 28 x 2 NBR70
- 2 db S 35 x 47 x 05 RST FPM80
- 2 db  O 245 x 2,5 NBR70
- 3 m O zsinór 01,78 MM NBR70 ",,,,,,
TH0018,0,-,2020.10.29.,,2020.11.12.,LOG VALVE KFT.,TMV-1050A,Főorsó,8.000 RPM,,Főorsó felújítás,"Főorsó: bontás, tisztítás, kúp köszörültetése, csapágyak cseréje,
Első labirintgyűrűből új gyártatása (Juhász)
Behúzóerő: 7,6 kN",-,Schmiedmeiszter P.,10 óra + 4 óra,Muzsek René,"Csapágyak (Tral Trade):
- 2 pár NSK 70BNR10HTV1VDUELP3
- 1 db NSK N-1012-BTKRCC1P4
Gyártás:
- 1 db 70056826-00 - Labirint
Szíj:
- 2 db 1000-EVGT-30
Tömítések:
- 1 db O-gyűrű 12 x 2,5 NBR70
- 2 db O-gyűrű 33x3,5 NBR70
- 1 db O-gyűrű 23,47x2,62 NBR70
- 2 db 144,4x5,7 (G145)",-,Juhász Műhely,-,,,
TH0019,0,M06118,2020.11.02.,,2020.11.11.,MEDIMETAL KFT.,TMV-510,"Főorsó
Munkahenger","CTS 12.000 RPM 
Hinaka HJ2-63N15F kicsi",,"Főorsó remeg, munkahenger ereszt","Főorsó: az orsó végén egymásba csatlakozó, forgó elemek egyengetése
Munkahenger: új tömítések gyártása (Seal Ring)",-,Schmiedmeiszter P.,8 óra,-,"Tömítések:
- O 20 x 4,5 NBR70
- GY K17 63 x 53 x 9,5 NBR
- GY R14 20 x 28 x 1,5/2,2 FLON1",-,Seal Ring,,,,
TH0020,0,M14287,2020.11.02.,,2020.11.13.,DUNA PRECIZIÓS KFT.,EmR-610D,Főorsó,ROYAL 15.000 RPM,212219,Főorsó csapágyazás,"Bontás, tisztítás, csapágyak cseréje, munkahenger felújíttatása",-,"Ömböli Z.,
Schmiedmeiszter P.",4 + 4 óra,-,"Csapágyak (Tral Trade):
- 4 db NSK 60BNR10HTSUELP3
Tömítések:
- 4 db O-gyűrű 119,4 x 3,1 (G120)
Egyéb:
- 1 db MB 1_S körmös alátét",-,Bétabagoly,"Gördülő Simm.:
- 1417,25 Ft
Ricsi:
- 48.640 Ft",,,
TH0021,0,M18303/P19107,2020.11.11.,,2020.11.26.,FRIGO-METAL KFT.,KAFO SV-1000,"Főorsó 
Főmotor","ROYAL BBT-DIN#40 15.000 RPM
AiS 100-LW-26 H 15.000 RPM","-
CC2-10-5017",Orsóval ütköztek,"Főorsó totálkáros, szerszám beszorult a kúpba, a főorsó végén a kuplung megforgott, megszorult;
Főmotor: kuplung cseréje, egyensúlyozás, járatás

ÜF csereorsót kapott:
- 1 db Royal BBT-DIN#40 15.000 rpm (S/N: 396982) + szerelt Rotex GS38 kuplungpár (orsó és motor oldal)
- a motor maradt az eredeti, az jó állapotú",,"Belencsák Á., Rákosréti J.",6 óra,-,"Főmotor:
- 1 db ROTEX GS38 körmös kuplung
- 1 db GS38-hoz zöld kuplung kereszt 10-00003783-00
- 1 db motortengelybe vízbevezető KAFO típ.10-00027041-00",-,,,,,
TH0022,0,M17228/P19020,2020.11.16.,,2021.03.16.,RÁK ÉS RÁK BT.,MXS-300MT,Főorsó,"ROYAL BBT-DIN#40 15.000 RPM
AiS 100-LW-26 H 15.000 RPM",,"Főorsó darál, kattog","Bontás, tisztítás, főorsó kúp köszörültetése, munkahenger felújítása
Orsó készreszerelése",-,Schmiedmeiszter P.,8 óra,-,"Csapágyak:
- 4 db FAG HC7014-C-T-P4S-UL
Tányérrugók:
- 56 db 40x20,4x2,5",-,"Pannon Csapágy
Losonczi
Bétabagoly Kft.","Eredeti főorsó, amivel a gép az ÜF-hez került",,,
TH0023,0,M05089,2020.11.19.,,2021.06.17.,BIOTECH GMBH,Kondia B-640,Körasztal,GSA CNC-201R,0421444 - 2004-10,körasztal szorul; Harting csati cserére szorul,"bontás, átvizsgálás, tisztítás - ez egy romhalmaz összeépítés",,Schmiedmeiszter P.,10 óra,,szétszerelés - hibafeltárás - összeszerelés,,,,,,
TH0024,0,M14287,2020.11.19.,,2020.11.30.,DUNA PRECIZIÓS KFT.,EmR-610D,Főmotor,AiS 100-LW 26 H 15.000 RPM,CC2-10-097,Főmotor csapágyas,"Főmotor előkészítése csapágyazáshoz; főmotor elszállítása FÉMÓ-hoz; csapágyazás; kötődoboz visszakötése, mechanikus szerelvények visszaépítése, motor egyensúlyozása, járatása",Kötődoboz bekötése,"Schmiedmeiszter P., Rákosréti J., Suhajda Sz.",2 óra + 2 óra + 2 óra,-,"2 db Csapágy / SKF S7208 CDGA/HCP4A precíziós golyóscsapágy,10-10012238-00,13z - Műhely csapágyak
1 db Csapágy / 6206 TCG12P4,10-00002765-00,13z - Műhely csapágyak
1 db Tartalék / VL-610 Közvetlen hajtás / Átvezető levegő/víz  Motor és Főorsó között 10-00004359-00 ",-,FÉMÓ Kft.,-,,,
TH0025,0,M13105,2020.11.23.,,2020.12.14.,INDUSTRIEBEDARF KRÜGER GMBH (CZETEC S.R.O.),Euroturn-12C,"Főorsó 
Ellenorsó",,,"Átcsapágyazás, felújítás","12.08.: orsóházak Taksonyban festésre
12.10.: orsóházak Fogarasin, lefestve
12.14. felújított orsók Taksonyban",-,"Schmiedmeiszter P., Ömböli Zoltán",16 + 2 óra,-,"Csapágyak:
2 db FAG B-7016-E-T-P4S-UL (főorsó)
2 db FAG B-7017-E-T-P4S-UL (főorsó)
4 db FAG B-7010-E-T-P4S-UL (ellenorsó)

Egyéb:
1 db 200045171 - Takarógyűrű (főorsó)
1 db 70046466-00 EUT 12C Hajtott kerék csoport (acél)
1 db 200048760 - Szorítófedél (ellenorsó)
1 db 200048850 - Szerelt szíjtárcsa öá (ellenorsó)",-,-,-,,,
TH0026,0,-,2020.11.23,,2021.xx.xx,NCT Taksony,EEN-400,Revfej,BARUFFALDI TBMA-100,,revolverfej felújítás,Tömítések gyártatása Seal Ring-nél,,Schmiedmeiszter P.,24 óra,Fűz Zoltán,"Tömítések:
1 db KPOR30 14 x 09,1 x 02,2 PTFE 30
1 db O 16 x 1,8 NBR70
1 db S 17 x 25 x 04 RST FPM80
10 db O 09,25 x 1,78 NBR70
1 db O 25,12 x 1,78 NBR70
1 db O 30,43 x 1,78 NBR70
2 méter O zsinór 02,00 mm NBR70
1 db O 123,44 x 1,78 NBR70
1 db O 133,07 x 1,78 NBR70
1 db O 94,97 x 1,78 NBR70
1 db O 79 x 1,5 NBR70
1 db O 18,77 x 1,78 NBR70
1 db GY K8 24 x 19 x 2,2 PTFE
1 db O 15,20 x 1,78 NBR70
1 db S9 13 x 17,9 x 2,2 PTFE",-,Seal Ring,"Tömítések: nettó 3887,15 Ft",,,
TH0027,0,M18170,2020.11.25.,,2020.11.26.,MST ENGINEERING KFT.,MXS-300MT,"Főorsó 
Főmotor","POSA BBT-DIN#40 15.000 RPM
AiS 100 15.000 RPM","- 
CC2-10-4018","Szerszámoldás nem működik megfelelően;
Főmotor beázott","ÜF csere motort kapott!
AiS 100-LW 26 H (S/N: CC2-10-5043)

Főorsó: szerszámmegfogó csipesz kibontása, szerszámoldás beállítása;
Főmotor: bontás, pajzsok lebontása, motor újratekercseltetése, csapágyazás, járatás",,"Kovács P.
Gulyás J.
Suhajda Sz.",1 + 4 + 3 óra,-,"Főmotor:
2 db Csapágy / SKF S7208 CDGA/HCP4A precíziós golyóscsapágy,10-10012238-00,13z - Műhely csapágyak
1 db 10-00017845-00  Forgócsatlakozó / Deublin (1114-020-188) forgócsatlakozó",,Liker Motors,,,,
TH0028,0,M21010,2020.11.27,,2022.03.02.,INTERMETALL KFT.,EML-610-4X ,Körasztal,,,"László Márk Sándor hozta be, egyelőre nincs vele feladat - LMS vitte vissza",,,,,,,,,,,,
TH0029,0,M17228/P19020,2020.12.02.,,2020.12.08.,RÁK ÉS RÁK BT.,MXS-300MT,Főorsó,ROYAL BBT-DIN#40 15.000 RPM,331921,"""ÚJ"" Főorsóval ütköztek",Csapágyazás sérült; csapágyak cseréje; kuplung megforgott,-,Schmiedmeiszter P.,10 óra,-,"Csapágyak:
- 4 db FAG HC7014-C-T-P4S-UL",-,Pannon Csapágy,Próbaforgácsolás során keletkezett sérülés,,,
TH0030,0,M04152,2020.12.03.,,2021.01.06.,TOBROCO MACHINERY KFT.,TNL-100A2,Főmotor,BAUMÜLLER DAF 132 L-23A10-5,10402698,Főmotor melegszik,"Motor szétbontása, tekercseltetés szükséges
12.08. Liker elvitte
12.16. Liker visszahozta
12.17. összeépítés új csapágyakkal, új jeladóval, egyensúlyozás, járatás
","Tekercselésre rámérés; az eredeti tekercs zárlatos;
Sérült jeladó kábel cseréje","Schmiedmeiszter P., Rákosréti J.",5 óra + 3 óra,-,"Csapágyak:
- 1 db NTN 6310 ZZ C3
- 1 db NTN 6312 ZZ C3
","Jeladó:
- 1 db HDH ERN 1381 1024 (id: 534118-05)",Liker Motors,Tekercselés: 138.000 Ft,,,
TH0031,0,M19142/P20018,2020.12.11,,2020.12.16.,PLASMA-TECH SYSTEMS KFT.,EML-1200SV,Főorsó,ROYAL 15.000 RPM,415328,"Csúnya felületet csinál, orsó rezgés?","Orsó bontása, átvizsgálása, tisztítás, csapágyak újrazsírzása, távtartók leppelése, összeépítés",-,"Schmiedmeiszter P., Gulyás J.",2 + 2 óra,-,-,-,-,-,,,
TH0032,0,M12263,2020.10.27.,,2020.12.17.,NIVELCO ZRT.,Smart-42,Revfej,BARUFFALDI TBMA-100,,Hajtott szerszám hiba,"Hajtott szerszám dugattyú eltört, csapágy beállt",-,Schmiedmeiszter P.,2 óra,-,"Gyári alkatrész:
1 db dugattyú (€ 290,00)
Csapágy:
1 db SKF 625 2RS
2 db SKF 61903
Tömítések:
1 db KPOR30 14 x 09,1 x 02,2 PTFE 30
1 db O 16 x 1,8 NBR70
1 db S 17 x 25 x 04 RST FPM80
10 db O 09,25 x 1,78 NBR70
1 db O 25,12 x 1,78 NBR70
1 db O 30,43 x 1,78 NBR70
1 db O 18,77 x 1,78 NBR70
1 db GY K8 24 x 19 x 2,2 PTFE
1 db O 15,20 x 1,78 NBR70
1 db S9 13 x 17,9 x 2,2 PTFE",-,Seal Ring,-,,,
TH0033,0,M19168,2020.12.18.,,-,VT-FER KFT.,Boley BC-32 eszterga,Revfej,FL-25,,revolverfej bontás,Taksonyi munkavégzés volt,-,Schmiedmeiszter P.,8 óra,-,-,-,-,-,,,
TH0034,0,M16265,2021.01.11.,,2021.01.18.,S&S CNC FÉMIPARI KFT.,TCS-2500L,Főmotor,HPB VM132M Tamagawa 1024 TTL,16102605G,Főmotor hangos,"Főmotor bontása, csapágyak cseréje",Jeladó cseréje,"Schmiedmeiszter P., Rákosréti J.",6 + 2 óra,-,"Csapágyak:
- 1 db SKF 6307 ZZ C3
- 1 db SKF 6309 ZZ C3","Jeladó:
1 db Tamagawa TTL 1024",Gördülő Simmering,,,,
TH0035,0,M16276,2020.12.14.,,2021.03.16.,SCHUNK HOFFMANN CARBON TECHNOLOGY KFT.,Klopp (III.),Főmotor,HPB VM132L,,Főmotor hangos,"Főmotor tisztítása, bontása, csapágyak cseréje, összeépítés, járatás (szíjtárcsa nélkül!)",Jeladó cseréje,"Schmiedmeiszter P., Rákosréti J.",6 + 2 óra,-,"Csapágyak:
- 2 db SKF 6309 2RSH C3","Jeladó:
1 db Tamagawa TTL 1024",Gördülő Simmering,,,,
TH0036,0,M14327,2021.01.18.,,2021.01.22.,AXICONT KFT.,MM-760,"Főorsó 
Főmotor","CELLS 8.000 RPM 
HPB VM100S 8.000 RPM","- 
14052610E",Főorsó és főmotor felújítás,"Főorsó: bontás, alkatrészek tisztítása, csapágyak cseréje, rugóköteg cseréje, szíjtárcsa cseréje, összeépítés
Főmotor: vegyszeres tisztítás Taksonyban, motor bontása, csapágyak cseréje, szíjtárcsa cseréje (és beperselyezése!), motor egyensúlyozása",Jeladó cseréje,"Schmiedmeiszter P., Rákosréti J.",6 + 2 óra,-,"Csapágyak:
- 1 db SKF 6306 ZZ C3 (főmotor)
- 1 db SKF 6307 ZZ C3 (főmotor)
- 4 db NSK 7012CTRSULP3 (főorsó)
Szíjtárcsák:
- 68-68 fogas 5GT szíjtárcsák
Szíj:
- 1 db 675-5GT-30
Tányérrugók:
- 56 db 34.00 x 16.3 x 2 mm
","Jeladó:
1 db Tamagawa TTL 1024",Gördülő Simmering,"100261781 - Főhajtás szorítógyűrűs (5,73kW-8.000RPM)",,,
TH0037,0,M20077,2021.01.20.,,2021.03.16.,NCT Taksony (FINMECH KFT.),Euroturn-12C,Főmotor,HPB VM100L 8.000 RPM,15092411G,Csapágyazás,"Motor tisztítása, bontása, csapágyak cseréje, jeladó cseréje, építés, festés, járatás",Jeladó cseréje,"Schmiedmeiszter P., Rákosréti J.",6 + 2 óra,-,"Csapágyak:
- 1 db SKF 6207 ZZ C3
- 1 db SKF 6308 ZZ C3","Jeladó:
- 1 db Tamagawa SIN",-,,,,
TH0038,0,M19069,2021.01.26.,,2021.02.15.,MST ENGINEERING KFT. ,EmR-1600M-5HT billenőfejes,Billenőfej,PARKSON,,Mindenhonnan folyik a víz,"Billenőfej hátuljának bontása; forgócsatlakozó (Rotoflux B08-1652-01E) kibontása; forgócsatlakozó szétszedése, csapágy csere (2 db nachi 6002 ZZE);
Főorsó rész megbontása, átvizsgálás, alkatrészek tisztítása, csapágyak beazonosítása; csapágyak cseréje, összeépítés, járatás, egyensúly ellenőrzése",Járatóba kötés,"Ömböli Z., Tóth V., Rákosréti J.",16 + 4 + 2 óra,-,"Csapágyak:
- 2 db Nachi 6002 ZE (forgócsatlakozó)
- 2 db GMN HY SM 6014 17° TA P4 (főorsó)
- 2 db SKF 7012 ACEGA/HCP4A (főorsó)",-,ZovitechX,"Egyensúly:
@5.000 rpm: 0,26 / 0,31
@12.000 rpm: 0,3 / 0,4",,,
TH0039,0,M18170,2021.01.26.,,2021.02.05.,MST ENGINEERING KFT. ,MXS-300 MT,Főmotor,AiS 100-LW 26 H 15.000 RPM,CC2-10-5043,Fura zaj első csapágy felől,"Motor elejének megbontása; szerelési hibát találtunk. Gépésztervezőkkel egyeztetve, ""első külső csapágyfedél"" szükséges módosításának elvégzése. Motor csapágyainak cseréje. Motor összeszerelése, járatása, egyensúlyozása.",Kötődoboz visszakötése,"Ömböli Z., Ginter E., Rákosréti J.",3 + 1 + 4 óra ,Szabó Valentin,"Csapágyak:
- 2 db SKF S7208 CDGA",,"ZovitechX, FÉMÓ Kft.",,,,
TH0040,0,M18026,2021.02.01.,,2021.02.08.,SL-FORG KFT.,TCS-2000L\51,Főmotor,HPB VM132S,18062713D,Motor csapágyas,"Motor bontása, csapágyak cseréje, összeépítés, egyensúlyozás, járatás",-,"Gulyás J., Schmiedmeiszter P., Rákosréti J.",2 + 4 + 2 óra,-,"Csapágyak:
- 1 db SKF 6307 ZZ C3
- 1 db 6309 ZZ C3",-,Gördülő Simmering,,,,
TH0041,0,M14165,2021.02.03.,,2021.03.03.,SANATMETAL KFT.,EmR-1200M-5HTA billenőfejes,Főorsó,MICROLAB M4-RMSC DIN40,,Beázott,"A forgóátvezető egy perselybe megy bele a motororsó tetején. A perselyben lévő furat kevésnek tűnik a résvíz elvezetésére. Emiatt az orsó beázott a felgyűlt víztől. Motororsó teljes szétbontása, kitisztítása, átvizsgálása. Csapágyak cseréje. Forgóátvezető cseréje. Forgóátvezetőt takaró fedélbe beszúrás esztergálása O-gyűrűnek. Jeladó tárcsa és olvasófej cseréje. Járatás, rezgés, kiegyensúlyozatlanság ellenőrzése ",Jeladó tárcsa és olvasófej cseréje,"Gulyás J., Ginter E.",16 + 8 óra,"Soós A., Fűz Z.","Csapágyak:
2 db FAG HCB7010-C-T-P4S-UL
2 db FAG HCB7013-C-T-P4S-UL
Forgócsatlakozó:
1 db Rotoflux A08-1501-05L
Tömítések:
2 db O-gyűrű 35 x 1,5 NBR70","Jeladó:
1 db Lenord+Bauer GEL2444TN1G
1 db 690362500 - Jeladófogaskerék
1 db 690067090 - Jellemez","FÉMÓ, Pannon Csapágy",,,,
TH0042,0,M13188,2021.02.04.,,2020.02.25.,GRIF-TOOLS KFT.,EmL-1020B,Szerszámoldó munkahenger,HINAKA szerszámoldó munkahenger szíjhajtásos géphez,,Munkahenger átereszt,"Munkahenger bontása, tisztítása, tömítések beazonosítása, gyártatása",-,Schmiedmeiszter P.,3 óra,-,Tömítések,-,Seal Ring,,,,
TH0043,0,M16021,2021.02.03.,,2021.02.09.,"LITZE KFT. 
PCE PELLETING CONSUMABLES EUROPE KFT.",CHM-16 belső sorjázó,Főorsó,,,Főorsó zajos,"Bontás, tisztítás, csapágyak cseréje, összeépítés",-,Ömböli Z.,4 óra,-,"Csapágyak:
2 db RHP B7006X3-TAUL EP7 GZ T csapágy
Egyéb:
1 db [10-00028451-00] M6 metrikus csavar + banjo M8x1",-,ZovitechX,,,,
TH0044,0,M05006,2021.02.04.,,2021.02.11.,FIRE CONTROL KFT. (DENDRIT KFT.),TMV-850,Körasztal,GSA CNC-201R,,"Motorcsere, karbantartás","Körasztal tisztítása, régi olaj leeresztése, átmosás, feltöltés friss olajjal (CGLP-150 - 0.75 liter)
Motor cseréje","Csatlakozó betétek, anakonda cseréje","Suhajda Sz., Gulyás J., Tóth I.",18 + 4 + 2 óra,-,"Pneumatika:
1 méter 6-os levegőcső
2 db 3x06 T-elosztó
1 db Airtac 4V-110-06 levegőszelep
2 db R1/8"" lepufogó
2 db D06 - R1/8"" gyorscsatlakozó könyök
Tömítések:
1 db S 150 x 180 x 14 RST NBR70
1 db O 212 x 2,65 NBR70
1 db O 212 x 3 NBR70","2 méter kábelvédő fém anakonda
2 db fém anakonda tömszelence
1 db NCT A3-54-30-EH/4096-Z
1 db SMC ISE30A digitális, kijelzős nyomáskapcsoló",Seal Ring (U2021/00841),,,,
TH0045,0,M16276,2021.02.03.,,2021.02.08.,SCHUNK HOFFMANN CARBON TECHNOLOGY KFT.,Klopp (III.),Főmotor,HPB VM132L,160825104G,Motor csapágyas,"Bontás, tisztítás, csapágyak cseréje, összeépítés, járatás, egyensúlyozás",-,"Gulyás J., Rákosréti J.",6 + 2 óra,-,"Csapágyak:
2 db SKF 6309 ZZ C3",-,Gördülő Simmering,,,,
TH0046,0,M14221,2021.02.01.,,2021.02.15.,MEDRES KFT.,VD-510S,Főorsó,20.000 RPM,,Kúpba beszorul a szerszám,"Orsó köszörültetése EGYBEN, orsó bontása, tisztítása, csapágyak cseréje, összeépítés",-,Tóth I.,8 óra,-,,-,Losonczi,,,,
TH0047,0,M10005,2021.02.12.,,2021.02.26.,MST ENGINEERING KFT.,TNL-85ADT,Főmotor,BAUMÜLLER DAF 132 K-23A10-5,10801310,Főmotor csapágyas és zárlatos,"Motor bontása, tisztítása, csapágyazása
ÜF csere motort kap (S/N: 10504860)!
Eredeti motor tekercseltetése","Jeladó cseréje, jeladó kábel és csatlakozó cseréje","Ömböli Z., Kendrik G., Rákosréti J.",3 + 2 + 3 óra,-,"Csapágyak:
- 1 db NTN 6310 ZZ C3
- 1 db SNR 6312 ZZ C3","Heidenhain ERN1380 1024 Sin-os
Jeladó csatlakozó aljzat, könyök",Liker Motors,"Liker: 98.000 Ft
 Az eredeti, felújított motorra nem teszünk jeladót, az a későbbi felhasználástól függ",,,
TH0048,0,M17116,2021.02.18.,,2021.02.24.,VÖRÖS IPARI ÉS KERESKEDELMI KFT.,EmR-1020D,Főmotor,AiS 100-LW 10.000 RPM,CC2-10-143,Motor zárlatos,"ÜF csere motort kapott: AiS 100-LW 26 H (S/N: CC2-10-5043)
Régi motor: első pajzshűtéses!
Régi motor hidraulika csatlakozóinak, kuplungjának, vízátvezetőjének és kötődobozának átszerelése új motorra;
Új motor egyensúlyozása, járatása
Régi motor: tekercseltetni szükséges!",Kötődoboz átkötése,"Ömböli Z., Rákosréti J.",4 + 4 óra,-,"Motor:
1 db AiS 100 LW-26 H 15.000 rpm
Deublin:
1 db 902-120-188","Jeladó:
1 db Lenord-Bauer GEL2444TN1G3K030-E",-,,,,
TH0049,2,M20083,2021.02.26.,,,ROYAL PRODUCTION KFT.,EmL-1020E,Főmotor,AiS 132,,"gyenge volt a főmotor, nem lehetet beállítani, illetve Economy gépre HPB motort tettünk inkább az Ügyfélnél","12.02.: járatás Rákosréti Józsinál, a motornak nincsen baja, rezgése 1 alatt van, hangja nincsen",,,,,,,,,,,
TH0050,0,M10219,2021.02.26.,,2021.03.18.,KOKILLA PREC KFT.,MM-800,"Főorsó 
Szerszámoldó munkahenger","CELLS 10.000 RPM 
SJATC","691001J116 
-",Főorsó + munkahenger felújítás,"Főorsó bontása, tisztítása;
Kúp köszörültetés, Tányérrugók, csapágyak cseréje
Munkahenger tömítéseinek cseréje ",-,Schmiedmeiszter P.,8 óra,Fűz Z.,"Csapágyak:
2 db FAG B7012-C-T-P4S-UL
2 db FAG B7011-E-T-P4S-UL
Tányérrugók:
56 db 34 x 16,3 x 2 rugó
Tömítések:
1 db KNA23 50 x 40 x 07 NBR75
1 db 43 x 3,5 NBR70
2 db KN/SN25 18 x 26 x 05/06
3 db 35 x 3,5 NBR70
2 db 3 x 2 NBR70
1 db 18 x 2,5 NBR70
2 db 95 x 2 NBR70
2 db 44,2 x 3 NBR70
1 db 87,2 x 5,7 NBR70
1 db 7,50 x 1,5 NBR70

Szíj:
1 db 775-5GT-40",-,"Losonczi, Seal Ring",,,,
TH0051,0,M17182,2021.03.01.,,2021.04.26.,DANTOM KFT.,EmL-800B,Főorsó,ROYAL 8.000 RPM,,Főorsó felújítás,"ÜF csere orsót kapott! (8.000 helyett 10.000-eset)
Bontás, tisztítás, orsókúp köszörültetése, tányérrugók cseréje, csapágyak cseréje",-,"Gulyás J., Schmiedmeiszter P.",20+8 óra,-,"Csapágyak:
4 db NSK 7012CTRSULP3
Tányérrugók:
88 db 31,5 x 16,3 x 2 DIN2093 rugóacél",-,"Losonczi, Tral Trade",,,,
TH0052,0,M19106,2021.03.03.,,2021.03.29.,JUHÁSZ SÁNDOR EV,EmL-510,Főorsó,ROYAL 8.000 RPM + 2 db Deublin,110924,"Főorsó felújítás, egyik Deublin átcsapágyazása","Bontás, tisztítás, a csapágy távtartó sérült, új gyártása szükséges, szíjtárcsa cserére szorul
A szíjtárcsát és a távtartót az ÜF legyártotta! Az orsótubust az ÜF módosította!
Csapágyak cseréje, tányérrugók cseréje, Deublin 1109 cseréje
Deublin 902: csapágyak cseréje",-,Schmiedmeiszter P.,16 óra,-, ,-,Tral Trade,"Bejött: főorsó, 2 db Deublin forgóátvezető (1 db 902-020-188, 1 db 1109-020-188)",,,
TH0053,0,M020133,2021.03.04.,,2021.03.26.,VERESZT FORGÁCSOLÓ KFT.,Euroturn-12,Főmotor,BAUMÜLLER DAF100,,"Főmotor csapágyas, menetzárlatos","ÜF cseremotort kapott. Eredeti motor bontása, tisztítása. Állórész tekercseltetése.
Motor készreszerelése újratekercseltetés után, új csapágyakkal. Motor festése, járatása",Jeladó cseréje,"Schmiedmeiszter P., Budai A.","Új: 8 + 2 óra
Régi: 6 + 4 óra",-,"Csapágyak:
1 db KOYO 6209 ZZ C3
1 db SKF 6306 ZZ C3
Szíj:
1 db 840-8M-30","Jeladó:
1 db HDH ERN 1380 1024 SIN",Liker Motors,"Bejött: főmotor (szíjtárcsával) 
Tekercselés ára: 158.000 Ft",,,
TH0054,0,M11161,2021.03.01.,,2021.04.12.,EFT ÉS TÁRSAI SZERSZÁMÉLEZŐ ÉS GYÁRTÓ KFT.,JCL-60AHD-CNC,Hajtott szerszám csoport,,,Hajtott szerszámmal ütközés,"Sérült alkatrészek átvizsgálása. Tengely, dugattyú, adapter cseréje, csapágyak cseréje, munkahenger tömítés cseréje, szíj cseréje",-,Schmiedmeiszter P.,4 óra,-,"Gyártás:
1 db 560123130 - Tengely
1 db 560122330 - Adapter TOEM 160
1 db 560122192 - Dugattyú
Keráru:
1 db 565-5M-25 fogazott szíj
2 db 6001-2RS1 csapágy
2 db 61906-2RS1 csapágy
3 db 15 x 2,5 O-gyűrű ",-,FÉMÓ,,,,
TH0055,0,M05239,2021.03.09.,,2021.04.01.,RÁBA FUTÓMŰ KFT.,TMV-1050A,"Főorsó 
Főmotor","- 
BAUMÜLLER DAF132 K A2315-5","- 
10503676",Főorsó házból ropogó hangok hallatszanak. Bármely fordulaton használjuk.,"Főorsó: orsó állapotfelmérése, bontása, alkatrészek megtisztítása
Főmotor: motor tisztítása, vizsgálata villamosan. A motor zárlatos, tekercseltetni szükséges!
Újratekercselt motor összeépítése új csapágyakkal, festés, járatás",Jeladó cseréje,"Budai A., Schmiedmeiszter P., Rákosréti J.",8 + 8 + 2 óra,-,"Csapágyak:
1 db SKF 6310 ZZ C3 (főmotor)
1 db SKF 6312 ZZ C3 (főmotor)
4 db 70BNR10STSUELP3 (főorsó)","Jeladó:
1 db HDH ERN1320 1024 TTL","Gördülő Simmering, Tral Trade, Liker Motors","Bejött: főorsó, főmotor 
Tekercselés ára: 111.000 Ft",,,
TH0056,0,M18126,2021.03.09,,2021.03.24.,HUONKER HUNGÁRIA KFT.,JSL-32ABMs,Ellenorsó,,,"az ellenorsó már alacsonyabb fordulatszámon járatva is visító hangot ad, kézzel forgatva csörög, használata az ellenorsó csapágyának cseréjéig nem javasolt","Bontás, tisztítás, csapágyak cseréje, összeépítés, járatás","Jeladó működésének ellenőrzése, motor járatóba bekötése, paraméterek betöltése","Gulyás J., Kendrik G.",16 + 2 óra,-,"Csapágyak:
2 db FAG B7013-C-T-P4S-UL
2 db FAG B7015-E-T-P4S-UL",-,Pannon Csapágy,"Bejött: ellenorsó
Átütést bírta",,,
TH0057,0,M05105,2021.03.16.,,2021.03.31.,PRO FORM KFT.,Kondia B-640,"Főorsó 
Főmotor","12.000 RPM 
HEIDENHAIN QAN-200U","- 
15 335 805 A","főorsó menesztői közül egy hiányzik, a meglévő törött, hiányos, javasolt ezek pótlása és főorsó kiegyensúlyozottság ellenőrzése","Főorsó: állapotfelmérés, bontás, tisztítás, csapágyak cseréje, tányérrugók cseréje, törött menesztődió cseréje, tömítések cseréje, kúpköszörülés, összeépítés, járatás
Főmotor: bontás, tisztítás, csapágyak cseréje, összeépítés, járatás ","Főmotor villamos vizsgálata, tekercs állapotának ellenőrzése;
Járatás
","Schmiedmeiszter P., Budai A., Rákosréti J.",8 óra + 4 óra + 8 óra,-,"Csapágyak:
2 db FAG HS7012-C-T-P4S-UL (főorsó)
2 db FAG HS7014-C-T-P4S-UL (főorsó)
1 db (1 pár) GMN S6208 C TXM P4 UL, (főmotor) 
1 db NSK 6206TCG12P4 (főmotor)
Tányérrugók:
56 db 31,5 x 16,3 x 2 DIN 2093
Egyéb:
1 db menesztődió 2. 00-10037694-00
",-,Losonczi,"Bejött: főorsó, főmotor",,,
TH0058,0,M15230,2021.03.16.,,2021.03.24.,KELET-SZERSZÁM KFT.,VD-510S,"Főorsó 
Főmotor","20.000 RPM 
SOLPOWER SVM-75L",,Főorsónak erősen bugó hangja van,"Főorsó: bontás, tisztítás, csapágyak cseréje, tányérrugók cseréje, tömítések cseréje, kúpot NEM kell köszörülni
Főmotor: ÜF cseremotort kapott (CTS kompatibilist) EREDETI motor: bontás, csapágyak cseréje, összeépítés, járatás, egyensúlyozás","Főmotor villamos vizsgálata, tekercs állapotának ellenőrzése;
jeladó működésének ellenőrzése","Budai A., Belencsák Á., Rákosréti. J.",8 + 2 + 2 óra,-,"Csapágyak:
4 db FAG HCS7008-C-T-P4S-UL (főorsó)
2 db 6205-2RSLTN9/C3VT162 SKF (főmotor)
Tányérrugók (főorsó):
88 db Tányérrugó / S4295 28x12,2x1,5 mm
O-gyűrűk (főorsó):
4 db 89,4 x 3,1 (G90)
",1 db csere motor,Plusz&Roll,"Bejött: főorsó, főmotor",,,
TH0059,0,M14057,2021.03.16.,,2021.03.29.,DUNA PRECIZIÓS KFT.,MM-760,"Főorsó 
Főmotor","CELLS 8.000 RPM 
HBP VM100L 8.000 RPM",,"valószínű főorsó csapágycsere lesz. Kérték, hogy tartósabb csapágy kerüljön bele, gyorsan egyeztettünk Izeli Józsival és a 60BNR10STSULP3 típust javasolta","Főorsó: tisztítás, bontás, csapágycsere, tányérrugó csere, szíjtárcsa cserét nem kérték, kúpköszörülést NEM kértek, orsó járatása
Főmotor: tisztítás, bontás, csapágycsere, szíjtárcsa cserét nem kérték, egyensúlyozás, járatás","Főmotor villamos vizsgálata, tekercs állapotának ellenőrzése;","Budai A., Schmiedmeiszter P., Kovács I., Rákosréti J.",6 + 8 + 1 + 2 óra,-,"Csapágyak:
4 db NSK 7012CTRSULP3 (főorsó)
1 db Csapágy / 6207 ZZC3 (főmotor)
1 db Csapágy / 6308 ZZC3 (főmotor)
Tányérrugók:
56 db tányérrugó 34 x 16,3 x 2
Tömítések:
4 db 109,4 x 3,1 (G110)
 ",1 db Tamagawa TTL 1024 (motor),"Gördülő Simmering (2VSZN2100540)
Tral Trade","Bejött: főorsó, főmotor (kapocsdoboz fedél nélkül)",,,
TH0060,0,M18155,2021.03.19.,,2021.03.26.,MÁTÉ-MARTENZIT KFT.,EmL-1020B 5TT-K,Körasztal,GSA CNCT-200R,18200CTR158,"elfolyt az olaj a körasztalból, látható a folyás, a fék hidraulika rendszerből is eltűnt reggel az olaj","Átvizsgálás, olajszivárgás helyének felkutatása; tömítések cseréje, összeépítés",-,Budai A.,2 óra,-,"Tömítések:
1 db O 167 x 5,7
1 db O 115 x 5,7
1 db O 65 x 3,2
1 db O 6 x 2,5",-,-,-,,,
TH0061,0,M14327,2021.03.22.,,2021.03.23.,AXICONT KFT.,MM-760,Főmotor,HPB VM100S 8.000 RPm,14052610E,Főmotor csapágyas,"Motor átvizsgálása: csapágyak cseréje, összeépítés, szíjtárcsa kiórázása, motor járatása",-,"Belencsák Á., Rákosréti J.",2 +1 óra,-,"Csapágyak:
- 1 db NSK 6306 ZZ (főmotor)
- 1 db SKF 6307 ZZ C3 (főmotor)",-,Gördülő Simmering,,,,
TH0062,0,M17181,2021.03.19.,,2021.05.18.,BMB BOROS MASCHINENBAU KFT.,MM-850SV,Főmotor,AiS 100LW-15-26H(D) átfúrt 15.000 RPM + csapágyhőmérséklet + Deublin(1109-020-188),CC2-10-4012,Motor zárlatos,"ÜF cseremotort kap: CC2-10-5051 
Eredeti motor lecsupaszítása, elszállítása FÉMÓ-ba. FÉMÓ: bontás.
Hibás tekercs átszállítása Dévaványára. Tekercselés.
Tekecselés után szállítás FÉMÓ-hoz. FÉMÓ összeépítés.
Visszaszállítás NCT-be. NCT-ben felszerelés, járatás, egyensúlyozás.
2021.05.18. K-Kart TMV-1050 főmotor cseredarab lett!","Kötődoboz átszerelése, jeladó cseréje","Budai A., Rákosréti J.",4 + 8 óra,-,"Csapágyak (régi motorhoz):
2 db SKF S7208 CDGA
Deublin (új motorhoz)
1 db 1109-020-188",,"FÉMÓ, Liker Motors",-,,,
TH0063,0,M20074,2021.03.23.,,2021.04.19.,ESZTERGOMI SZERSZÁMGÉPGYÁR KFT.,MZP-4,Motor,BAUMÜLLER DAF 132 K-23A20-5,,átvizsgálásra,"járatás, tisztítás, R2021/00349 alapján
hiánypótlás: kapocsdoboz fedelek (2 db), oldalsó szellőző rostélyok",Jeladó csatlakozó cseréje,"Budai A., Rákosréti J.",10 + 3 óra,-,-,Jeladó csatlakozó ház (könyök),-,-,,,
TH0064,0,M14165,2021.03.23.,,2021.03.29.,SANATMETAL KFT.,EmR-1200M-5HTA billenőfejes,Főorsó,MICROLAB M4-RMSC DIN40,,Motor kábelek megégtek,Orsómotor bontása; átvizsgálása,"Kábelek átvizsgálása, motor vezetékek cseréje szilikon borításúakra","Ginter E., Gulyás J.",4 óra,-,-,Szilikon bevonatos kábel (ér x keresztmetszet?),-,-,,,
TH0065,0,M10164,2021.03.24.,,2021.03.25.,DÖMÖTÖR ISTVÁN EV,Snupy 175,Revfej,SAUTER 0.5.480.516,,"revolverfej tárcsa kotyog, hátsó anya lelazulhatott?","revolverfej átvizsgálása, megbontása
Belső anya meghúzása",-,Budai A.,6 óra,-,-,-,-,-,,,
TH0066,0,M07158,2021.03.24.,,2021.04.16.,ADA-MET KFT.,EmL-610,Főorsó,ROYAL 8.000 RPM + Deublin 902-020-188,,Főorsó felújítás,"Főorsó: bontás, tisztítás, KÚPköszörülést nem kérték! csapágyak cseréje, tányérrugók cseréje, tömítések cseréje, Deublin cseréje.
Orsó járatása",-,Schmiedmeiszter P.,8 óra,-,"Csapágyak:
4 db FAG B7012-C-T-P4S-UL
Deublin:
1 db 904-020-188
Tányérrugók:
56 db 31,5 x 16,3 x 2 DIN2093
Szíj:
1 db 830-5GT-30
",-,"Losonczi, Pannon Csapágy",-,,,
TH0067,0,M11292;M18047,2021.03.30.,,2021.04.07.,VÖRÖS IPARI ÉS KERESKEDELMI KFT.,EMR-850B,Főorsó,8.000 RPM (8YU),,"folytatás: orsó + erőfokozó beazonosítása esetleges cserére (Még mielőtt megállna volna a gép.) A PLC 1674. sorába bekerült egy időzítő (200msec), hogy várakozzon a kar, hogy a főorsó biztosan elengedje a szerszámot.
Roli 03.25. most már egyáltalán nem engedi el a szerszámot a főorsó.","Szerszámoldás rugótekercsének kibontása, tányérrugók cseréje, tömítések cseréje, összeépítés
Munkahenger: ÜF új munkahengert kapott, a régi munkahenger tömítéseinek cseréje
Deublin: 1 db új, 902-120-188",-,Budai A.,4 óra,-,"1 db Hao Cheng pneumatikus szerszámoldó munkahenger szíjas gépekhez (felújított)
1 db Deublin 902-120-188
1 db 920-8YU-30 szíj
Tányérrugók:
56 db S4326 40x20,4x2,5 mm
Tömítések:
5 db O 33 x 2,5
2 db O 22 x 2,5
1 db O 20 x 2,5
",-,-,-,,,
TH0068,0,M15248;M10139,2021.04.28.,,2021.05.12.,HAJDU AUTOTECHNIKA IPARI ZRT.,EmR-1200D,Főorsó,ROYAL 10.000 RPM,133400,"gépünk 2020.09.28.-án történt karbantartásakor Kovács Péter és Fejes Attila megállapította a gépen, hogy a főorsó ütése 0,1 mm","Főorsó: bontás, tisztítás, KÚPköszörülés kell! Csapágycsere, tányérrugó csere, összeépítés, járatás",-,Budai A.,10 óra,-,"Csapágyak:
4 db HS7014-C-T-P4S-UL
Tányérrugók:
 56 db S4326 40x20,4x2,5 mm
Tömítések:
4 db G140 (139,4 x 3,1)
Egyéb:
1 db Pneumatika / T-elosztó, egyik ágán G3/8""-2xD10 push-in
1 db Rotex GS38 zöld kuplung csillag",-,"Losonczi Innovation, Pannon Csapágy",-,,,
TH0069,0,M20142/M15280,2021.04.09.,,2021.04.20.,KLIMEX MEDICAL KFT.,BNC-446,Revfej,LS-120,,LS revolverfej kiépítés,"LS-120 hidraulikus revolverfej kiépítése; hidraulika csövezés kialakítása, hajlítása, burkolat szükséges módosítása","Vezérlőcsere 304-esre, hidraulika táp elektromos bekötése villamos szekrénybe, revolverfej elektromos bekötése","Budai A., Tóth I., Tóth V.",56 + 50 + 40 óra (Viktorét még egyeztetni),-,,,,,,,
TH0070,0,M14165,2021.04.09.,,2021.05.13.,SANATMETAL KFT.,EmR-1200M-5HTA billenőfejes,Főorsó,MICROLAB M4-RMSC DIN40,,orsómotor leégett,"Orsómotor zárlat jeleit mutatja. Tekercseltetés Dévaványán.
Újratekercselt motor összeépítés. Járatás.",Tekercseltetés,"Gulyás J., Simon Z.",14 óra,-,-,-,Liker Motors,-,,,
TH0071,0,M10219,2021.04.13.,,2021.04.20.,KOKILLA PREC KFT.,MM-800,Főmotor,DAF100 főmotor,,Csapágyas,"Főmotor tisztítása, bontása, tisztítása belülről, hőkamrában szárítás, csapágyak cseréje, összeépítés, jeladó cseréje, járatás, egyensúlyozás, festés","Jeladó cseréje, motor járatása","Schmiedmeiszter P., Rákosréti J.",6 + 2 óra,-,"Csapágyak:
1 db 6209 ZZ C3
1 db 6306 ZZ C3","Jeladó:
1 db HDH ERN1320 TTL",Gördülő Simmering,,,,
TH0072,0,M15230,2021.04.14.,,2021.05.13.,KELET-SZERSZÁM KFT.,VD-510S,"Főorsó 
Főmotor","20.000 RPM 
SOLPOWER SVM-75L",,Főmotor zárlat jeleit mutatja,"Előző javításkor behozott motor beszerelése (az csapágyazva volt), a zárlatos motort elküldjük tekercselésre",,,,,,,,,,,
TH0073,2,M12004,2021.04.15.,,,GOODWILL-TRADE KFT.,EmL-1020D,Főmotor,AiS 132-LW 08-15 H (Y),,klímaolaj folyás,"motor kiküldése Csapó Úrhoz, az állórész visszaérkezett, 2021.12.01.: megy tovább Juhász Úrhoz",,,,,,,,,,,
TH0074,0,M07023,2021.04.19.,,2021.05.06.,PI DENTAL FOGÁSZATI GYÁRTÓ KFT.,Kondia B640/A6?,"Főorsó 
Főmotor","max. 8.000 RPM 
DAF100",,"Főorsó, főmotor csapágyazás","Főmotor: tisztítás, bontás, csapágyazás, összeépítés, járatás
Főorsó: bontás, tisztítás, kúpköszörülés, csapágyak cseréje, tányérrugók cseréje, összeépítés, járatás",-,"Schmiedmeiszter P., Budai A., Rákosréti J.",8 + 4 + 4 óra,-,"Csapágyak:
2 db FAG B7010-C-T-P4S-UL (főorsó)
2 db FAG B7012-C-T-P4S-UL (főorsó)
1 db 6306 ZZ C3 (főmotor)
1 db 6209 ZZ C3 (főmotor)
Tányérrugók:
88 db 31,5 x 16,3 x 2
Szíj:
1 db 720-8M-30
1 db 550-5M-9",-,"Pannon Csapágy, Losonczi",-,,,
TH0075,0,M18277,2021.04.23.,,2021.05.17.,ARRABONA RACING TEAM,MINIturn-120 kis eszterga,X szán,,,"""X"" menetes orsó szíjtárcsa felőli vége letört","""X"" szán bontása, menetes orsó cseréje, csapágyak cseréje, csapágyfészek módosítása, alkatrészek gyártatása, keresztszán visszaépítése, kiórázása, asztal elcsapolása.
Összeépítés, járatás.",-,Schmiedmeiszter P.,10 óra,-,"1 db 70053234-00 - Nyomótárcsa
1 db 70053235-00 - Csapágypersely
1 db Menetes orsó
1 db FAG 3801-B2RSR TVH",-,N+K,-,,,
TH0076,0,M13273,2021.04.26.,,2021.05.13.,PRECISION KFT.,SC-32,Hajtott szerszám,,,"A tengely ütközés matt 0,09 mm-t üt, ÁA-t kér a javításra","Megbontás, tisztítás: a szerkezetben és a motorban is olaj volt található; a patron központosító kúp meg van ütve, felületi sérülés mérhető rajta (ütés 0,03 mm)
Patron tartó kúp javító köszörülése; csapágyak cseréje, összeépítés, próba, járatás","Motor csere szükséges, 
Jeladó újrabeállítása (EQN 1337)","Schmiedmeiszter P., Gulyás J., Rákosréti J., Ginter E.",3 + 3 + 2 + 1 óra,-,"Csapágyak:
2 db NSK 7003A5TRDULP3
2 db SKF 6003-2Z","1 db NCT Ai05-54-40-EH/E-Z1 hengeres reteszes (D83-10-9395)
1 db HDH EQN 1337",Losonczi Innovation,-,,,
TH0077,0,M18330/P19811,2021.04.01.,,2023.03.22,"S.C.METAGALAX s.r.l. 
(NCT 2000 FÉMIPARI GYÁRTÓ ÉS SZOLGÁLTATÓ BT.)",EmL-1200 SV,Körasztal,SPIRSIN 82240.3F / 260 kéttengelyes,,"Olajszivárgás kivizsgálása, talp beköszörülése, körasztal átmosása","Szétszerelés, felujítás",,"Schmiedmeiszter P, Budai A",60 óra,,"Csapágyak:
- 2 db NSK 20TAC (csigatengely)
Tömítések:
1 db Kastas 205-220 szennylehúzó
2 db O 10x2,7
teflon forgótömítés: 130 x 110 x12 (25.750 Ft)",,Seal Ring,"visszaküldte az NCT2000
Új vevő: M19002 METAGALAX S.R.L. (NCT 2000 Bt. (Fa-Fémtechnika)) Spirsin 82240.3F / 260, kéttengelyes körasztal (M18321 gépről) - a körasztalt 2023.03.22-én kiküldtük Taksonyba",,,
TH0078,0,M15235,2021.05.03,,2021.05.10.,HELTI KFT.,HT-52DT,Hidraulikus tokmány meghúzó,AUTO STRONG M1552,,Meghúzóból csöpög az olaj,"ÜF kiváltó cseredarabot kapott: Ton Fou RC-8, összeépítés az Auto Strong vízgyűjtővel, meghúzócsővel
Meghúzó szétbontása, átvizsgálása: a dugattyú átvezető persely tobb helyen törött; a dugattyú szár kopott.
Eredeti meghúzó alkatrészeit az ÜF visszakérte!",-,"Schmiedmeiszter P., Budai A.",4 + 4 óra,-,1 db Ton Fou RC-8 hidraulikus meghúzó (ÚJ!),-,-,-,,,
TH0079,2,M15318,2021.05.03.,,,SZÉV,HG-400 III.,Főorsó feletti szerszámcserélőkar hajtómű,,,Felújítás,"Szétbontás, tisztítás, állapotfelmérés;
03.25. burkolatok kiküldése Taksonyba festésre (RAL 9002)",,"Schmiedmeiszter P, Budai A",24 óra,,"Csapágyak:
2 db NTN 6816 (kiváltó: SKF/KOYO 61816)",,,"parkol HG-400 szerszámcserélő kar (BD: csúszópersely javíttatva)
HG-400 palettaforgató egység",,,
TH0080,0,M07158,2021.04.29.,,2021.05.04.,ADA-MET KFT.,EmL-610,Főorsó,ROYAL 8.000 RPM,,"6.000 rpm-nél süvít, hangja van","Orsó bontása, csapágyak cseréje, orsó összeépítése, járatása.",,Schmiedmeiszter P.,8 óra,-,"Csapágyak:
2 db (pár) NSK 7012CTRDULP3
Szíj:
1 db 830-5GT-30",-,-,,,,
TH0081,0,M18167,2021.05.07.,,2022.02.15.,NCT (MAGYARMET KFT.),Wasino WMC-3,Komplett gép,,,"Villamos korszerűsítés, mechanikus átvizsgálás, felmérés",Szállításra felkészítés,,"Schmiedmeiszter P.
Budai A., Kiss F., Tanuló",26+32+50,,,"PDC-3-40-24-R 3 fázisú főtápegység modul: 1
DSC-20/40-LE szinkron szervohajtás tengelymodul: 4
DAC-20/40-LT aszinkron szervohajtás tengelymodul: 1
IPS02 TÁPEGYSÉG, 24 VDC: 1
DPU1504 / 15"" méretű képernyő és központi elektronika: 1
MK1504 / gépi kezelőpanel, DPU1504 alatti elrendezéshez: 1
O32C / 32 vonalas DSUB tranzisztoros kimeneti modul: 1
I32C / 32 DSUB csatlakozós bemeneti modul: 2
iHDW KIHELYEZETT KÉZIKERÉK: 1
Windows 10 IoT Enterprise - 2015 LTSB - EPKEA - Entry - Runtime License:1
INTIME-RT-EU license: 1
EPU-SIS / EtherCAT periféria csatoló egység és szoftver védelem: 1",,Kiszállítás Taksonyba,,,
TH0082,0,M20034,2021.05.07.,,2022.01.18.,NCT,TOS FV-30,Komplett gép,,,"Villamos korszerűsítés, mechanikus átvizsgálás, felmérés","Geometriai mérés, mechanikus elemek beépítése",Elektromos egységek cseréje,Kiss F,2x16 óra,,"körasztal RT 2000  CNC: 1db O gyűrű 41.5 x 2 (61.2Ft) ✓
1db szimering:  20 x 35 x 10  (198 Ft) ✓ 
Szíj / Fogasszíj L/232/100 (590,55/25,4 mm),10-11000101-00 - 1 db 
Szíj / L/345/19 mm,10-00004495-00 - 1 db 
Szíj / Fogasszíj L/277/100 (704,85/25,4 mm) 10-11000102-00 - 1 dbFőorsó csapágy, 4 db  réz távtartó/ plexi burkolatok","DPU1504/15"" képernyő:1 db  MK1504 gépi kezelőpanel:1 db  EPU-SIS EtherCAT periféria csatoló egység és szoftver védelem: 1 db  HWM kézikerék,:1 db  I32C/32DSUB csatlakozós bemeneti modul:1 db  O32C/32 vonalas DSUB tranzisztoros kimeneti modul: 1, TTLAC/1 csatornás TTL jeladó bemeneti és analóg vagy CAN BUS kimeneti modul: 4 db  , MUEXE-AS/5-szörös SINUS mérőrendszer jel interpolátor: 3 db,PDC-3-40-24-R3 fázisú főtápegység modul:1 db , IPS01 tápegység, 24 VDC:1 db , DSC-10/20-LE szinkron szervohajtás tengelymodul: 3 db , DSC-10/20-RE szinkron szervohajtás tengelymodul:1 db  A6-54-30-EH/E szinkron szervomotor:3 db ",,,,,
TH0083,0,M15292,2021.05.07.,,2024.07.31. átszállítás Taksonyba,INFRACONT KFT.,"FQS-40CNC ""GLORIA""",Komplett gép,,,"Villamos korszerűsítés, mechanikus átvizsgálás, felmérés","Csapágyak (6 db ), bordásszíjak beszerelése
2023.04.18-án megkaptuk a víztálcát lefestve",Gyéresi Cs.,"Schmiedmeiszter P.
Budai A., Kiss F.",8 óra+24,,"10-00037124-00 Csapágy / 6012 2Z 10-00002751-00, Csapágy / 6203 ZZ SKF  10-00001801-00, Csapágy / 6203 2RSH SKF  
6 db 10-10006624-00 CSapágy/7304B 
2 db  bordásszíj 480RPP8  137
O 72 x 1,5 FKM80
Felső Tárcsa átm (Behúzó kioldó),00-70069054-00 
Rögzítő tárcsa átm (Behúzó kioldó),00-70069053-00 
10 db Hidraulika / TN88 Vágógyűrű 08LS (TD88-08LS),10-10005564-00 
10 db Hidraulika / TN81 Metrikus hollander 08L - M14x1,5 (TN81-08L),10-10005565-00 
2 db Hidraulika / TN99 L-idom 08L - M14x1,5 (W-08L-OMD),10-00023091-00 
Tömlő / DKOL-081615OH, YK-08, 1SN-08,  0°-os elforgatási szög, 2250 mm,10-08161508-00 
Hidraulika / TN92GG egyenes csőcsavarzat M16x1,5/ BSP 1/2""(TN92GG-10LR12),10-92161512-00",DAC-20/40 LT sn: 43C-13-5471,,bordásszíjakra vár 02.15.-re ígérve -> megjött,,,
TH0084,0,M08100,2021.05.10.,,2021.05.28.,LE BELIER MO ZRT.,WHN-9B,"Hajtómű 
Főmotor","BARUFFALDI CE-12 
HPB VM132M 8.000 RPM",,"Hajtómű csapágyas, motor csapágyas","Főmotor: bontás, tisztítás, csapágycsere, jeladócsere, összeépítés, járatás
CE-12: javító készlet rendelése Baruffalditól (csapágyak, tömítések)","Jeladó újrabekötése (a járatáshoz NCT szerint, a gép HDH vezérlős!)","Tóth I., Ömböli Z., Budai A., Rákosréti J.",4 + 6 + 8 + 4 óra,-,"Csapágyak:
1 db SKF 6307 ZZ C3 (főmotor)
1 db SKF 6309 ZZ C3 (főmotor)
1 db Baruffaldi javítókészlet a hajtóműhöz (SZÉV2021-0151)
1 db Rotex GS 48 kuplung betét piros (Powerbelt)
Csapágyak (javítókészletből):
1 db SKF 2208EC hengergörgős
1 db SKF QJ206MA bronzkosaras golyós
1 db SNR NUP.208.E.G15 hengergörgős
1 db SKF 16016 golyós
1 db KM 06 csapágyanya

Tömítések (javítókészletből):
1 db Szim. 50 x 72 x 8 FPM80
1 db Szim. 65 x 85 x 10 FPM80
1 db O 25,3 x 2,4 NBR70
1 db O 61,6 x 2,4 NBR70
1 db O 8,9 x 1,90 NBR70
1 db O 190,1 x 3,53 NBR70","Jeladó:
1 db Tamagawa SIN 1024 (főmotor)","Baruffaldi, Powerbelt",,,,
TH0085,0,M10119,2021.05.11.,,2021.05.20.,K-KART spol. s.r.o.,EmR-1200D,Főmotor,AiS 100 LW-15H max. 8.000 RPM,2011-017,Motor zárlatos,ÜF cseremotort kap: AiS100LW-15-26H(D) (CC2-10-4012) átfúrt 15 000 rpm + csapágyhőmérséklet + Deublin(902-120-188),,"Belencsák Á., Budai A., Rákosréti J.",,-,1 db Deublin 902-120-188,1 db Lenord Bauer GEL2444,-,Eredeti motort nem újítjuk fel (régi konstrukció miatt),,,
TH0086,0,M08086,2021.05.18.,,2021.05.27.,JAVEL-INN KFT.,Slovtos S-280,Főmotor,Siemens 1LA7133-4AA60-Z // UD 0908,1228228-001-1,Motor csapágyas,"Motor tisztítása, bontása, csapágyak cseréje, összeépítés, járatás, egyensúlyozás
(Jeladó típusa: ERN 420 1024, nem lett cserélve)",-,"Budai A., Rákosréti J.",6 + 2 óra,-,"Csapágyak:
1 db SKF 6208 ZZ
1 db SKF 6308 ZZ C3",-,-,,,,
TH0087,0,M14327,2021.05.13.,,2021.05.19.,AXICONT KFT.,MM-760,Főmotor,HPB VM100S 8.000 RPM,14052610E,Motor csapágyas,"Motor bontása, csapágyak cseréje, összeépítés, próbajáratás",-,"Gulyás J., Budai A., Rákosréti J.",2 + 4 + 2 óra,-,"Csapágyak:
- 1 db FAG 6306 ZZ C3 (főmotor)
- 1 db KOYO 6307 ZZ C3 (főmotor) 
- 2 db 6307 2RS1/C3_S",,Gördülő Simmering,,,,
TH0088,0,M11087,2021.05.17.,,2021.06.10.,EFT ÉS TÁRSAI SZERSZÁMÉLEZŐ ÉS GYÁRTÓ KFT.,JCL-75AHD-CNC,Motor,LENZE MCA 13I34-RS0B0-B19N-ST5F10N-R0SU [ID: 15340028],1534002810000172415187,"Motor zárlatos, csapágyas","Motor tisztítása, bontása, állórész tekercseltetése, csapágyak cseréje, összeépítés, járatás, egyensúlyozás",,"Budai A., Ginter E., Rákosréti J.",5 + 1 + 2 óra,-,"Csapágyak:
1 db Koyo 6203 ZZ C3
1 db SKF 6204 ZZ C3","Jeladó:
1 db Tamawaga TTL 1024","Germalex Kft., Villtek Kft.",-,,,
TH0089,0,M20162,2021.05.17.,,2021.06.24,"LISS PATRONGYÁRTÓ, TÖLTŐ ÉS FORGALMAZÓ KFT.",Smart-42,Komplett gép,,,Mechanikus feladatok elvégzése,,,Schmiedmeiszter P.,,,,,,,,,
TH0090,2,M13206,2021.05.17.,,,INDUSTRIEBEDARF KRÜGER GMBH (CZETEC S.R.O.),HG-400III. [016],Automata Paletta cserélő hidraulika kiemelő- és forgató szerkezet,APC,,"Félrebillen, nem emel ki","Szétbontás, alkatrészek tisztítása, átvizsgálás
Szeleptömb bevizsgáltatása Hikev-nél
Tömítések cseréje, újak beszerzése Seal Ring-től
Támcsapágy cseréje",,Budai A.,16 óra,,"Csapágy:
1 db NTN 51216 támcsapágy, acél kosaras
Tömítések:
1 db KN/SN21 75 x 85 x 06/07 NBR90 (SKY-75)
1 db KN/SN21 80 x 90 x 06/07 NBR90 (SKY-80)
1 db AD48 80 x 90 x 06/08 A
24 db O 8,9 x 1,8 NBR70 
1 db O 12 x 2 NBR70
1 db O 74,4 x 3,1 NBR70
1 db O 64,5 x 3 NBR70 ",-,"Plussz&Roll, Hikev, Seal Ring","49000 HUF nettó
2588 HUF nettó",,,
TH0091,0,M15116,2021.05.25.,,2021.06.09.,SZKALICZKI ÉS TÁRSAI KFT.,EmR-1020D,Főorsó,ROYAL direkt hajtású 15.000 RPM,,Főorsó felújítás,"Főorsó bontása, tisztítása, kúpköszörülés, csapágycsere, tányérrugó csere, munkahenger felújítás",-,Budai A.,,-,"Csapágyak:
4 db NSK 70BNR10HTSULP3
Tányérrugó:
56 db S4326 40x20,4x2,5 mm
Tömítések:
5 db G140 (139,4 x 3,1) NBR70
Munkahenger:
2 db O 114,2 x 5,7 NBR70
1 db O 118 x 3 NBR70
1 db O 80 x 3 NBR70
1 db X 100,97 x 5,33 NBR70
1 db X 78,74 x 5,33 NBR70",-,"Losonczi Innovation, Seal Ring",,,,
TH0092,0,M20101/M08290,2021.06.01.,,2021.06.11.,MST ENGINEERING KFT.,EmB-1300,Főmotor,BAUMÜLLER DAF132 K-23A15-5 + Deublin 1109-020-188 max. 7.500 RP,10900199,Főmotor csapágyas,"Motor átütés vizsgálata (OK), bontása, tisztítása, csapágyak cseréje, jeladó cseréje, összeépítés, járatás, egyensúlyozás
Deublin: 1109 helyett 902-es típus",-,"Budai A., Rákosréti J.",6 + 2 óra,-,"Csapágyak:
1 db NSK 6310 ZZ C3
1 db NSK 6312 ZZ C3","Jeladó:
1 db HDH ERN 1320 1024 (ID: 385423-18)",-,-,,,
TH0093,0,M21008,2021.06.03.,,2021.06.07.,SOPRONI SZAKKÉPZÉSI CENTRUM,Tomill-160,Teljes szerszámtár+,,,"szerszámváltás bizonytalan. Esetlegesen, váltáskor a főorson lévő menesztőköröm hozzáér a szerszámtartó magazinhoz és orsó kikapcsolási hibaüzenettel (00901) a gép leáll.","Tár test egyengetése, törtcsavarok kiszedése, menetek javítása, csavarok pótlása",-,Budai A.,4 óra,-,-,-,-,-,,,
TH0094,0,M09149,2021.06.03.,,2021.06.11.,KOKILLA PREC KFT.,MM-800,Körasztal,GSA CNC-200,,"rögzítés nem működik megfelelően, kottyan","Bontás, tisztítás, átvizsgálás, tömítések cseréje",Kábelvédő anakonda sérült részének kivágása,"Budai A., Schmiedmeiszter P.",8 + 8 óraTA,-,"Csapágyak:
2 db Nachi 7003
Levegőszelep:
1 db Airtac 4V11006BI DC24V
Tömítések:
1 db O 66,34 x 2,62 NBR70
1 db O 190,17 x 2,62 NBR70
1 db O 94,84 x 3,53 NBR70
1 db O 158,12 x 5,33 NBR70
1 db O 39,20 x 3 NBR70
1 db O 59,4 x 3,1 NBR70
1 db O 64,5 x 3 NBR70
1 db O 99,5 x 3 NBR70
1 db O 109,50 x 3 NBR70
1 db O 11,8 x 2,4 NBR70
2 db O 6,80 x 1,9 NBR70
1 db O 13,80 x 2,4 NBR70
1 db O 28 x 3,5 NBR70
1 db O 79,2 x 5,7 NBR70
1 db O 114,20 x 5,70 NBR70
",-,-,-,,,
TH0095,0,M10217,2021.06.14.,,2021.07.15.,SZKALICZKI ÉS TÁRSAI KFT.,MM-760,Főorsó,CELLS max. 8.000 RPM,SL-20603005,Főorsó csapágyazás,"Bontás, tisztítás, átvizsgálás
Főorsó csapágyak cseréje 
retesz csere
tányér rugók cseréje
járatás",,Budai A.,12 óra,-,"csapágyak:
2db 7010CTRDULP3
2db 7012CTRSULP3
retesz: 16 x 10 x 3
tányérrugó: 31.5 x 16.3 x 2 (92db)",,,,,,
TH0096,2,M17134,2021.06.07.,,,MECI ÉS TÁRSA KFT.,KAFO CV-7A,Főmotor,AiS 100-LW 26 H,CC2-10-4007,zárlatos,"ÜF cseremotort kapott! 
lecsupaszítás (előkészítés tekerecselésre)
Tekercseltetés
Felszerelés tartaléknak
Járatás, egyensúlyozás","Kötődoboz visszakötése
Jeladó cseréje",Budai A.,,-,"Csapágyak:
2 db SKF S7208
",,Liker motors,,,,
TH0097,0,M13243,2021.06.11.,,2021.06.15,BÍRÓ KFT.,TAJMAC.ZPS.H400.MMK-004,Palettacserélő,,,"a szerelőhelyen levő forgózsámoly csapágycserét igényel. Hibaüzenet : -------
",szétszerelés hibafeltárás csapágycsere összeszerelés,,"Budai A., Schmiedmeiszter P.",5 + 5 óra,,csapágyak: 7210 AA  (plusz and roll) 2x6110HUF,,,,,,
TH0098,0,M16282,2021.06.15.,,2021.0x.xx,KELET-SZERSZÁM KFT.,VD-510S,Főmotor,SOLPOWER SVM-75L-30,17110206C,"főorsója erősen búg, melegszik, az egész gép rezeg, nem tudunk dolgozni vele.","ÜF cseremotort kapott
szétszedés, zárlatos 
motor ventillátor csapágyazás (2 x 696)
motor csapágyazás",tekerecseltetés 06.15 (Dévaványa),Budai A.,8 óra,,"csapágyak: 
2 db 6205-2RSLTN9/C3VT162 SKF (főmotor)
2db 696 ZZ  R-1560ZZ (hűtőventillátorba) 2x 850HUF",,Liker motors,,,,
TH0099,0,M13320/M15205,2021.06.16,,2021.06.22.,SPH PLUSZ KFT.,EmL-1020B,Főorsó,max. 8.000 RPM,173413,"""egy ideje észrevesszük, hogy a fúrásnál a furatot konkrétan 10 feletti fúrónál kiveri. A felület rossz a méret pedig akár 3 tizeddel is eltér a fúró névleges méretétől. A szerszámokat Külső bemérő géppel mérjük, be ezért a befogásból adódó hibákat ott kiküszöböljük. Egy befogóra helyezett indikátor órával, kézi erővel feszítve 3-3 századot tudunk rajta mozdítani. Lehet, hogy csak valami lelazult vagy komolyabb a baj?
06.08.: főorsó kúp radiális ütése 0,01-on belül mérték. kérik a behúzó erő mérését is""","szétszedés, csapágycsere, összerakás",,"Budai A., Schmiedmeiszter P.",8 + 8 óra,,"csapágy:
4db 7014CTRSULP3",,,,,,
TH0100,0,M09132,2021.06.17.,,2021.07.08,MEDIMETAL KFT.,MM-760 (FCL460),Körasztal,GoldenSun-CNCT-101 2 tengelyes,,"visszacsatolás 5, körasztal hajtás hiba
az anakonda szétesett
B tengely rögzítési problémák","szétszedés , tisztítás, szimering és ógyűrűk  cseréje, csapágyazás újazsírozás
",új anakonda,"Budai A., Schmiedmeiszter P., Ervin",,,"O gyűrűk: 70 x 3
119 x 3
145 x 2.67
97 x 3.1
55 x 5,7 
135 x 2.75
fémházas szimering 20 x 32 x 7 
csapágy:  (SZÉV2021-0185)  B7002-C-T-P4S-UT ",,,,,,
TH0101,0,M10219,2021.06.17.,,2021.06.18,KOKILLA PREC KFT.,MM-800 CNC-20,Főorsó,max . 10.000 RPM,691001J116,"nem engedi el a szerszámot, olajszintet megnézték, rendben van, szerszámot nem tudják kiszedni","szétszedés hibafeltárás összeépítés /kilazult egy hernyócsavar, emiatt felfeküdt/",-,Schmiedmeiszter P.,4 óra,,-,-,-,-,,,
TH0102,0,M21008,2021.06.18.,,2021.07.27.,SOPRONI SZAKKÉPZÉSI CENTRUM,Tomill-160,Teljes szerszámtár,,,"szerszámváltás bizonytalan. Esetlegesen, váltáskor a főorson lévő menesztőköröm hozzáér a szerszámtartó magazinhoz és orsó kikapcsolási hibaüzenettel (00901) a gép leáll.
a motor tengely ferde 0.1 a mért ferdeség a tár folyamatos forgatásánál a forgatómotor ugrál.","Tár test egyengetése, törtcsavarok kiszedése, menetek javítása, csavarok pótlása szétszedés tisztítás összeépítés járatás",-,"Budai A.
Schmiedmeiszter P.",4 óra ,-,-,"forgójelaó:
HH 
ERN 1020 / 1000
ID 534 909-06",-,-,,,
TH0103,0,M11087,2021.05.18.,,2021.06.30.,EFT ÉS TÁRSAI SZERSZÁMÉLEZŐ ÉS GYÁRTÓ KFT.,JCL-75AHD-CNC,Motor,LENZE MCA 13I34-RS0B0-B19N-ST5F10N-R0SU [ID: 15340028],1534002810000172415187,"Motor zárlatos, beázott","Motor bontása, összeépítés, járatás, egyensúlyozás",Jeladó csere,"Budai A.
Rákosréti J.",6 óra,-,"O 104 x 3,5 NBR70","Jeladó:
1 db Tamawaga TTL 1024
1 db 8 pólusú 90° csatlakozó
1db 8PRFC csatlakozó","Germalex Kft., Villtek Kft.",,,,
TH0104,0,M20150,2021.06.25.,,?,VÁMOSGÉP KFT.,"NCT-HMR-80 (WFQ-80 NCA)
",Főmotor,KUKA Nn/Nmax 3000/4200,69-225-463,motor csapágyazás,"bontás, tisztítás csapágy és tömtések cseréje főorsó járatás
motor járatás és egyensúlyozás",,,,,csapágyak : koyo 6208 2RS koyo 6206 2RS (plusz and roll) ✓,,,,,,
TH0105,0,M14097,2021.06.28.,,2021.07.09,DUNA PRECIZIÓS KFT.,MM-800S,"Főorsó 
Főmotor","CELLS 10.000 RPM 
TTL","691303J019 
-","ügyfél kéri a javítás lehető legrövidebb időn belüli elvégzését, kéri ÁA küldését főorsó és főmotor teljes körű javításáról, mellékelve a szükséges alkatrészek rendelkezésre állásának várható időpontját a termelés tervezése érdekében, ügyfél kérésére a javított főorsó rezgésdiagnosztikai mérése és kiegyensúlyozása az összeszerelés napján kerüljön elvégzésre - A2021_01407 főorsó és főmotor felújításának árajánlata, megrendelve 03.22. ""Kérem, hogy a javítást ütemezetten 2021.06.26. és 2021.07.11. között szíveskedjenek elvégezni. A számlát kérem, hogy EUR pénznemben állítsák ki."" 
Kanczler Gergő mail 03.12.: valószínű főorsó csapágycsere lesz. Kérték, hogy tartósabb csapágy kerüljön bele, gyorsan egyeztettünk Izeli Józsival és a 60BNR10STSULP3 típust javasolta. Ha oda kerül a sor ezt légy szíves tartsátok észben és ez a fajta csapágy menjen a gépeikbe.",Főorsó bontás tisztítás csapágyazás Főmotor bontás tisztítás csapágyazás átütésvizsgálat,,Budai A.,16 óra,,"Főorsó csapágy: 4db 60BNR10STSUELP3 
Főmotor csapágy 1db 6207-2Z/C3 és 1db 6308-2Z",,,,,,
TH0106,0,M10291,2021.07.02.,,2021.07.12,PANNON-SPIRÁL KFT.,VMC-1600F,"Főorsó 
Főmotor","ROYAL DIN#40 10.000 RPM 
AiS 132","137375 
-",Főorsó és főmotor felújítás,"főmotor: tisztítás, bontás csapágyatás átütésvizsgálat egyensúlyozás
főorsó tisztítás bontás csapágyazás járatás",,Budai A,16 óra,,"szíj: 10-10004185-00 (1050 5MGT 50)
főorsó csapágy: 4db HS7014-C-T-P4S-UL
főmotor csapágy: 2db 7209CTRDULP3 és 1db 6207 2Z CNM
tányérrugók: 39.8 x 20,3 x 2.5

",,,a csipesz nem nyitott ki eléggi Táti 1 mm-es távtartót tett oda így most jó.,,,
TH0107,0,"M08130
M19095",2021.07.08.,,2021.07.13,MAGYARMET KFT.,EML-510,Főmotor,Smax 8.000,,"a motor teljes felújítása
""valószínűleg szíjszakadás, főorsó nem forog""","átütés, TISZTÍTÁS ... csapágyazás, festés","egyensúlyozás , járatás","Schmiedmeiszter P.
Budai A.
Rákosréti J.",16 óra,,"csapágy:
6306 2Z / 1db 
6209-2Z C3 / 1db 
Royal O120 kis tubusos főorsó 5GT szíjtárcsa pár
695 5GT 30 szíj",,plusz and roll,a tisztítás Taksonyban magasnyomású tisztítóberendezéssal történt,,,
TH0108,0,M10217,2021.07.13.,,2021.07.15,SZKALICZKI ÉS TÁRSAI KFT.,MM-760,Főorsó,CTS max. 8.000 RPM,,főorsó felújítása,"bontás, tisztítás csapágyazás O gyűrűk cseréje járatás, tányérrugók cseréje",,"Schmiedmeiszter P.
Budai A.",8 óra,,"csapágyak: 3db 7012 CTRSULP3
O gyűrűk: 2db 23x2
1db 30x2
1db 6x1
tányérrugók: 34 x 16.3 x 2",,,,,,
TH0109,0,M20182,2021.07.15.,,2021.07.19.,AMAZONE TECHNOLOGY KFT.,CT-60,Revfej,SAUTER 0.5.480.3,,"nem ülteti le a revolver fejet, valamint nem forgatja azt. Rev. fej ültetési hibát (00010100 hiba kód) és szervo motor védelemi hibát (00012800 hiba kód)",bontás tisztítás rugók és hengeres illesztőszegek cseréje,,"Schmiedmeiszter P.
Budai A.",,,"nyomórugó: 3db 1.5 x 10 x 45
illesztő szeg 3db  10 x 1.6mm",,Recom  Czigányik Kft.,,,,
TH0110,1,-,2021.07.26.,,,NCT Taksony,,Motororsó,AMS-180 - A2-8 / I. /,,új motororsó összeépítése,"összeépítés, mérési jegyzőkönyv készítése",,"Schmiedmeiszter P.
Budai A.",,,"Vizezés / MTG 3290 menetes réz dugó 1/2"" (MTG_3290-361002),21-32903610-02 10db",4 m 10 mm2 zöld-sárga,,,,,
TH0111,1,-,2021.07.26.,,,NCT Taksony,,Motororsó,AMS-180 - A2-8 / II. /,,új motororsó összeépítése,"összeépítés, mérési jegyzőkönyv készítése",,"Schmiedmeiszter P.
Budai A.",,,,4 m 10 mm2 zöld-sárga,,,,,
TH0112,1,-,2021.07.26.,,,NCT Taksony,,Motororsó,AMS-180 - A2-8 / III. /,,új motororsó összeépítése,csapágyhiány SZÉV2022-048 és SZÉV2022-049,,,,,,,,csapágyakra vár,,,
TH0113,1,-,2021.07.26.,,,NCT Taksony,,Motororsó,AMS-112 / IV. /,,új motororsó összeépítése,"összeépítés, mérési jegyzőkönyv készítése",,"Schmiedmeiszter P.
Budai A.",,,Távtartó lemez,,,,,,
TH0114,1,-,2021.07.26.,,,NCT Taksony,,Motororsó,AMS-112 / V. /,,új motororsó összeépítése,"összeépítés, mérési jegyzőkönyv készítése",,"Schmiedmeiszter P.
Budai A.",,,,,,,,,
TH0115,2,M17132,2021.07.29.,,,KOZMA MŰSZAKI KFT.,"KAFO SV-1000
 (pályázatos név:EmR-1020D 4AX)",Főmotor,AiS 100,,"S hajtás túláram hiba - Kuti Józsi szerint az AiS100 zárlatos, a Deublin 1109-020-118 lehet az oka",bontás tisztítás szárítás ,átütésvizsgálat,"Schmiedmeiszter P.
Budai A.",,,,,,,,,
TH0116,0,M09132,2021.08.02.,,2021.08.06,MEDIMETAL KFT.,MM-760 (FCL460),Körasztal,GOLDEN SUN-CNCT-101 2 tengelyes,,jelentkezett ugyanaz a hibajelenség amivel legutóbb javították. „Körasztal hajtás hiba”,"forgató rész bontás, tisztítás, csapágy illesztés, ujrazsírozás, tömítés, összeépítés",motor erősáramú- és jeladó  90 fokos csatlakozójánák  cseréje,Budai A. Ginter E.,4 +1 óra,,,"2db intercontect 90 fokos csatlakozó (8 pólusú) 
(22-803014041-0 INTERCONTEC csatlakozó / 12 PRMCW 90° / A EW C 052 MR04000014000) ????",,bontás során láthatóvá vált a motor erősáramú- és jeladó csatlakozójának letörése,,,
TH0117,0,M08086,2021.08.09.,,2021.08.18,JAVEL-INN KFT.,S-280,Revfej,"SAUTER 0.5.480.510 hajtott szerszám nélküli, 8 szerszámhelyes, VDI20-as",,kódadó cseréjét követően is revolverfej forgatási hiba van,"Hohner R3321R0.R05/24 kódadó kihajtásának mechanikus vizsgálata: kotyogás, lazulás, kopás nem észlelhető, kézzel körbe tekerve sem jelentkezik hiba","revolverfej bekötése a járatóra, üzemi próba során hiba nem jött elő, valószínűleg a jeladó felillesztésénél lehetett probléma a fogaskerék csatlakozásnál","Schmiedmeiszter P.
Szegedi I.",2 óra + 6 órát,,,,,,,,
TH0118,0,M16017,2021.08.12.,,2021.08.27,PROFIMILL FÉMMEGMUNKÁLÓ KFT.,EmL-610B,Főorsó,,,"főorsó nagyon hangos, egy vállakozó csapágyazta kb. egy évvel ezelőtt",bontás tisztítás csapágyak cseréje összeépítés járatás,,"Schmiedmeiszter P.
Budai A.",8 óra,,2pár 7012 CTRDULP3, ,,,,,
TH0119,0,M20072,2021.08.17.,,2021.09.20.,ESZTERGOMI SZERSZÁMGÉPGYÁR KFT.,MZP1,Főmotor,HPB VM132-?? főmotor ,,leégett,bontás tisztítás,,Schmiedmeiszter P.,6 óra,,,,,"A motor bontása során láthatóvávált, hogy a csapágy megakadt, a forgórész az  állórészbe belemart és eldeformálta azt. A tengelybe a csapágy szintén belemart kb 4 tizedet. A hibák összeségét tekintve a motor javítása aránytalan többletköltség nélkül nem javítható, selejtezésre javasolt.",,,
TH0120,0,M18052,2021.08.19.,,2021.09.02,TRIMBLE HUNGARY KFT.,TCS-1500,Főmotor,VM132S 17.37KW,18050742D,"főorsójának hangja nem a megszokott, megmunkálás közben hangosan zúg,kérem átvizsgálását!
",bontás tisztítás csapágyazás,"Egyensúlyozás, járatás",Budai A. Rákosréti J.,6 óra + 2 óra,,"1db SKF 6307 2Z C3
1db SKF 6309 2Z C3",,,,,,
TH0121,0,M09132,2021.08.20.,,2021.09.15,MEDIMETAL KFT.,MM-760 (FCL460),Körasztal,GOLDEN SUN-CNCT-101 2 tengelyes,,"folytatás: folytatás: körasztal Servo 6 hiba
a billentés szorúl akad",szétszedés hibafeltárás járatás csapágycsere,,"Budai A.
Schmiedmeiszter P.
Tóth V.",2x5 óra + 2.5 óra,,1db NSK 7002 CTR SULP3,,,bontás közben a 7002-es csapágyban a kosár el volt törve,,,
TH0122,0,M21057,2021.08.26.,,2021.11.10,KACZOR GÁBOR EV,MM-760  ,Főorsó,CELLS 8.000 RPM,690707A081,felújítás,"Bontás, tisztítás, csapágyak cseréje,  tányérrugók cseréje, kúpköszörülés",,"Budai A.
Schmiedmeiszter P.
Tóth V.",8 + 8 óra,,"4 db 7012 csapágy, 56 db tányérrugó",,,"A távtartó gyűrűből le kellett esztergálni, mert a gyári csapágy  4 századdal kisebb",,,
TH0123,0,M16017,2021.08.27.,,2021.09.07,PROFIMILL FÉMMEGMUNKÁLÓ KFT.,EmL-610B,Főorsó,,,"főorsó nagyon hangos, egy vállakozó csapágyazta kb. egy évvel ezelőtt",bontás húzóerőmérés összeépítés járatás,,"Schmiedmeiszter P.
Budai A.",2 + 2 óra,,,,,Húzóerő: 8.6,,,
TH0124,0,M18155,2021.09.01.,,2021.09.17,MÁTÉ-MARTENZIT KFT.,EmL-1020B 5TT-K,Körasztal,GSA CNCT-200R körasztal,,B tengely fékoldásakor álló helyzetben sípoló hang érzékelhető a szervómotor irányából B tengely forgatásakor sípoló és morgó hang a szervómotor irányából.,"Bontás előtti vizsgálat: a billentés kb.70 és 110° között szorul, fék nélkül is szorul
Bontás, tisztítás, billentőtengelynél támcsapágy csere járatás, motor csere (leégett)",jeladó bekötése,"Schmiedmeiszter P.
Budai A.
Tóth V.",2x10 + 1óra ,,2db Koyo 81103TVPB támcsapágy /műanyagházas/,1db A6-os kúpos motor EQN jeladóval / A6-54-30-EH/M-Z2,,,,,
TH0125,0,M15093,2021.09.02.,,2021.09.06,VAMAV KFT.,HRB 4000 Sínfúrógép,Főmotor,VM132X 32.61 kW,151030003G,"mai nap a gépkezelő rendellenes hangot / hangokat vélt jelezni az NCT HRB-4000 típusú berendezésünk főhajtásából.
Érzékszervi diagnosztikával az alábbiakat tapasztaltam:
1.       A főmotor hátsó csapágya vagy a motorhűtő hűtő ventillátor csapágya ciripelő hangot ad.
2.       A főmotor után lévő hajtómű magas fordulatra felpörögve morgó hang észlelhető amelyhez közepesen nagy vibrálás is társul.
3.       A csapágyak síkjában felületi melegedés még nem tapasztalható sem a motoron sem a hajtóművön","Bontás, tisztítás, csapágycsere",jeladó csere ventillátor csere,"Schmiedmeiszter P., Budai A.",2 x 6 óra ,,"1db SNR 6309 EE
1db SNR 6312 ZZ C3 ","1db 21-00001048-00 Jeladó / Tamagawa TS5208N510/TTL/1024P/U/6P/LDOIH-48
1 db 10-28206-00 vent 1sv HPB VM132
",,,,,
TH0126,2,M13054,2021.09.02.,,,HÁZAK-ÁSZA KFT. ,MM-760,Főorsó,CELLS max. 8.000 RPM,691303A102,kapott csere főorsót,bontás tisztítás kúpköszörülés csapágy csere tányérrugók cseréje járatva,,"Schmiedmeiszter P.
Budai A.",,,"7012ctrdiup4 3db
tányérrugó 34x16.3x2 {S4312} 56db",,,,,,
TH0127,0,M19050,2021.09.06.,,2021.09.08.,CSABA METÁL ZRT. ,EmB-1305G,Szerszámváltó kar,,,orientáció elállítódik  -szerszámváltó kar deformált,"egyengetés, beállítás",,"Schmiedmeiszter P., Budai A.",2 óra,,,,,,,,
TH0128,0,M20005,2021.09.08.,,2021.09.21,NCT Taksony (GYŐRFI JÓZSEF EV),EML-510,Főorsó,8.000 RPM,,felújítás,kúpköszörülés rugók cserélye húzóerőmérés összeépítés /járatás,-,"Schmiedmeiszter P., Budai A.",6 óra,,,,,,,,
TH0129,0,M08127,2021.09.08.,,2021.09.13,ASK-M MŰSZERTERVEZŐ GYÁRTÓ ÉS SZOLGÁLTATÓ KFT.,EML-510,Munkahenger,,,Pneumatikus rendszerből gyorsan (3-4 óra) elfogy az olaj.,Bontás tiszttás tömítések cseréje légtelenítés,,"Budai A.
Schmiedmeiszter P.
Tóth V.",2 + 2 óra,,"1db KN/SN25 14 x 22 x 05/06 AUG92 MA25 tömítés
1db UHS 40VALQUA4 tömítés
1db 14x2.4 O
1db  90x5.5 O",,,,,,
TH0130,0,M18126,2021.09.10.,,2021.09.17,HUONKER HUNGÁRIA KFT.,JSL-32BMs,Főorsó,(bal) 7.000 RPM,,főorsó rettenetesen hangos és melegszik,"bontás, tisztítás, csapágycsere, járatás, jeladó tárcsa és jeladó csere, járatás",jeladó bekötés,"Schmiedmeiszter P., Budai A. Ginter E.",2 x 12 óra ,,"2db 7013 CTRDULP3
2db 7015 ACTRDULP3
1db JSL 32 jeladó tárcsa ",1db  GEL 2444KNPG3K150 jeladó,,A hátulsó csapágy kosara törött volt  /7013/ A járatáshoz jeladó szükséges,,,
TH0131,0,M14240,2021.09.28.,,2021.10.08,Spilller 2000 Kft.,Smart-30,Motororsó,"AMS112MW20-A2-5/32(9,5kW;45Nm;27A);Smax:6000",,hangos,bontás tisztítás csapágyak cseréje illesztés összeépítés járatás ,,"Schmiedmeiszter P.
Budai Attila.",2 x 6 óra,,2db  7018A5TRDULP 1db 1012BKR (NSK) orsómotorhoz,,,,,,
TH0132,2,M18168,2021.09.28.,,,"SOMAPAK KFT. 
(tartalék SZÉV)",MXS-650DD,Főorsó,POSA 15.000 RPM,PDD47B-C-MF 5A 18071716PA,csapágyas,csapágyak és tömítések  cseréje,,"Schmiedmeiszter P., Budai A.",,,"4db FAG HC7014-C-T-P4S-UL
Tömítések: 
2db O 09,25 x 1,78 NBR70
2db O 105 x 3 NBR70 
1db KN/SN21 75 x 85 x 06/07 NBR90 
2db  SNI30 95 x 110 x 09/10 AUG92 MA30 
0.25m FB01 08x2 PTFE/BRONZ 
",,,,,,
TH0133,0,M20183,2021.09.29.,,2021.10.07,TOBROCO MACHINERY KFT.,CT-60,Revfej,SAUTER VDI40/2/12,,egy ponton szorul,"szétszereles, tisztítás, illesztés, tömítés csere ",,"Schmiedmeiszter P., Budai A.",2 x 8 óra,,1db O 240 x 3 NBR70 ,,,,,,
TH0134,0,M14229,2021.09.30.,,2021.11.11.,METARAD CNC KFT. ,TCS-1500,Revfej,BARUFFALDI TBMA-200 VDI30/1/16 revfej,,korródáció miatt a futófelület nem egyenletes emiatt hangos,"szétszedés, tisztítás, hibafeltárás: a tűgörgők futófelületei megkoptak, a felület felújítása szükséges, tömítések cseréje
Juhász Műhely: tengely és fogaskoszorú furatának köszörülése, görgő kosár tűgörgő helyeinek felbővítése 4,0->5,0, tűgörgők illesztése
revolverfej összeszerelése, próbája: hajtott szerszám hangos
",,"Schmiedmeiszter P., Budai A.",24 + 40 óra,,"tömítések: O ZSINOR 02,00mm NBR70, 10x2 12db, 300x1,5 1db, 200x2 1db, 40x2 1 db
5,0x8-as tűgörgők 40 db
Juhász: fogaskoszorú furat + tengely palást felköszörülése + tűgörgős kosár felbővítése + túlméretes görgőkkel próba (0,02-0,03 hézag)
hajtott szerszám motorhoz: szimmering, csapágyak 6205 1 db, 6004 1 db",,Juhász Műhely,,,,
TH0135,0,M14249,2021.10.13.,,2021.10.27.,DOROTI PACK KFT.,EML-510,Főmotor,HPB VM100L,13120622F,csapágyas?,"járatás, átütütés vizsgálat",,"Schmiedmeiszter P., Rákosréti J.",4 + 3 óra,,,,,,,,
TH0136,0,M08073,2021.10.18.,,2021.10.20.,MAGYARMET KFT.,TMV-1050A,Főmotor,BAUMÜLLER,,csapágyas,csapágycsere,jeladócsere,"Schmiedmeiszter P., Budai A., Rákosréti J.",3x8 óra,,"6307 csapágy 1 db 
6309 csapágy 1 db","ERN 1320 / 1024 / HEIDENHAIN forgójeladó, átm. 12 mm-es zsákfuratos tengellyel / ID: 385423-18",,,,,
TH0137,0,M18120,2021.10.20.,,2021.11.03.,EMPLASTRUM KFT.,EmL-610B,Főmotor,HPB VM100L-54-40-15-10,,"csapágyas, jeladócsere",átcsapágyazás,jeladócsere,"Schmiedmeiszter P., Budai A., Ginter E.",6 + 6 + 1 óra,,"1 db 6207 csapágy
1 db 6308 csapágy",1 db Tamagawa TTL/1024P jeladó,,,,,
TH0138,0,M13054,2021.11.02.,,2021.11.18.,HÁZAK-ÁSZA KFT. ,MM-760,Főmotor,"HPB VM100S-54-40-15-08/5,73kW",,csapágyas,"bontás, csapágyazás, tisztítás",,Schmiedmeiszter P.,8 óra,,"1 db NTN (6306 VVC3)
1 db 6307 VVC3",,,,,,
TH0139,0,M12070,2021.11.02.,,2021.11.10.,PETRUS IPARI KERESKEDELMI ÉS SZOLGÁLTATÓ KFT.,VD-510,"Főorsó 
Főmotor","20.000 RPM 
20.000 RPM",,főmotor és főorsó is csapágyas,"főmotor szétbontása, erősen szennyezett volt: alapos mosás, ventilátor és csapágycsere szükséges
főorsó szétbontása",,"főmotor: Tóth István
főorsó: Schmiedmeiszter P., Budai Attila",8 + 8 + 8 óra,,"főorsó: 4 db FAG HC7008-C-T-P4S-UL (40BNR10 SUELP kiváltója)
főmotor: 2 db SKF 6205-2RSLTN9 / C3VT162 (6205V kiváltója)
Ventilátor: 10-33258-00",,,,,,
TH0140,0,M10164,2021.11.02.,,2021.11.08,DÖMÖTÖR ISTVÁN EV,Snupy,Hidraulika szivattyú + villanymotor,,,"villanymotor csapágyas, lehet, hogy le is égett, kuplung teljesen elkopott","villanymotor szétbontása, tisztítása",,"Schmiedmeiszter P., Budai A., Rákosréti J.",8 + 8 óra,,"csapágyak 6004 1 db, 6204 1 db 
S 25 x 40 X 08 R NBR70
S 25 x 40 X 08 RST NBR
kuplung furat bővítés, horony vésés",,Kovács Péter apukája,,,,
TH0141,2,M15196/M17191,2021.11.15.,,,VÁMOSGÉP KFT.,WFQ-80NCT7,Z golyósorsó,,,"a „Z” tengelyre hibát jelez a megmunkáló központ. Info: ha a hibát kijelzi, akkor még nem mindig tilt le a gép (elektronikáján a zöld led világít), a hibát nem mindig lehet törölni, ha eldobja magát, akkor az összes elektronika pirosra vált. + info: Hibalejelentés szövege: CNC VII 233-121: 026 tengely I2t figyelmeztetést ír ki majd pár percen belül ha nem fut a program(szerszámcserénél, kézi üzemmódban, program stop-nál) megáll 8640 (A motor I2T értéke túl magas Z)  hibával. A gép folyamatos használata közben az idõ elteltével egyre gyakrabban.",a golyósorsót kiküldjük a KSK-nak/ bejött 02.04?,,,,Fűz Zoli felmérés,,,,bejött 02.04.,,,
TH0142,0,M09132,2021.11.25.,,2022.05.18.,MEDIMETAL KFT.,MM-760 (FCL460),Körasztal,GOLDEN SUN-CNCT-101 2 tengelyes,,C-tengely megszorult ismét,"Szétszerelés, javítás, teszt",,"Schmiesmeiszter P, Budai A",16 óra,,"Kuplung lemezek, fékgyűrűk - Tartalék/ GSA fékgyűrű szett CNCT-101 körasztalhoz,10-00023055-00",,,fékalkatrészekre várunk - bejött 03.25,,,
TH0143,0,M14185,2021.11.29.,,2021.12.15.,JÁRMŰ ZRT.,PSGS-3060BH,Motor,Walrus hűtőfolyadék szivattyú motor,,hűtőfolyadék elfolyik a tartályon lévő szivattyúmotor csonkjánál,"csapágycsere, tömítéscsere",,,2 óra,,"Csapágyak: 6201-2RSH_S SKF 1 db, 6204 2RSH SKF 1 db, Csúszógyűrűstömítés FORGÓRÉSZ ICP C82LL SIT - VITON/ÁLLÓRÉSZ C51 SIC-VITON 12mm (4016930090),10-00825112-00",,,,,,
TH0144,0,M14093,2021.11.29.,,2021.12.09.,UNITOOL-PLASTIK KFT.,EmR-1020D,Főmotor,AiS 100LW-15-26H(D)átfúrt teng/20kW;Smax:14000,,nem sikerült a helyszínen kiegyensúlyozni,"átütés vizsgálat: rendben, a motor megbontása, csapágyazása szükséges, csapágyazásra kiküldve Csapó Úrhoz",,Schmiedmeiszter P.,4 + 2 óra,,,,,,,,
TH0145,0,M16022,2021.11.30.,,2021.12.15.,PLASTIC-FORM KFT.,BMC-2015,Főorsó,10.000 RPM (KAFO RD5059004),,kézzel is nehezen forgatható,"főorsó takarítása, bontása
járató átalakítása, hogy meg tudjuk járatni a főorsót, 4 körmös célszerszám készítése a főorsó szétszereléséhez, rugóköteg karbantartása, csapágyak cseréje, összeszerelés,  járatás 5.000 rpm-ig klíma nélkül",,Schmiedmeiszter P.,10 óra,-,"1 készlet (4 db)  NSK100BNR10XTDBBCA40P02 csapágy
1 db Deublin 1114-020-188",-,-,,,,
TH0146,0,M16022,2021.11.30.,,2021.12.15.,PLASTIC-FORM KFT.,BMC-2015,Főmotor,AiS 132,,"járatásra, vizsgálatra","átvezető hüvely elferdült a kiszerelés során, pótlása szükséges
Deublin 1114-020-188 cseréje, főmotor kiküldése Csapó Úrhoz:12.02.
csapágyas, nyomáspóbát nem bírja
kapott az Ügyfél cseremotort, ezt nagyjavítással (60%) számoljuk",,Schmiedmeiszter P.,2 óra,,"Csapágyak: 2 db NSK 7209CTRDULP3 (10-10000487-00), 1 db NTN 6207T2XLLBC3P5/L#01 (10-10168904-00), átvezető hüvely",,,,,,
TH0147,0,-,2021.12.07.,,2021.12.09,EL-ZET spol sr.o.,EmL-610,Erőfokozó,"HAO CHENG 3,5 tonnás, 13 mm löketű (EmL/EmR gépeken)",,tömítéseket cserélni,"munkahenger szétszerelés, tömítések cseréje, levegőszelep cseréje, próba: prés alatt 7,5 tonnnával nyomtuk meg",24 V szelep próbája,Budai Attila,3 óra,-,"KN/SN21 14 x 20 x 05/06 NBR90 MA21 (4016930090),10-21142005-00, KN/SN25 14 x 22 x 05/6 (TTU) (4016930090),10-25142256-00, SNI39 40 x 50 x 06/7 (TTI/L) (4016930090),10-40500670-00, O 13 x 2,5 NBR70 (4016930090),10-00132570-00, Szimering / 40x3 NBR70 (4016930090),10-40307000-00 - 3 db, O 60 x 3 NBR70 (4016930090),10-00060370-00, O 89,2 x 5,7 NBR70 (4016930090),10-08925770-00, O 95 x 2 NBR70 (4016930090),10-00095270-00, O 93 x 3 NBR70 (4016930090),10-00093370-00
- 1 db Mindman MVSC-300-4E1-DC24-L szelep",-,tömítések: Seal Ring,,,,
TH0148,0,M16285,2021.12.07.,,2021.12.17,GIA FORM KFT.,VD-510,Főmotor,HPB SVM75L3020E,,beindításkor súrlódó hangja van,"motor végében szennyeződés volt, motor szellőző furatainak takarítása, a hibát nem ez okozta, hanem a megkeményedett kuplung csillag",,1,2 óra,-,,,,,,,
TH0149,0,M06082,2021.12.02.,,2021.12.09,BOCZ-N KFT.,TNL-120ALDT,Motor,Baumüller DS71-S hajtott szerszám motor,20609815,,"átcsapágyazás, kapocsléc megragasztása, Ügyfél által beejtette anya kiszedése",,1,4 óra,,Csapágyak: nem sikerült kideríteni,,,,,,
TH0150,0,M19050,2021.12.15.,,2021.12.17,CSABA METÁL ZRT. ,EmB-1305G,Szerszámcserélő karforgató hajtómű,,,elakad forgás közben,"szétszerelés, javítás, beállítás",,"Schmiedmeiszter P.,Gulyás J.",2 + 6 óra,,"O zsinór 01,50 MM NBR70 (4016930090),10-10015070-00 1,5 m, O zsinór 01,78 MM NBR70 (4016930090),10-00017870-00 1,5 m, O zsinór 02,00 MM NBR70 (4016930090),10-00120070-00 1,5 m",,,,,,
TH0151,0,M15116,2021.12.16.,,2022.01.07.,SZKALICZKI ÉS TÁRSAI KFT.,EmR-1020D,Főorsó,,,főorsón lévő szerszámoldó dugattyú átenged,"szétszerelés, javítás, csapágycsere, összeszerelés, járatás",,Schmiedmeiszter P.,14 óra,,"O 10 x 3 NBR70 (4016930090),10-10010370-00 - 10 db, O 06 x 2 NBR70 (4016930090),10-10006270-00 - 10 db, O 29 x 3 NBR70 (4016930090),10-00029370-00 - 6 db, Gumi / O-gyűrű 30x3 NBR70Sh,10-00022934-00 - 6 db, O 34,65 x 1,78 NBR70 (4016930090),10-34651787-00 - 6 db, O 145 x 3 NBR70 (4016930090),10-00145370-00 - 10 db, O 119 x 3,5 NBR70 (4016930090),10-01193570-00 - 2 db, O 83 x 3 NBR70 (4016930090),10-00083370-00 - 2 db, X 81,92 x 5,33 NBR70 X-gyűrű (4016930090),10-81925337-00, X 100,97 x 5,33 NBR70 X-gyűrű (4016930090),10-10097533-00, KNA28 125 x 115 x 08/07 (TTE) (4016930090),10-28125115-00, GY K17 (közép) 125 x 115,2 x 11,5 (fm.) NBR (39269097),10-12511521-00, 7014 kerámia csapágy 4 db",,,,,,
TH0152,0,M17244,2021.12.17.,,2021.12.21.,GAMMA MŰSZAKI ZRT.,MM-850,Főorsó,,,zajos,"csapágyazás, rugóköteg ellenőrzés, főorsó homlok felcsiszolás",,Schmiedmeiszter P.,8 óra,,7012 CTRDULP3 csapágy -2 pár,,,,,,
TH0153,0,M13052,2021.12.20.,,2022.01.07.,STEELFORG KFT.,MM-760,Körasztal,Walter TANIS 125 NEG,2503,"Ai2,5 motor leégett, kábelezés javítása, anakonda cseréje","motor leszerelése, csatlakozó cseréje, kábelezés cseréje, új motor felszerelése",,Kovács R.,4 óra,,,"Ai2.5-54-40-EH/4096-Z1 szinkron szervomotor, Gégecső fekete szigetelt Pg 21 - 2m, Kábel 4x1,5 - 2,5m, Kábel TTL - 2,5m",,,,,
TH0154,0,M13148,2021.12.21.,,2022.01.19.,SCINTILLA KFT.,EmL-510B ,"Főorsó 
Főmotor","ROYAL 8.000 RPM  
HPB VM100L-54-40-10-08","177640 
-","főorsó alsó csapágyak rezgés gyorsulási értékei az elfogadható határnál magasabbak, javasolt a cseréjük, főorsó és főmotor szíjtárcsák futófelületei kopottak, cseréjük javasolt, szíj csere ajánlott","főorsó csapágyazása+szíjtárcsa csere, főmotor szíjtárcsa csere+állapotfelmérés szíj+ Deublin cseréje",,"Gulyás József, Schmiedmeiszter P.",14 óra,-,"695-5GT-30 szíj, Deublin 902-120-188
főmotor: 1 db 6207 és 1 db 6308 csapágy
főorsó: 4 db NTN7012UC G / GNP4",,,,,,
TH0155,0,M18120,2021.12.21.,,2022.01.05.,EMPLASTRUM KFT.,EmL-610B,Főorsó,10.000 RPM,330676,csapágyas,"takarítás, szétbontás, átcsapágyazás, összeszerelés, járatás, O-gyűrűk cseréje",,Gulyás József,8 óra,-,4 db 60BNR10STSUELP3,-,,,,,
TH0156,0,M18018,2022.01.06.,,2022.01.07.,PETRUS IPARI KERESKEDELMI ÉS SZOLGÁLTATÓ KFT.,EmL-610B,Tármotor,SOHIX SVB18,33395634,fék beragad,"szétszerelés, alkatrészcsere, összeszerelés",,Schmiedmeiszter P.,8 óra,,fékház - tekercs csere,relé - diódaház csere,,,,,
TH0157,0,M13166,2021.12.16.,,2022.01.06.,PRO FORM KFT.,EmR-1304D,Szerszámoldó munkahenger,HINAKA BPF-10U11M110FA,,"orsó oldásnál megint ""köpködi"" az olajat","takarítás, bontás, O-gyűrűk cseréje, összeszerelés, nyomáspróba",,Schmiedmeiszter P.,6 óra,,,,,,,,
TH0158,0,M06151,2022.01.07.,,2022.01.18.,HUSZÁR SZERSZÁM ÉS KÉSZÜLÉKGYÁRTÓ KFT.,TMV-1600,Főorsó végén lévő szerszámoldó egység,,,"szivárog a hűtővíz az öntvényen keresztül, el van repedve, összes tömítés cserére szorul. 2 éve is volt bent ez az alkatrész, akkor csak tömítéscsere volt.","Szétszerelés, tisztítás, hibakeresés, tömítés csere, összeszerelés",,Schmiedmeiszter P.,16 óra,,"KN/SN21 25 x 33 x 05/06 NBR90 MA21 (4016930090),10-25330506-00, Gumi / O-gyűrű 48x2 NBR 70,10-00037974-00, O 48 x 3,5 NBR70 (4016930090),10-00483570-00, GY S6 43 x 52 x 6,5 NBR (39269097),10-06435265-00",,,,,,
TH0159,0,M21013,2022.01.11.,,2022.02.04.,MVM PAKSI ATOMERŐMŰ ZRT.,EmL-1200V,Főorsó,15.000 RPM,,"hangos, kézzel forgatva szorul (a gép 2021.10. hóban ment ki!)",csapágyazás,,Schmiedmeiszter P.,12 óra,,4 db 70BNR10HTYNDBBELP4-NSK csapágy főorsóhoz,,,,,,
TH0160,0,M15232,2022.01.25.,,2022.02.01,BEST-TOOL KFT.,VD-510,Főorsó,,,"szerszám cseréléskor a szerszámot nem húzza be teljesen a kúpra, kotyog  a helyén. Minden  szerszámnál , minden szerszámtárhelynél ugyan ez a hiba. A főorsóban szennyeződés nincs. A szerszámbefogó kúpok épek, nem sérültek.","Szétszerelés, tányérrugók cseréje, támasztógyűrű esztergálása, összeszerelés",,Schmiedmeiszter P.,4 óra,,56 db DIN2093 50CrV4 28x12.2x1.5mm,,,,,,
TH0161,0,M06082,2022.01.25.,,2022.02.01.,BOCZ-N KFT.,TNL-120ALDT,Motor,BAUMÜLLER DS71-S hajtott szerszám motor,20609815,"a motor áram alatt is hangos és nem mindig forog, az alábbi jelenségek voltak: 1, nálatok volt karbantartáson, a kapocsdeknit ragasztottátok, csapágycsere történt (?) 2, beszerelés után sípoló hanggal forgott, nagyobb fordulatnál zörgés, csapágyhang volt tapasztalható 3, kiszerelés előtt már nem forgott, csak ""búgott"" (ezt kiszerelt állapotban is tapasztaltuk) Ezeket vegyétek figyelembe a bevizsgálásnál. ",,"Tamagawa 1024 TTL jeladó beállítása, próbák során hiba jelentkezik","Kopányi Gergő, Rákosréti József","1 + 0,5 óra",,,,,,,,
TH0162,0,M11272/M11273,2022.01.25.,,2022.01.26.,S.C.COMPONENTE AUTO SRL,TNL-100A,Motor,AiB08-54-30-EH/M,,felújításra szorul,"csapágyazás, jeladó csere",,Schmiedmeiszter P.,3 óra,,"Csapágy: SKF 6205-2RSLTN9 , SKF 6204-2Z  ",EQN 1337 (id:683 645-01 Sn: 76 783 936) jeladó ,,,,,
TH0163,0,M20083,2022.01.24.,,2022.01.24.,ROYAL PRODUCTION KFT.,EML 1020E,Motor,SESAME G12V 200S-100,,"a forgácskihordó bekapcsolása után ""Motorvédő kapcsolók hibája""  hibaüzenettel leáll és a biztosítékot leveri",tisztítás ,,Schmiedmeiszter P.,1 óra,,,,,,,,
TH0164,0,M18246,2022.01.25.,,2022.01.28.,MST ENGINEERING KFT.,MXS-400DD,Főmotor,AiS 100LW15-26H(D) átfúrt 15.000 max. fordulat (20 kW; 72 Nm; 46 A) hengeres retesz nélküli,CC2-10-5045,hangos,"vízátvezető csere, kiegyensúlyozás, nyomáspróba",kötődoboz szerelés,"Kovács P., Rákosréti J., Kovács R.",3 + 1 + 2 óra,,vízátvezető,"csatári műanyag kötődoboz, sorkapcsok, 2006 10mm2 4 db, 2010 10mm2 8 db, sorkapocs végbak 2 db",,,,,
TH0165,0,M06151,2022.01.31.,,2022.02.04.,HUSZÁR SZERSZÁM ÉS KÉSZÜLÉKGYÁRTÓ KFT.,TMV-1600A,Főorsó,,,tetején egy idő után folyik a hűtővíz,"O gyűrű, szemering csere",,"Schmiedmeiszter P., Budai A.",16 óra,,"O 48 x 3,5 NBR70 (4016930090),10-00483570-00, GY S6 43 x 52 x 6,5 NBR (39269097),10-06435265-00",,,,,,
TH0166,0,BKV szám: FG-1,2022.02.03.,,2022.02.08.,BKV-VJSZ KFT.,EEN-400,Revfej,"03-002-05  380  1,7",,"revolverfej. nem áll be a nullpontra, nem húzza be a szerszámot","Szétszerelés, állítóék és rugó cseréje, összeszerelés",,GulyásJ,5 óra,,"állítóék, rugó",-,,,,,
TH0167,0,60A0381;M11087/M22027/P22013,2022.02.04.,,2022.02.11.,EFT ÉS TÁRSAI SZERSZÁMÉLEZŐ ÉS GYÁRTÓ KFT.,JCL-75,Motor,Forgószerszám motor,,"Nem működik, folyik belőle a víz","Szétszerelés, csapágyak és szemering cseréje, szétszerelt motor szárítása",Motor elektromos ellenőrzése,Schmiedmeiszter P. Budai Attila,8 óra,,"Csapágyak 6204-2Z/ C3, 6203-2Z/C3 és szemering WAS 20 40 7 FKM",,,,,,
TH0168,0,M20050,2021.12.13.,,2022.07.22,DUNA PRECÍZIÓS KFT. (NCT fejlesztés),HSP-450 (FD-450) grafitmaró (3.),Új gép / Fejlesztés,,,Új gép/ fejlesztés,"Elszívó leszerelése, kiküldése Taksonyba
Levegőrendszer beszerelése, szerszámcserélő beállítása
motorosó leszerelése, kiküldve Taksonynak -> most egy csere motororsó van nálunk, ami leégett, a motoorsó öntvénye Fogarasin a gép mellett
mérőlécek leszerelése, kiküldése Taksonynak
2 db lineáris kocsi cseréje szükséges -> 4 db van Taksonyban
Z energialánc szegmenseket (kb.10 db-ot) küldtünk ki Taksonyba
tititá gom piros -> kékre kell cserélni",Bekötés,Schmiedmeiszter P. Budai Attila,eddig 7+16+2+8(nyomógomb burkolat alakítása),,"10-es levegőcső 12 méter
10-es ""T"" gyorscsatlakozó 2 db 
10-es dugó 2 db 
8/10 szűkítő 2 db 
Egyenes 1/4"" / 6-os csatlakozó 2 db 
Egyenes 1/4"" / 8-as csatlakozó 2 db 
Egyenes 1/4"" / 10-es csatlakozó 2 db 
Egyenes 1/8"" / 6-os csatlakozó 2 db 
Egyenes 1/8"" / 8-as csatlakozó 2 db 
Egyenes 1/8"" / 10-es csatlakozó 2 db ",Tápkábel,,A gép 2022.07.22-én kikerült Taksonyba és onnan ment később a Duna Precízióshoz.,,,
TH0169,0,M16143,2022.02.08.,,2022.02.11.,LIKER KFT.,HTL-76,Főmotor,"HPB VM132L-54-40-15-06 (26,17 kW; 166,6 Nm; 46,69 A) hengeres-reteszes",,csapágyas,"Szétszerelés, csapágycsere, összeszerelés, tesztek","Bekötés, ellenőrzés", Budai Attila,8 óra,,2 db 6309 2Z/C3 csapágy,,,,,,
TH0170,0,P21094/M21023,2021.11.17.,,2022.02.15.,NCT Fejlesztés (MOBILE MEDIA SOLUTION ZRT.),VD-510S?,,,,,,,Schmiedmeiszter P. Budai A.,12 óra,,,,,Kiszállítás Taksonyba,,,
TH0171,0,M11235,2021.12.xx.,,2024.07.31. átszállítás Taksonyba,NCT,Röperwerk eszterga,,,,,"gép bontása, tisztítása, hibás elemek felmérése - Kiss Ferenc
Siemens szervomotorok rendbetétele",,,,,,,,,,,
TH0172,0,M05006,2022.02.08.,,2022.02.09.,FIRE CONTROL KFT. (DENDRIT KFT.),TMV-850,Szervomotor csészebillentő munkahenger,,Szervomotor csészebillentő munkahenger,Nem fékezett,"Tisztítás, kivizsgálás- csere, egy új lett kiküldve",,Budai Attila,6 óra,,,,,,,,
TH0173,0,M18026,2022.02.08.,,2022.03.29.,SL-FORG KFT,TCS-2000L\51 eszterga,Főmotor,"HPB VM132S-54-40-15-06 (17,37 kW; 110,6 Nm; 31,69 A) hengeres reteszes",,Valószínűleg csapágyhibás-tengely/ szíjtárcsa nagyon tönkrement,"Szétszerelés, csapágycsere, tengely javítása, szíjtárcsa csere, összeszerelés, tesztek",,Schmiedmeiszter P.,"Szétszerelés, öszeszerelés, járatás - összesen: 8 óra",,"Szíjtárcsa, csapágyak: 1 db  6307-2Z/C3 és 1 db  6309-2Z/C3",,tg. javítás beérkezés kb. március 9,,,,
TH0174,0,M17228,2022.02.10.,,2022.02.21.,RÁK ÉS RÁK KFT.,NCT MXS-300MT,"Főorsó 
Főmotor","15.000 RPM  
AiS 100",,"Ütközés történt, főorsó zajos, remeg. Főmotor hátsó csapágyazásánál is magas rezgésérték mérhető.","Kivizsgálás, főorsó szétszerelése, kivizsgálása, csapágy, ""O"" gyűrű csere, összeszerelés, motor és főorsó tesztelése",,Schmiedmeiszter P.,24 óra,,"70BNR10HTYNDBBELP4 csapágy-4 db 6 db  átmérő 3,1 x 144,4 ""O"" gyűrű",,,,,,
TH0175,0,Nincs,2022.02.10.,,2022.02.16.,SL MANUFACTURING KFT.,MC2100,Motor,EZG 830-2-203 IP44,3-1578/88,"A motornál időnként nem old a fék. Csapágy csere, szénkefe csere, tisztítás, forgó rész felszabályzása.","Szétszerelés, csapágycsere, tisztítás - erősen szennyezett, zsíros volt, szénkefék vizsgálata, fékrendszer rendbetétele, beállítása, teszt",motor megforgatása,"Schmiedmeiszter P.
Budai A.
Kovács I.",16 óra,,2 db 6207 2Z csapágy,,,,,,
TH0176,0,M04205,2022.02.22.,,2022.03.01.,GYURÓ KFT.,TNL-100AL2,"Főorsó 
Főmotor","- 
DAF132K23A15-5",,"van egy kis hangja a főorsónak, kézzel nehezebb tekerni; nullfeszt 2-3 próbálkozás után veszi be minden alkalommal reggelente; karbantartást kérnek","Szétszerelés, csapágycserék, összeszerelés,tesztek, főmotor járatás, egyensúlyozás",,"Budai Attila, Ömböli Zoltán, Rákosréti J.","főmotor 10 óra + 2 óra , főorsó 14 óra",,"Főmotor: 1 db 6310 ZZC3, 1 db 6312.ZZC3, Főorsó: 1db NN3020MBKRE44CC1P4-NSK, 1 db 100 BAR 10 ETYNDBLP4A-NSK, 1 db NN3017MBKRE44CC1P4-NSK",,,,,,
TH0177,0,M09131,2022.02.15.,,2022.03.16.,KOKILLA PREC KFT.,VMC-1600F,Körasztal,GOLDEN SUN CNC200R,11200R351-2011-03,"0,15-ön belül nem talál vissza (garantált min.: 0,001 fok.indexálási egység)","Szétszerelés, kivizsgálás, szimering csere, tesztek",,"Schmiedmeiszter P. 
Budai Attila",22 óra,,"2 db S 150 x 170 X 15 RST NBR70 (8484109000) - 10-15017015-00, 1 db  25x37x7 szimering, 2 db Csapágy / 7003 C_KBS demokratikus (keleti) csapágy - 10-1007003-00, 1db IKO japan RNA4911 csapágy",,,,,,
TH0178,2,M10259,2022.02.10.,,,TELUM BT.,EmR-610D-5AX,Motor,A3-54-30EH/4096-2,,"Hangos, beázott","Szétszerelés, kivizsgálás, csapágycsere",,Budai Attlia,,,"1 db  6205 zz csapágy, 1 db  6204 zz csapágy, 1 db  E206 Tc25 52 7 szimering",,,Ügyfél kapott cseremotort,,,
TH0179,0,M20061,2022.02.18.,,2022.02.18.,DONGFERR KFT.,BNC-2280 (AC-2580) ESZTERGAGÉP (Mascut),Motor,Ai8-54-30-EH/E,,"""X"" zajos, darabos","Szétszerelés, kivizsgálás, csapágy, szimering csere",,Budai Attila,7 óra ,,"csere motort kapott az ügyfél ,1 db  6205ZZ C3 csapágy, 1 db  6204ZZ C3 csapágy, 1 db 52x25x10 szimering, 10-25521070-00",,,,,,
TH0180,0,-,-,,-,-,-,-,-,-,-,,,,,,,,,,,,
TH0181,0,-,2022.02.22.,,2022.07.01.,SANATMETAL KFT.,YCM NXV-600A S/N: 0354,Körasztal,TANSHING VRNC-170,,"körasztal próbája, járatása HDH vezérlővel",-,,Szegedi István,8 óra,,,,,,,,
TH0182,0,M20132,2022.02.22.,,2022.03.11.,METAL-99 KFT.,HT-76Y,Munkadarab elkapó,,,"Sérült. A korábbi barnítás a csavarokkal együtt történt, amelyek beszakadtak .","Egyengetés, beállítás, sérült csavarok kiszerelése",,Budai Attila,1 óra GAR,,-,,,,,,
TH0183,0,M21137,2022.02.22.,,?,PETRUS IPARI KERESKEDELMI ÉS SZOLGÁLTATÓ KFT.,AG-400CNC,Főorsó (2 db),,,Felujítás,"főorsó köszörülés spinex által, szétszerelés, behúzó erő 4.9-5.1KN",,Budai Attlia,16+16 óra,,"2 db  szerszámbehúzó, 1 db  INA NKI 50/25-XL P6 csapágy, 1 db  FAG 234410-M-SP csapágy, 1 db  FAG NN 3010-D-K-TVP-SP-XL (DIN5412-4) csapágy, 1 db  FAG 234411-M-SP csapágy, 1 db FAG NN3011-D-K-TVP-SP-XL (DIN5412-4) csapágy, 2x 120 db  14,2x27,8x2 (a lemez lv. 1,5) tányérrugó",,Spinex kúpköszörülés - nettó beszerzési ár 2 x 93000 Ft,csipesz beszerzés alatt,,,
TH0184,0,-,2022.02.23.,,,SZÉV,-,Hidraulika szelep,DSG-01-3C2-D24-51T,,Hibás,Kivizsgálás,,Budai Attila,,,,,,,,,
TH0185,0,M10336,2022.03.10.,,2022.03.10.,BÍRÓ KFT.,JSL-32AB '+ YOC-300 olajpáraelszívó utólagos kiépítés,Tartókonzol,,,,"Felszerelés, beüzemelés",,"Budai Attila, Kendrik Gábor",4 óra,,"csavarok M8x20 20db, alátét 20db, anya 20db, gumi karima tömítés, tartókonzol+elszívó",,,,,,
TH0186,0,M15230,2022.02.24.,,2022.02.24.,KELET-SZERSZÁM KFT.,VD-510,Főmotor,SOLPOWER SVM-75L-30,,15000 fordulat fölött erőteljes csapágyhangja van és a nullfeszt eldobja IGBT hibával,"Szétszerelés, csapágyazás, összeszerelés, járatás, tisztítás",,Budai Attila,8 óra,,"ügyfél cseremotort kapott/ 2 db  SKF EXPLORER 6205-2RSLTN9/C3VT162  03 2978, 2db 52x3 O-gyűrű",,,,,,
TH0187,0,M12297,2022.02.25.,,2022.04.28.,ARCONIC-KÖFÉM KFT. ALCOA KÖFÉM KFT,TOMILL-160,X orsó,X orsó,X orsó,"Szétszerelve, szükségesek csapágyak, fogazott szíjtárcsák, fogazott szíj",,,,1 óra bevizsgálás,,"1db szíjtárcsa 10-00002802-00, 1db biztosító lemez 10-11009666-00, 1db 10-00006370-00 fogaszíj, hornyos csapágyanya10-00004224-00, kúpos szorítóhüvely  ",,,szíjtárcsa átmunkálva,,,
TH0188,0,-,2022.03.01.,,?,NCT Fejlesztés,??,Motor,EVIG EZ0705-0-101,,Fejlesztés,"2 db  hüvely esztergálás, egytengelyűség beállítás, összeszerelés, próba",,Schmiedmeiszter P.,8óra,,2db 40x80mm-es cső,,,,,,
TH0189,0,M14241,2022.03.01.,,2022.03.01.,HOLES KFT.,EMR-1604D,Erőfokozó,HINAKA BPF-10U11M110FA,,Szivárog,"Szétszerelés, kivizsgálás, alkatrész (tömítés) csere, összeszerelés",,Budai Attila,Szétszerelés: 2     kivizsgálás:   2  összeszerelés: 2 ÖSSZESEN. 6óra,,"1 db  karmantyú 60IN-30/40  6,3  HALLITE  HH 9A  46047, 1 db  ""O"" gyűrű 30x3,6, 1db  ""O"" gyűrű 14,8x2,4, 1 db  ""O"" gyűrű 45x3,2, P 100 x 85 x 6 K62 kéthatású pneu.töm. (4016930090),10-10085662-00 2 db",,,0,,,
TH0190,2,M030092,2022.03.01.,,,NOVÁK ATTILA EV.,Euromill-510 CNC,Motor,X-tengely szervó motor,,Zárlatos,"Jeladó csere, kuplung átszerelése",,"Budai Attila, Schmiedmeiszter P.","Teszt, jeladó csere 1,5 óra, kuplung átszerelése 0,5 óra",,ügyfél cseremotort kapott A3-54-30-EH/4096-Z1 sn: 884-10-9321,,,,,,
TH0191,0,M11257,2022.03.03.,,2022.04.01.,GRIF-TOOLS KFT.,SMART-42,Hajtott szerszámos egység,,,"meg sem mozdul, ügyfél szerint leégett","motor csere, csapágy csere, tengely átmunkálás (külsős munka)",,"Schmiedmeiszter P.,Budai Attila",8 óra + 4 óra,,"1db Ai05-54-40-EH/4096-Z1 (40-00011070-00), 2db FAG
B7007-E-2RSD-T-P4S-UL ",,,,,,
TH0192,0,-,2022.03.08.,,2023.01.30.,MAROSTECH KFT.,,Körasztal,"GOLDEN SUN 200 - (Motor, asztal, platni)",,,"első körben felmérni, hogy vállaljuk-e, motoron nincs jeladó csati
burkolat készre munkálás",,"SP,BA",28 óra,,"2db lepufogó, 1db SMC ISE2-01-55CL nyomáskapcsoló, 1db airtac szelep, 2db 1/8os záródugó, átvezető 6-6, 3db 1/8-os külső menetes 6os csatlakozó,   
fogaskerék pár",10000 HUF rezsi anyag,"ÜF által gyártott motortartó lap beérkezett 08.10.
ÜF elvitte motorostul burkolatot csinálni rá 09.02.
11.09.: visszajött burkolatosan
01.30 elvitte készen",,,,
TH0193,0,M16233,2022.03.08.,,2022.03.08.,SB-MILL KFT.,LT-52 (BNC-446),Motor,AiB08-54-30-EH/E-Z1,,"csörög, zajos","szétszerelés, csapágy és szimering csere (Smici mondta)",,,,," 1db 6205 2ZR, 1db 6204 2ZR, 1db 52x25x10 szimmering ",,,,,,
TH0194,0,M18187,2022.03.09.,,2022.06.xx,R-FORG HUNGARY KFT.,TMV-510A,Főorsó,,,felújítás,főorsó köszörülés spinex által,,Schmiedmeiszter P.,,,"főorsó tányérrugó 124db 25,0 x 12,2 x 0,9 DIN2093 ",,Spinex kúpköszörülés - nettó beszerzési ár 93000 Ft,,,,
TH0195,0,M16107,2022.03.18.,,2022.04.01.,GRIF-TOOLS KFT.,EmL-1020E,"Főorsó 
Főmotor","ROYAL 233482 12000 RPM  
HPB VM100L (17.38kW, 83Nm ,33A)",,felújítás,"Főmotor:tisztítás, csapágyazás,ventillátor csere Főorsó: csapágyazás,tányérrugó, tömítés csere",,Budai Attila,2x8 óra + 3x8 óra,,"Főmotor: 1db UF-18JC23 ventillátor, 1db 6207 T2XLLBC3P5/L448QTL NTN  (10-10168904-00), 1db 6308 T2X2 LLBA CS40PX13/L683Q32 NTN,  Főorsó: 4db HC7014-C-T-P4S-UL (10-10015439-00), 56db tányérrugó 20x40x2,5,  O 55,55 x 3,53 NBR70 (4016930090),10-55553537-00 5 db, O 04 x 2 NBR70 (4016930090),10-10004270-00 20 db",,,"Kovács Peti hozta be, Főorsó behúzóerő 11,5kn",,,
TH0196,0,M14300,2022.03.22.,,2022.03.24.,VÁG-TECH KFT.,EmR-1200B,Körasztal,,,felújítás,o gyűrűk cseréje,,Schmiedmeiszter P.,5 óra,,"O gyűrűk: O 195 x 3 NBR70 (4016930090),10-00195370-00 1 db, O 64x3,0 1db, O 6x2 1db, O 155x5,7 1db, O 80x5,7 1db, Hajtómű olaj 3dl ",,,,,,
TH0197,0,M11110,2022.03.18.,,2022.03.24.,TRIMBLE HUNGARY KFT.,VD-510S,Forgács kihordó spirál,,,elgörbült,vissza egyengetés,,Budai Attila,1 óra,,,,,,,,
TH0198,0,-,2022.03.25.,,?,ESZTERGOMI SZERSZÁMGÉPGYÁR KFT.,,Motor,"BAUMÜLLER DSG-100S 4.3 kW, 36 Nm, 8.8 A",,repedt pajzs,"pajzs csere, átnézés",,"SP, BA",20 óra,,2db baumüller pajzs (SZÉV2022-124 igény),,Mókuskerék gyártás nettó 91650 HUF,,,,
TH0199,0,M15173,2022.03.28,,2022.04.26.,VÁRDA FERRO IPARI KERESKEDELMI SZOLGÁLTATÓ KFT. , EmB-1605G,Motor, AiS132LW08-15H(D),CC3-10-104,zajos,Csapó Úrhoz csapágyazásra ,,,,,"1db 6207T2XLLBC3P5/L#01, 2db 7209A5TRSULP3",,,először járatni kell,,,
TH0200,0,M14252,2022.03.29.,,2022.04.01.,KOKILLA PREC KFT.,HT-76 DT,Főorsó fék,,,szivárgás,"tömítés csere, teszt",,Schmiedmeiszter P.,4 óra,,"O 1db 15x2,5 NBR70, 1db 17x3 NBR70, 2db 54x3,5 NBR70, ",,,,,,
TH0201,0,M18335,2022.03.29.,,2022.04.05.,ALU-SPÁN KFT.,KAFO KMC-4127,Főorsó,,,beszakadt a csavar,"csavar csere, kuplung áthajtás szerelés, járatás",,Schmiedmeiszter P.,8 óra,,6 db BKNY M8x120 10.9,,,,,,
TH0202,0,M21323,2022.03.25.,,2022.08.08,NCT Taksony (PETRUS IPARI KERESKEDELMI ÉS SZOLGÁLTATÓ KFT.),,Revfej,BARUFFALDI TBMA160 VDI30/1/8,,"szükség szerini felújítás, járatás
2022.08.08-án kiküldve Taksonyba: hiányzó tárcsa forgató motorral és sérült motor burkolattal
M21232 Petrus Kft. BNC-1800P (BNC-1840DT) (eredeti munkaszám: M12060) ",,,"SP, BA, Sz",16 óra,,"GY K6 210 x 200 x 5 NBR (39269097),10-02102005-00, O 126,72 x 1,78 NBR70 (4016930090),10-12672178-00 - 2 db",,,,,,
TH0203,0,M17237,2022.03.01.,,2022.03.01.,GIA FORM KFT.,MM-850SV,Motor,Ai08-54-30-EH/E-,,"gerjed, zárlatos",járatás során nem tapasztaltak hibát,,,,,,,,csere motort kapott a cég,,,
TH0204,0,M06222,2022.03.09.,,2022.03.09.,STEELFORG KFT.,EmL-610,Erőfokozó munkahenger,,,"olajszívárgás, repedt felső fedél",szétszerelés ,,Budai Attila,3 óra (szétszerelés) 5 óra (összeszerelés) 2 óra (járatás),,várjuk a fedelet importból (SZÉV2022-211),,,,,,
TH0205,0,M05006,2022.04.04.,,2022.05.03.,FIRE CONTROL KFT. (DENDRIT KFT.),TMV-850A,Körasztal,GOLDEN SUN 250,,"helytelen irány váltások, pontatlanság","tömités csere, köszörülés",,"Budai Attila, Schmiedmeiszter P.",32óra,,"csapágy,tömítés, S 25 x 38 X 08 RST NBR70 (8484109000),10-00253808-00 - 2 db, S 145 x 170 X 15 RST NBR70 (8484109000),10-14517015-00, S 150 x 180 x 15 RST NBR70 (8484109000),10-15018015-00, O 90 x 6 NBR70 (4016930090),10-00090670-00, O 110 x 6 NBR70 (4016930090),10-00110670-00, O 58 x 3,5 NBR70 (4016930090),10-00583570-00 - 2 db, O 179,20 x 5,7 NBR70 (4016930090),10-17920577-00, O 210 x 2,5 NBR70 (4016930090),10-02102570-00, Szimering / 40x3 NBR70 (4016930090),10-40307000-00 - 2 db, O 85 x 3 NBR70 (4016930090),10-00085370-00, O 09 x 1 NBR70 (4016930090),10-10009170-00 - 8 db, O 60 x 3 NBR70 (4016930090),10-00060370-00, Gumi / O-gyűrű 80x5,5 NBR 70,10-00003545-00, O 90 x 5,5 NBR70 (4016930090),10-00905570-00, O 110 x 5,5 NBR70 (4016930090),10-01105570-00, Csapágy / 61821-Y FAG,10-00022801-00 - 2 db, Csapágy / 81105 TVPB*KOYO,10-00081105-00 - 2 db, Csapágy / AXK 110145*KOYO,10-00110145-00 - 2 db, Csapágy / Tűgörgő 4x23.8 INA,10-00005817-00 - 50 db, Csapágy / NK 25/20 INA,10-00016743-00 - 2 db",,,,,,
TH0206,0,M15327,2022.04.04.,,2022.04.12,MOBILINTER KFT.,JCL-60TSM (JCL-75ABMs) ,Motororsó (ellenorsó),AMS112,,beázott ?,"csapágyak zsírozása,összeszerelés,járatás,készre szerelés meghúzóval",villamos mérések,"Schmiedmeiszter P.
(Kovács István + Rákosréti Józsi)",4 óra (mech. munka) + 8 óra (járatás) ,,,,,"fenti tesztek alapján nincs beázásra mutató jel, viszont hangja van -> csapágyazásra szorul
Ügyfél visszajelzése: a meghúzócső nem volt jól betekerve, ezért sokat szenvedtek mire rájöttek, hogy nem úgy kapták vissza, ahogyan beküldték",,,
TH0207,0,M04060,2022.04.06.,,2022.04.25.,PREC-CAST ÖNTÖDEI KFT.,TMV610A,"Főorsó 
Főmotor","- 
DAF 100-B54A 10-5 (7kw, 18A)",,,"MEGRENDELÉSIG NEM CSINÁLUNK VELE SEMMIT!, nem kérik a javítást, elviszik",,,,,,,,,,,
TH0208,0,M08086,2022.04.12.,,2022.05.10.,JAVEL-INN KFT.,S-280,Golyósorsó,,,,"Külső cég által: Szétszerelték ,megtisztították az anyát leszerelték golyót cseréltek előfeszítéssel a nyomatékot beállították, visszaellenőrizték. Egyengetésre nem volt szükség.",,-,-,,,,egyengetés ,,,,
TH0209,0,M21193,2022.04.12.,,?,NCT Taksony (ALBAMETAL KFT.),EML-1020E,Főmotor,"HPB VM100L (17.38kw, 83nm, 33A)",,rossz bekötés ,"szétszerelés, újra kötés, összeszerelés, járatás",,Schmiedmeiszter P.,,,,,,,,,
TH0210,0,M13289,2022.04.12.,,2022.04.26.,K-KART spol. s.r.o.,TMV-1050A,Főorsó,8.000 RPM,,"szerszám behúzó erő gyenge, 0,2 kN, szerszám lötyög a kúpban","főorsó szétbontása. a főorsó csipesz golyóit megfogó gomba van kikopva, illetve a behúzó rugó egyik végén található repedés; SZÉV tartlék TMV-1600 főorsó szétbontása, hogy abból fel tudjuk-e használni ezeket az alkatrészeket",,,8 óra,,"erőfokozó csap csere, zöld behúzórugó, behúzószár toldat -> tartalék főorsóból szereltük át",,,,,,
TH0211,0,M17125,2022.04.13.,,2022.04.13.,VETRÓ TIBOR E.V.,K-B640,Esernyős tár mozgató munkahenger,,,a munkahenger vagy a csatlakozója ereszt,"munkahenger szétbontása, tömítés cseréje",,Gulyás J.,1 óra,,"karmantyús tömítés E 20 x 30 x 10,4, fojtó visszacsapó szelep csere R 1/4 - D08 gyorcsatlakozó könyök 8/8",,,,,,
TH0212,0,M05089,2022.04.07.,,2022.04.21,BIOTECH GMBH,Kondia B-640,Orsó jeladó egység,,,elromlott a jeladó,"jeladó egység szétszerelés, csapágy és kuplung csere",,Belencsák Ádám,1 óra,,"6002 ZZ csapágy 2db, vma kuplung, rod 426/1024 jeladó",,,,,,
TH0213,2,M05006,2022.04.22.,,,FIRE CONTROL KFT. (DENDRIT KFT.), TMV-850A,Főmotor,"BAUMÜLLER DAF 132 K-23A10-5 (335v,38A)",,"ingadozó fordulat,csapágy hang ","csapágyazás,ventillátor csere",szigetelés vizsgálat,Schmiedmeiszter P.,szétszerelés: 3 óra tisztítás: 2 óra (nagyon koszos volt) összeszerelés: 3 óra,,"1db SKF 6312-2Z/C3GJN 
1db FAG 6310-2Z-C3 , 1db baumüller ventillátor ?",,tekercselés külső cég által,"az ügyfél csere motort kapott 05.03-án, a másik motor tekercselve+ csapágyazva lesz -> szév tartalék",,,
TH0214,0,M18099,2022.05.03,,2022.05.11.,PLASMA-TECH SYSTEMS KFT.,CV-7A,Motor,AiS 100-LW 26 H (D) (csere motor),CC2-10-4014,"leégett, testzárlatos","szétszerelés
állórész elküldve tekercselésre, csapágyazás, összeszerelés",,Budai Attila,10 óra,,"2 db FAG HCB7208-C-T-P4S-UL
1 db NSK 6206TCG12P4",,"tekercselés, csapágyazás","az ügyfél csere motort kapott 05.11-én, az erdetit felújítjuk",,,
TH0215,0,M18126,2022.05.03.,,2022.05.23.,HUONKER HUNGÁRIA KFT.,JSL-32ABMs,Főorsó,(bal) 7.000 RPM,,"hangos,remeg ",csapágyazás,,Schmiedmeiszter P.,2x8 óra,,"2db 7013CTYNSULP4, 2db 7015A5TYSULP4 csapágy",,,,,,
TH0216,0,M18005,2022.05.05.,,2022.05.10.,First-Tech ,VD-510,Főmotor,"SOLPOWER SVM-90L-20 (5.17kw, 24.7nm,19.4A, Nmax 12.000 RPM)",,hangos,"szétszerelés, csapágyazás, összeszerelés, járatás ",,Budai Attila,12 óra,,2db SKF  6206 2Z/C3 csapágy,,,,,,
TH0217,0,M15277,2022.05.11.,,2022.06.02.,First-Tech ,EmR-610,"Főorsó 
Főmotor","ROYAL 15.000 RPM 
AiS 100-LW 26 H (D)(15.000 RPM)","221253 
CC2-10-143",zörög külön a főorsó és a főmotor is,mindkettő csapágyazása,,Budai Attila,8 óra (motor) + 16 óra (főorsó),,"4db FAG HCS 7012-C-T-P4S-UL csapágy, átvezető hüvely ais100, O 90 x 5,5 NBR70 (4016930090),10-00905570-00 2 db, X 69,22 x 5,33 NBR70 X-gyűrű (4016930090),10-69225337-00, X 78,74 x 5,33 NBR70 X-gyűrű (4016930090),10-78745337-00",,,,,,
TH0218,0,M16107,2022.05.18,,2022.05.30.,GRIF-TOOLS KFT.,EmL-1020E,Főmotor,"HPB VM 100L (17.38kw, 83nm, 57.16A, Nmax 12.000 RPM)",15121455H1,hangos,7012CTRDULP3,,Budai Attila,16 óra ,,"1db 6308T2X5LLB-GC3P#01, 1db 5S-6207M8LLBC3P5#02 csapágy ",,,,,,
TH0219,0,M11259/ M20029,2022.05.18.,,2022.05.30.,PETRUS IPARI KERESKEDELMI ÉS SZOLGÁLTATÓ KFT.,LT-52 ,Szegnyereg munkahenger,,,folyik,"szétszerelés,tömítések cseréje, összeszerelés",,Schmiedmeiszter P.,3 óra,,"O gyűrűk: O 40 x 3,5 NBR70 (4016930090),10-00403570-00 3 db, O 30 x 3,5 NBR70 (4016930090),10-00303570-00, O 18 x 2,5 NBR70 (4016930090),10-00182570-00 2 db, O 39 x 4 NBR70 (4016930090),10-00039470-00, O 113 x 2,5 NBR70 (4016930090),10-01132570-00 12 db, KN/SN25 18 x 26 x 05/06 AU92 MA25 (4016930090),10-18260592-00, GY SS01 39 x 45 x 4 (tm.) NBR (39269097),10-00139454-00    Karmantyú:",,,O gyűrűk helyett X gyűrűk kerültek be,,,
TH0220,0,M10336,2022.05.03.,,2022.05.30.,BÍRÓ KFT.,JSL-32AB,Forgó átvezető hüvely,,,kotyog -> csapágyas,"szétszerelés, csapágyazás, összeszerelés",,Budai Attila,6 óra,,4db 7912A5TRSULP3 Csapágy,,,,,,
TH0221,0,M21116,2022.05.23.,,?,BOSS2006 Hungária Kft.,TSUGAMI NP-17 hosszeszterga,Motor,S2 FANUC,,csapágyas,"szétszerelés, csapágyazás, összeszerelés, járatás",,Schmiedmeiszter P.,6 óra,,"Csapágy: 2db NTN 6004LLBC3 /5K, 6002 ZZ (Bertold intézte a beszerzést)",,,,,,
TH0222,0,-,2022.05.27.,,?,NCT Taksony,VD-510,Főorsó,ROYAL 20.000 RPM,151332,"hangos,remeg ","szétszerelés, csapágyazás, összeszerelés, járatás",,Budai Attila,8 óra,," 4db 10-00037187-00 Csapágy / HCS7008-C-T-P4S-UL
O gyűrűk:",,,,,,
TH0223,0,-,2022.05.27.,,?,NCT Taksony,VD-510,Főorsó,ROYAL 20.000 RPM,151330,"hangos,remeg ","szétszerelés, csapágyazás, összeszerelés, járatás",,Budai Attila,8 óra,,"4db 10-00037187-00 Csapágy / HCS7008-C-T-P4S-UL
O gyűrűk:",,,,,,
TH0224,0,M15065/M22103,2022.05.31.,,2022.07.22.,GYOPÁR 2000 KFT.,RY-42,Komplett gép,,,"X golyósorsó, szánok és csapágyazás cseréje; Z golyósorsó és csapágyak cseréje, X vezetékvédő csere","gép bekötése, takarítás, hiba keresés, előkészíté szállításra Taksonyba",,Belencsák Ádám,-,,"RY-42 (sn: Y4207715) alkatrészek,10-00033576-00",,,Taksony elvitte ,,,
TH0225,0,M21026,2022.05.31.,,?,SZÉV tartalék (Plasmaterm),VD-510,Főorsó,ROYAL 20.000 RPM,151331,csapágyas,"szétszerelés, csapágyazás, összeszerelés, járatás",,Schmiedmeiszter P.,6 óra,,Csapágyak: 4db 40BNR10STSUELP3,,,,,,
TH0226,0,M19069,2022.06.02.,,2022.08.05.,MST ENGINEERING KFT.,EmR-1600M-5HT billenőfejes,Billenőfej,PARKSON,,"Megszorult a csapágy, füst szállt ki belőle, a főorsó forró volt és kézzel nem lehet forgatni és elképzelhető, hogy valami leégett benne. Orsó fordulatszám ingadozás hiba volt előtte, és furcsa hangja volt.",,"Szigetelési szilárdság vizsgálat, ohmikus mérés: rendben, bár ment a hezitálás, nem lett tekercselve",Budai Attila,12 óra,,"O zsinór 03,50 MM NBR70 (4016930090),10-00035070-00 - 2 méter,  2db SKF 6002 2Z/C3
1 pár HY SM 6014 17° TA P4+ DUL <10-00002309-00>
2 db 60BER10HTV1VSUELP3  <10-00002301-00>",,,,,,
TH0227,0,M19069,2022.06.02.,,2022.08.05.,MST ENGINEERING KFT.,EmR-1600M-5HT billenőfejes,Körasztal,CNC-400,,vízbeázást tapasztaltunk," szimmering és tömítések cseréje, foghézag beállítás ",,Budai Attila,7x8 óra ,,"Sealring:  
S 310 x 350 x 20 RST NBR70 (8484109000),10-31035020-00,  
O 390 x 430 x 18 GVST NBR70 (8484109000),10-39043018-00, 
O 219,20 x 5,7 NBR70 (4016930090),10-21920577-00
O 236 x 5,33 NBR70 (4016930090),10-23653370-00
O zsinór 03,50 MM NBR70 (4016930090),10-00035070-00 - 6 méter
O 252 x 3,5 NBR70 (4016930090),10-02523570-00 
O 349,20 x 5,7 NBR70 (4016930090),10-34925770-00 
O 419,2 x 5,7 NBR70 (4016930090),10-41925770-00 
O 192 x 4 NBR70 (4016930090),10-00192470-00 - 10 db 
O 11,5 x 2,5 NBR70 (4016930090),10-01152570-00 - 10 db 
O 09,5 x 2,5 NBR70 (4016930090),10-00952570-00 - 10 db, anaconda 3 méter csatlakozó elemekkel, 3liter olaj c-lp 150es",,,,,,
TH0228,0,M15253,2022.06.02.,,2022.06.29.,Paks MVM,EPA-320,Főmotor,EVIG EHL160L4,,"motor tengely üt, csapágyazás javasolt, techogenerátor kommutátor szabályozása szükséges (1000 fordulat fölött nem stabil a tacho szénkefe kontakt) ","csapágy csere, kommutátor csere",,Schmiedmeiszter P.,5 óra,,"4db 4x5x10 ezüstkefe (10-10009598-00), kommutátor ,  1db SKF 6308-2RS1
1db FAG NJ309-E-XL-TVP2",,,,,,
TH0229,0,-,2022.06.09.,,?,NCT Taksony (S.C.METAGALAX s.r.l.),-,Revfej,LS-200,,"Tárcsát leszerelni, Hirth tárcsa csavarokat meghúzni, készre szerelés,járatás",,,Schmiedmeiszter P.,12 óra,,,,,visszament Taksonyba,,,
TH0230,0,M17120,2022.06.10.,,2022.07.06.,FEHÉR-FÉM KFT.,Hurco TM6 eszterga,Bemérő kar,Renishaw 0P8764,,a szerszámbemérő kar középállásban megállt és nem mozdul,"kar szétszerelése, akadás megszüntetése (zsírzás),  elektromos járatás",,Budai Attila,4 óra,,,,,,,,
TH0231,2,M15274,2022.06.10.,,,KOÓP 55 KFT.,EmR-1604D,Főmotor,AiS 132-LW 08-15 H (Y) 10.000 RPM,CC3-10-107,"hangos, csapágyas, szigetelés vizsgálat elvégzése javasolt",,,Schmiedmeiszter P.,,,,,,,,,
TH0232,2,M16292,2022.06.15.,,,PLASMA-TECH SYSTEMS KFT.,EEN-320E,Motor,A3-54-30-EH/E-Z1 (Nmax 3.200 RPM),984-10-8716,leégett,,testzárlatos,Budai Attila,,,,,Tekercselés - Liker,,,,
TH0233,0,M19163,2022.06.22.,,2022.07.11.,METAPLAST GEAR TECHNOLOGY KKT.,CV-7A,Osztófej,DCN-160-C,,"fék meghúzásakor (néha) kiesik a hiba ablakból, és megáll a masina -> átnézés szükséges "," takarítás, fokhézag állítás",,Budai Attila , 3 óra,,"2db 6x2 ""o"" gyűrű",,,,,,
TH0234,0,M14158,2022.06.24.,,2022.06.29.,AGROSTART BT. DIANA SZAKKÉPZŐ ISKOLA,JSL-20-ABMs,X2 golyósorsó,,,szétesett a golyósorsó anya,"csapágyakat lehúzni a golyósorsóról, anya leszedése, átvizsgálás -> elküdés egyengetésre",,Budai Attila ,2 óra,,,,Újra golyózás - Szimikron,,,,
TH0235,0,M15127,2022.06.29.,,2022.07.13.,Paks MVM,LT-52DT,Főmotor,"VM132M (27.75kw, 132.5nm, 82.93A, Nmax 6.000 RPM) ",,állapot felmérés,felújítás - csapágyak cseréje,,Budai Attila ,3 óra (szétszerelés) 3 óra (összeszerelés),,"1db 6309 LLB, 1db 6307 ZZ csapágy",,,,,,
TH0236,0,M15127,2022.06.29.,,2022.07.13.,Paks MVM,LT-52DT,Főorsó,ROYAL 5.000 RPM,227343,állapot felmérés,felújítás - csapágyak cseréje,,Budai Attila ,2x4 óra (szétszerelés) 2x4 óra (összeszerelés) 4 óra (járatás),," 2db NSK 7020A5,  2db NTN 7020UADG/HNP24U3G",,,,,,
TH0237,0,M12004,2022.07.05.,,2022.08.12.,GOODWILL-TRADE KFT.,EML-1020D,Főorsó,ROYAL 10.000 RPM,160499,"főorsó ütés mérés 0,05-0,20 mm, kúp ütése 0,03 mm, behúzóerő 6,5 kN",főorsó és szerszámoldó munkahengerének felújítása,,Schmiedmeiszter P.,16 óra,,"4db FAG: HS7014-C-T-P4S-UL, tömítések, O 120 x 3 NBR70 (4016930090),10-000120370-00, O 80 x 3 NBR70 (4016930090),10-00080370-00, O 145 x 3 NBR70 (4016930090),10-00145370-00, O 06 x 1,75 NBR70 (4016930090),10-00617570-00, O 09,50 x 2,5 NBR70 (4016930090),10-09502570-00, X 78,74 x 5,33 NBR70 X-gyűrű (4016930090),10-78745337-00, X 100,97 x 5,33 NBR70 X-gyűrű (4016930090),10-10097533-00, GY K17 (közép) 125 x 115,2 x 11,5 (fm.) NBR (39269097),10-12511521-00, Tömlő / DKJ-10916, YK-10OH, 1SN-10,  0°-os elforgatási szög, 490 mm,10-10916490-00",,Köszörülés - Juhásznál,"08.03-án kikerült a főorsó majd helyszíni beépítés során a munkahenger tömítése átengedett, újra gyártása szükséges -> ezért a főorsó újból vissza került a műhelybe javításra ",,,
TH0238,0,M05006,2022.07.08.,,2022.07.15.,FIRE CONTROL KFT. (DENDRIT KFT.),TMV-850A,Körasztal,,,"zárlatos volt a motorja, le volt égve, jeladó nem számolt, a körasztal fékezés nélkül volt használva, ","motor csere, eredeti fogaskerék felhasználása, burkolatok tömítése szilóval",,Schmiedmeiszter P.,6 óra,,A3-54-30-EH/4096-Z2 motor,,,,,,
TH0239,0,M21194,2022.07.13,,2022.07.xx,NCT Taksony (ROYAL PRODUCTION KFT.),EmL-1020B,Főorsó,ROYAL 8.000 RPM,145919,felújításra,"szétszerelés, főorsót el küldjük köszörülésre",,SP,8 óra,,4 db NSK 7014 CTRDULP3 csapágy,,Köszörülés - Spinex,SZÉV raktárba és csarnokba a jelölt sorozatszámú főorsó nem volt megtalálható. ,,,
TH0240,0,M14300,2022.07.13.,,2022.07.15.,VÁG-TECH KFT.,EmR-1200B,Körasztal,,,kábelcsere,"kábel bekötése, eredeti kábel bekötésének lemásolásával",,"Ginters Ervin, Budai Attila","3 óra (Ervin) 
1 óra (Budai Attila)",,"4db 5x10 4db 4x25 imbusz, motor csatlakozó 8 PRM",,,,,,
TH0241,0,-,2022.06.xx,,?,NCT Taksony,HSD-450 FD-450 grafitmaró motororsó,Motororsó,J51702,,leégett,,,,,,"1 db SNR MLECH7005CVDUJ74S, 2 db SNR MLECH7007CVDUJ74S csapágyak, 8db 7.3x1.4 O gyűrű, 4db 92x2.7 O gyűrű (Adrián szerint összesen 800ft)",,Tekercselés - Liker,tartalék lesz,,,
TH0242,2,M19087/M14165,2022.07.06.,,,SANATMETAL KFT.,EmR-1200M-5HTA billenőfejes,Motororsó,"MICROLAB M4-RMSC-15 CTS emelt teljesítményű (18kW,15.000 ford/perc, ( din40,380V)",,,,,,,,"2db FAG HCB7013-C-T-P4S-UL,
2db FAG HCB7010-C-T-P4S-UL",,,tartalék lesz,,,
TH0243,0,M05018,2022.07.14.,,2022.07.26.,PLASTIC-FORM KFT.,CME-FS-0,Klíma vezérlő,CWA-24PTS,,klíma vezérlő egység nem indul e,"komplett belső takarítás, rendszer átmosás, vezérlőpanel ellenőrzése/mérése, hűtőfolyadék cseréje (3%-os fagyálló tartalommal) , szint jelző tisztítás",,"Budai Attila, Kovács István",6 óra,,"50L + 50L desztilált víz, 1.5L + 5L fagyálló",,,,,,
TH0244,0,M14097,2022.07.14.,,2022.07.28.,DUNA PRECIZIÓS KFT.,MM-800S,Főmotor,"VM100L (13.08kw, 83.3nm, 44.84A, Nmax. 10.000 RPM)",,csapágyas,"csapágyazás, jeladó csere",,"Schmiedmeiszter P., Ginter Ervin",2x6 óra,,"1db 6207 T2XLLBC3P5/L448QT csapágy
1db 6308T2X2LLBACS40PX13/L683Q32 csapágy, MTL MEH-30-1024PEF2 (10) SSU jeladó",,,,,,
TH0245,0,M14097,2022.07.14.,,2022.07.28.,DUNA PRECIZIÓS KFT.,MM-800S,Főorsó,CELLS 10.000 RPM,,"zajos,csapágyas","tömítések cseréje,csapágyazás, járatás",,Schmiedmeiszter P.,2x6 (szétszerelés + összeszerelés) 4 óra (járatás),,"1db 775-5GT-30 szíj, 4db 60BNR10STV1VSUELP3-NSK , tömítések",,,,,,
TH0246,0,M14097,2022.07.14.,,2022.07.28.,DUNA PRECIZIÓS KFT.,MM-800S,Erőfokozó,BC3T-13S ,,olaj szivárgás ,,,Schmiedmeiszter P.,6 óra,,,,,,,,
TH0247,0,M04046,2022.07.15.,,2022.09.08.,FIRE CONTROL KFT. (DENDRIT KFT.),Kondia HM-1060,Körasztal,GSA CNC-251R,,"kábel, harting cseréje is szükséges",,,Kovács R.,8 óra,,1.9 méter anaconda csatlakozó elemekkel,,,élesztés egyeztetés alapján az Üfnél,,,
TH0248,0,M17244,2022.07.18.,,2022.07.21.,GAMMA MŰSZAKI ZRT.,MM-850,Főorsó,10.000 RPM,372278,csapágyak ellenőrzése ,csapágyak átzsírozása,,Budai Attila,,,,,,,,,
TH0249,0,M19046,2022.07.18.,,2022.09.02.,KÖNIGIN TRADE KFT.,EmR-1020D,Körasztal,GSA CNCT-200 ,,"""B"" tengely dugattyú átenged/folyik, ""C"" tengely fék nem jól működik, csigakerekek átnézése ",fék tömítések és tömlők cseréje,,"Tóth Viktor, Budai Attila",20 óra,,"O 157 x 6 NBR70 (4016930090),10-00157670-00, O 115 x 5,5 NBR70 (4016930090),10-01155570-00, 3 méter anaconda csatlakozó elemekkel, Tömlő / AGR-1038, DKJ-10916, YSNK-12, 2SN-10, 0°-os elforgatási szög, 2370 mm + FÉMSZÖVET (AGR-1038),10-10382370-00, Tömlő / DKJ-10916, AGR-1038, 2SN-10, YSNK-12,  0°-os elforgatási szög, 2240 mm + FÉMSZÖVET (AGR-1038),10-10382240-00",,,,,,
TH0250,0,M15327,2022.07.18.,,2022.09.06.,MOBILINTER KFT.,JCL-60TSM (JCL-75ABMs) ,Motororsó (ellenorsó),AMS112,,testzárlatos,csapágyak újrazsírzása (ÜF kérése),,SP / BA,24 óra,,"nem lett cserélve ((SZÉV2022-330 2db (1pár)         
NN3015TBKRE44CC0P4,)) ",,Tekercselés - Liker javítási költsége (LIKER MOTORS) 111.900 Ft+ÁFA,,,,
TH0251,0,M18170,2022.07.19.,,2022.07.22.,MST ENGINEERING KFT.,MXS-300 MT,Főorsó,,,szerszámoldás munkahenger csap el volt törve,"átvizsgálás, csap cseréje SZÉV tartalék főorsóból (visszapótlást Juhász gyártja), meghúzó állítása",,Budai Attila,3óra (szétszerelés) 3óra (összeszerelés),,"1db csap 16x75mm (juhász féle) 00-70064297-00, 3db 40x2.0 tányérrugó, tömítések",,,,,,
TH0252,0,M19094,2022.07.20.,,2022.08.22.,VIVBER KFT.,MATEC 30HV,Szerszámelőkészítő kar mozgató munkahenger,,,olajfolyás a munkahenger száránál,"karmantyú, tömítés, kosz lehúzó cseréje",,Budai Attila,6 óra,,"O 23 x 2 NBR70 (4016930090),10-00023270-00, O 23 x 1,75 NBR70 (4016930090),10-02317570-00, AM43 10 x 16 x 03 MET/NBR (84879092),10-43101603-00, KN/SN21 10 x 18 x 06/07 NBR90 MA21 (4016930090),10-21101806-00, KPOR31 20 x 12,7 x 03,2 PTFE K31 (4016930090),10-31201270-00 - 2 db",,,,,,
TH0253,0,M20182,2022.07.20.,,2022.08.02.,HYDRO EXTRUSION HUNGARY KFT. ,CT-60,Revfej,SAUTER,,"11-es, 12-es 1-es szerszámhely között szorul, nem lehet körbetekerni, leütés hiba, motorvédelem hiba",,,BA,6 óra,,"SZÉV2022-340 igény - indexáló mágnes tekercs, O 48 x 1,78 NBR70 (4016930090),10-04817870-00 - 24 db",,,,,,
TH0254,0,M17272,2022.07.22.,,2022.09.16,INLONG KFT.,Kondia B-640 ,Pneumatikus munkahenger,,," munkahenger tömítése elöregedett, széttört",,,BA,6 óra,,"P AUNIPSL E 20 x 30 10,4  pneu. rúdtöm. K51 (3917400000),10-20301045-00, P K53 25 x 33 x 6,2/7,8 PU (3917400000),10-53253362-10 - 2 db, P K30 20 x 30 x 7/9,5 NBR NIPSL (3917400000),10-30203079-00, P K50 50 x 40 x 07 NBR (4016930090),10-50504007-00 - 2 db, O 45,36 x 3,53 NBR70 (4016930090),10-45363537-00 - 2 db, O 03 x 1,5 NBR70 (4016930090),10-00031570-00 - 2 db",,,,,,
TH0255,0,M17080,2022.07.26.,,2022.07.28,GYŐRFI JÓZSEF EV,MM-760,Főorsó,,,"átvizsgálás, csapágyas",csapágyazás,,Budai Attila,8 óra,,"1 db 7012CTRDULP3 NSK,
2 db 7012CTRSULP3 NSK",,,,,,
TH0256,0,M17147,2022.08.01.,,2022.08.15.,S.C.METAGALAX s.r.l.,SMART-S8,Főorsó,POSA 10.000rpm,ESB17092155P,"csapágyazás, szíjtárcsa csere","csapágyazás, szíjtárcsa csere",,Budai Attila,10 óra,,"4db 60BNR10HTV1VSUELP3 csapágy
70064495-00 fele",,,,,,
TH0257,0,M17147,2022.08.01.,,2022.08.15.,S.C.METAGALAX s.r.l.,SMART-S8,Főmotor,"SVM-90L-15 (3.7 kw, 9.2A, 23.66nm, Nmax.:10.000 RPM)",,"csapágyazás, szíjtárcsa csere","csapágyazás, szíjtárcsa csere",,Budai Attila,10 óra,,"Csapágy / 6306-2RS1/C3_S SKF mélyhornyú csapágy DGBB,10-00630613-00, Csapágy / 6305-2RS1/C3_S SKF mélyhornyú csapágy DGBB,10-00630513-00
70064495-00 másik fele",,,,,,
TH0258,0,M06082,2022.08.02.,,2022.08.23.,BOCZ-N KFT.,TNL-120ALDT,Főorsó,,,"megmunkálásnál alakhiba; kimérve axiálisan 0,1 mm lógás",csapágyazás,,Budai Attila / Smici Peti,24 óra,,Csapágyak: 1 db NN3021MBKRE44CC1P4 (NSK); 1db NN3024MBKRE44CC1P4 (NSK); 2 db 120BAR10ETYNDBLP4A,,ÜF gyártott hozzá hézagoló labirintot méretre,,,,
TH0259,0,M13243,2022.08.09.,,2022.08.19.,BÍRÓ KFT.,TAJMAC.ZPS.H400.MMK-004,Munkadarab paletta,,,egyik kúpvonó csapja eltörött,"kiszerelés, csere, beszerelés",,"Budai A., Schmiedmeiszter P.",3 - 3 óra,,"R081C3075E3 rögzítő csap 2 db
R081C3076E2 anya 2 db
utólagosan érkezett és cserélt még 2-2 db SZUM br. 751,84EUR",,,/Babett SZÉV2022-392/,,,
TH0260,0,M10012,2022.08.11.,,2022.10.21,NEUMANN JÁNOS EGYETEM,EmR-850D 5AX,Körasztal,GSA CNCT-202,10200TR024,"""C"" beázott, ref. pontot nem veszi fel, fék instabil, nívó hiányzik, motor melegszik, ÜF szerint pontatlan",,,,0,,,,,"Gazdasági totálkár. ÜF nem kéri a javítását, visszaszállítja",,,
TH0261,0,M10012,2022.08.11.,,2022.10.21,NEUMANN JÁNOS EGYETEM,EmR-850D 5AX,Erőfokozó,,,tartályból az olaj elfogy,,,,0,,,,,elvitte érintetlenül a körasztallal,,,
TH0262,0,M18005,2022.08.12.,,2022.08.19.,FIRST-TECH KFT.,VD-510,Főorsó,POSA 12.000 RPM,DDS14063737P,darabosan csapágyas,"csapágyazás;
csapágy előfeszítő gyűrű beesztergálása",,SP / BÁ,10 óra,,4db NSK hps 7008C SULP4,,,,,,
TH0263,0,,2022.08.16.,,2022.08.19.,MIAS HUNGARY KFT.,MZP-3000,Főmotor,BAUMÜLLER DAF132K23A15-5,,csapágyas,csapágyazás,jeladó csere,Budai Attila,8 óra,,"1 db 6310 ZZC3
1 db 6312 ZZC3",HDH ERN 1320 1024,,"Esztergom szereli. szíjtárcsa nélkül jött be, tengelyvég lépcsősre kopott, ÜF-lel megbeszélve",,,
TH0264,0,M21086,2022.08.22.,,2022.09.03.,NCT Taksony (INTER-V KFT.),KONDIA B-1050,Főorsó,,,felújítás,"Szászi Dani: mielőbb induljon el a főorsó köszörülése és a GYE kapja meg az alkatrész igényt! 
Pályázatos új gép. Kérem a tányérrugók, tömítések stb. cseréjét. A bontás előtt nem mértünk behúzóerőt.",,SP,,,"10-10003545-00 Csapágy / 7010CTRDULP3 precíziós orsócsapágy NSK 2 db
10-00002388-00 Csapágy / NSK 7012CTRDULP3 precíziós orsó csapágy pár
200 db Tányérrugó S4305 31,5x16,3x2 mm
1 db szíjtárcsa (kérésre kijuttatom mintának)
2 db szerszám menesztő",,SZR2022/02760 főorsó köszörülés,"szíjtárcsát és menesztőket Taksony cseréli
TAKSONY megkapta",,,
TH0265,0,M17056,2022.08.28.,,2022.09.16,INLONG KFT.,Kondia B-640,Tármozgató munkahenger,,,ereszti a levegőt,,,,6 óra,,"tömítések: O 04 x 1 NBR70 (4016930090),10-10004170-00 - 2 db, O 46 x 3,5 NBR70 (4016930090),10-00463570-00 - 2 db, P AUNIPSL E 20 x 30 10,4  pneu. rúdtöm. K51 (3917400000),10-20301045-00, P K53 25 x 33 x 6,2/7,8 PU (3917400000),10-53253362-10 - 2 db, P K50 50 x 40 x 07 PU (4016930090),10-50504007-10 - 2 db",,,,,,
TH0266,0,M16109,2022.08.02.,,2022.09.01.,GOODWILL-TRADE KFT.,EmR-1200D,Főmotor,AiS 100 CC2-10-118,CC2-10-118,"leéget, zárlatos",Ügyfél kapott cseremotort,N/A,N/A,N/A,N/A,N/A,N/A,N/A,"csere motor beépítése, itt van a csrnokba. A megbeszéltek szerint megy logisztikára felújítás céljából, majd tartalék lesz.Testzárlatos/elégtelen átütési szilárdság. Tartozék: 1db tömlő. Csatik hiányoznak.",,,
TH0267,0,M07327,2022.08.31.,,2022.09.19.,KOKILLA PREC KFT.,JCL-60AHD,Motor,BAUMÜLLER kis motor ,,csak az egyik irányba forog  szerszám összekapcsolásnál leveri a főhajtást -> cserés a motor,,,SP,16 óra,,"SIM 25 x 40 X 7_S HMSA10 RG SKF (CR) simmering porvédős,10-02540710-00
1 db 6203
1 db 6204
1 db szíjtárcsa 560250180",,,donor motorból egyéb szükséges alkatrészek átmentése,,,
TH0268,2,,2022.09.01.,,,MIAS HUNGARY KFT.,,Motor,AB38-54-20-EH/4096,,fék rossz + felújítás ,,,,,,,,,,,,
TH0269,0,M17164,2022.09.07.,,2022.09.12.,LOG VALVE KFT. ,EmL-2000,Erőfokozó,,,átenged,tömítések cseréje,,BA,6 óra,,"O 30 x 3,5 NBR70 (4016930090),10-00303570-00 - 2 db, O 30 x 3 NBR70 (4016930090),10-00303070-00 - 2 db, O 40 x 3 NBR70 (4016930090),10-00403070-00 - 2 db, O 60 x 3 NBR70 (4016930090),10-00060370-00 - 2 db, O 139,20 x 5,7 NBR70 (4016930090),10-13920577-00 - 2 db, O 145 x 3 NBR70 (4016930090),10-00145370-00 - 4 db, KN/SN21 30 x 40 x 06/07 NBR90 MA21 (4016930090),10-30400607-00, KN/SN25 30 x 38 x 05/06 AU92 MA25 (4016930090),10-25303805-00, KN/SN25 70 x 80 x 06/07 AU92 (TTU) (4016930090),10-25708006-00, GY S1 69,9 x 70 x 6 PU (39269097),10-01699706-00, Kötőelem / Hf. bkny. csavar natúr 12.9 M8 x 140,10-01298140-00 - 4 db",,,,,,
TH0270,0,M22070,2022.09.22.,,2022.09.23.,NCT Taksony (BERVINA KFT.),Tomill-160,Motor,"2 db A2 
1 db A2,5 ",,?,csapágyazás cseréje,LOG,"SP, BA",,,"5 db 6002 2RS
1 db 6001 2RS",,,Jeladózásra továbbítva RJnek,,,
TH0271,2,M15218,2022.09.23.,,,CSABA METÁL ZRT. ,KMC-3127,szögfej ,AU-3,116,"vonókúp lötyög
B rögzítés hiba","a szögfejen lévő fékegység nem működött, összerágódott, hidraulikus fékegység kiszerelése, fékegység beszerelése az NCT telephelyén lévő régi Bocz fejből, beállítás, összeszerelés, az alkatrész beozonosítása, pótlása Belencsák Ádám közreműködésével folyamatban van",,ÖZ,3 óra,,"3177063980 Collar, 
3177063990 Sheet, 
3177064001 Shaft, 
3177064040 Piston, 
3177064030 Cylinder, 
5070001480 O-Ring 65x2 2 db, 
3177064610 Spacer, 
3177065030 Brake pad, 
5040100020 Key 4x4x10L 2 db",,,,,,
TH0272,0,M1911,2022.09.26.,,2022.10.04.,AGA-VAS FÉMMEGMUNKÁLÓ ÉS FÉMSZERKEZETGYÁRTÓ KFT.,MATEC 30L,Kar mozgató hidraulikus munkahenger,,,átenged,tömítések cseréje,,BA,4 óra,,"KPOR31 20 x 12,7 x 03,2 PTFE K31 (4016930090),10-31201270-00 - 2 db, SNI30 10 x 18 x05,7/06,3 AU92 MA30 (4016930090),10-30101807-00, AM43 10 x 16 x 03 MET/NBR (84879092),10-43101603-00, O 23 x 2 NBR70 (4016930090),10-00023270-00 - 2 db, FB01 02,5 x 1,55 PTFE/BRONZ (4016930090),10-02515500-00 - 0,1 m",,,,,,
TH0273,0,M08128,2022.10.07.,,2022.10.18.,APTIV DELPHI CONNECTION SYSTEMS HUNGARY KFT. ,EmL-510,Erőfokozó,HAO CHENG D100,,ereszti a levegőt,tömítések cseréje,,BA,4 óra,,"KN/SN25 40 x 50 x 06/07 TTU (4016930090),10-40500607-00, KN/SN21 14 x 22 x 05/06 NBR90 MA21 (4016930090),10-21142206-00, KN/SN25 14 x 22 x 05/06 AU92 (TTU) (4016930090),10-25142205-10, O 60 x 3 NBR70 (4016930090),10-00060370-00, O 40 x 3 NBR70 (4016930090),10-00403070-00 - 2 db, O 14 x 2,5 NBR70 (4016930090),10-00142570-00, O 90 x 5,3 NBR70 (4016930090),10-00905370-00, Gumi / O-gyűrű 94x3 NBR70 (4016930090),10-00094370-00, O 96 x 2 NBR70 (4016930090),10-00096270-00",,,,,,
TH0274,0,M21092,2022.10.06.,,2022.10.07.,JÁRMŰ ZRT.,FS-2,Forgács kotró spirál kivezető cső,,,elrágta a falát a hibás spirál,felhegesztés / festés,,BA,4 óra,,,,,,,,
TH0275,0,M16166,2022.10.12.,,2022.10.13.,MAGYARMET KFT.,SV-1000,Főmotor,AiS 100,CC2-10-131,beázott,FÉMO,FÉMO,CSAPÓ,-,,,,,"LOG döntésre vár a selejtezésről
SZÁMLÁZNI: nagyjav",,,
TH0276,0,M11302,2022.10.13.,,2022.11.10.,HANTECH GÉPGYÁRTÓ ÉS FORGALMAZÓ ZRT.,Pinacho ST-310DT,Főmotor,DAF132K 23A10-5,,testzárlatos,csapágyazás,"szigetelési szilárdság mérése 10.13-án: 2,7 MOhm / 500 V -on -> Zárlatos!","SP, BA",12 óra,,"1 db NTN 6310-2Z/C3
1 db NTN 6312-2Z/C3
Kit.: 2022/0000001123",1 db  ERN 1380 1024 <534118-2> [56 293 925 A],Liker tekercselés SZR2022_03345,,,,
TH0277,0,M06150,2022.10.19.,,2023.03.16.,RÁBA JÁRMŰ KFT.,EPA-320,Revfej,BARUFFALDI TS 160/12-1,K34.B160.2211.01,"""megszorult, nem lehet forgatni egyik irányba se, leszerelik""","kopott a kiemelő korona és a tűgörgők, belső ütközők darabokra törve",motor belső hővédelme szakadt -> rövidrte zárás (csak tekercseléssel együtt cserélhető),"BA, SP, TV",28 óra,-,"GY B11 30,6 x 0 x 9,2 (17;2,1) Pu (39269097),10-11306092-00 - 2 db
2 db O 148 x 2,5 NBR70
1 db F1 127,8 x 132 x 8,5 Flon-1
1 db W27-E2-01 139,5 x 149 x 6 Flon3
1 db O 142,47 x 3,53 NBR70
1/0000422054 Baruffaldi számla",-,-,,,,
TH0278,0,M15245,2022.11.02.,,2022.11.11.,FIRE CONTROL KFT. (DENDRIT KFT.),K-B-640,Körasztal,GOLDEN SUN CNC-151 RB [0415820],415820,"""nem működik, valószínűleg csatlakozó hiba""
<be volt ázva, levegő rendszerben is víz>",fék lemez és patkók cseréje,"Anakonda csere, nyomáskapcsoló és váltó szelep csere, ref. kapcsoló csere",BA,6 óra,-,"1 db 4V11006BI Airtac szelep
1,8 m anakonda
1 db Omron SHL-Q2155
1 db SMC ISE2-01-55CL
1,5 m d6 pneu cső
2m d8 pneu cső",-,-,-,,,
TH0279,0,M15262,2022.11.07.,,2022.11.09.,CONTINENTAL AUTOMOTIVE HUNGARY KFT.,MM-760,Főorsó,8.000 RPM,691601A002,2000 rpm felett sikít,csapágyazás,-,SP,6 óra,,3 db 7012CTRSULP3 <10-00002353-00>,,,C= -63; -63; -68,,,
TH0280,0,M16065,2022.11.08.,,2022.12.01.,LOSONCZI KFT.,EmB-1304D,Körasztal,NIKKEN 5AX201 FA (sárga),5393,"holtjáték B és C tengelyen, B tengely rögzítés hiba","fék tömítések cseréje, foghézagok beállítása",,"SP, BA",12 óra,,"O 184 x 3,5 NBR70 (4016930090),10-01843570-00 - 5 db, 
O 90 x 5,5 NBR70 (4016930090),10-00905570-00 - 5 db, 
O 154,20 x 5,7 NBR70 (4016930090),10-15420577-00 - 5 db, 
O 170 x 1,78 NBR70 (4016930090),10-17017870-00 - 5 db",,,,,,
TH0281,0,M22220,2022.11.10.,,?,NCT (MANZ KFT.),,Körasztal,GSA CNC-251A forgótámasszal,,"felújításra - 
Cél: mihamarabb eladható legyen.Az esetleges alkatrész igényt mihamarabb jelezzétek kérlek!Illetve kérünk szépen visszajelzést az állapotáról.","szétszerelve, átvizsgálva, cserés alkatrészek listája leadva
KA: foghézag állítás, olaj csere
FT: pneu rezsianyag",,"SP, BA",8 + 8,,,,,visszament Taksonyba,,,
TH0282,0,"???
05 104 015",2022.11.10.,,2022.12.07.,PEPPERL+FUCHS KFT.,Tomill-160,Motor,LENZE,,csapágyas,"szétszerelés, csapágyazás, összeszerelés",,"SP, BA",2x4,,"1db NTN 6204LLUCM/5K, 1db SKF 6203-2Z/C3",,,,,,
TH0283,0,"???
05 104 015",2022.11.10.,,2022.12.07.,PEPPERL+FUCHS KFT.,Tomill-160,Főorsó,,,csapágyas,"szétszerelés, tisztítás, csapágycsere, összeszerelés",,"SP, BA",2x4,,3 db FAG B7009E.2RSD.T.P4SUL,,Spinex köszörülés BET2023/00163,,,,
TH0284,0,M21022,2022.11.14.,,2022.11.23.,KLIMEX MEDICAL KFT.,VD-510S,"Főorsó 
Szerszámváltó kar","ROYAL 20.000 RPM 
-","471515 
-","oldó kar nyeles csapágyai és az orsó kilökő tányérja ""összekopott""",,,"SP, BA",4 óra,,"Csapágy / CF10 VBUU*IKO,10-10014903-00 - 2 db, orsó kilökő tányér",,,,,,
TH0285,0,E22076,2022.11.18.,,2022.11.25.,SELENCO SERVICE SRL,???,Motor,SIEMENS 1FT5108-0AF71-1,FH480 9357 01,csapágyas,csapágyazás,,BA,3 óra,,"1 db 6206 ZZCM/5K
1 db 6208 ZZ CM ",,,,,,
TH0286,0,-,2022.11.21.,,2022.12.07.,JUHÁSZ SÁNDOR EV,Dugard Eagle,"Főorsó 
Főmotor","8.000 RPM szíjas
HDH",,"induláskor és megálláskor kattan, rugóköteg nélkül hozták be",,,SP,8 óra,,4db B7014E.T.P4S.UL csapágy + 1db NSK 6208V 1db NSK 6206V (gumi porvédős),,,,,,
TH0287,0,M10291,2022.11.21.,,2022.11.25.,PANNON-SPIRÁL KFT.,VMC-1600F,Főorsó,ROYAL DIN#40 10.000 RPM,137375,"főorsó garanciális javítása: üt a vége, lesett róla a Deublin","alsó csapágyak cserélve, hátsó rész kiórázva: 0,03 ütéssel, Deublin felszerelése próbából, ütése 0,02 mm, kilökés beállítása, alátét gyűrű csipesz mögül áthelyezésre került, kilökés: 1mm, behúzó erő: 12 kN",,SP,,,HS7014-C-T-P4S-UL csapágy 2 db,,,,,,
TH0288,0,M15245,2022.11.11.,,2023.03.13.,FIRE CONTROL KFT. (DENDRIT KFT.),K-B-640,Körasztal,GOLDEN SUN CNC-151 RB [0415820],415820,"munkahengerre mikor rányomja a levegőt a szelep, olaj jön vissza a leeresztő ágán",fék lemez és patkók cseréje,-,SP,8 óra,-,"1 db O116 x 3 NBR70
1 db O 79,2 x 5,7 NBR70
1 db O 115 x 5,5 NBR70
1 db O 165 x 2 NBR70
1 db SNI39 60 x 70 x 6/7 AU92
1 db 2100170080001 brake disk 30USD / GSA
6 db 2100170100002 brake block 48USD / GSA",-,-,-,,,
TH0289,0,M22154,2022.11.22.,,?,NCT Taksony,EmL-1600XT,Motor,HPB Aszinkron szervomotor / VM100L / 2.000 RPM max. 12.000 RPM Jeladó / Tamagawa TS5208N510/TTL/1024P/U/6P/LDOIH-48,,"leégett - Kérlek bontsa meg a SZÉV, ha csak tekercseléssel javítható, akkor 
csináljuk. Ha szétbontáskor a csapágyak sérülnek (sajnos ez gyakori), 
akkor azt is rendeljen Benőke. A lényeg, hogy új motor legyen.", ,"kábelek helyes bekötése, járatás ",KI,1 óra,,,,,11.28: nincs leégve,,,
TH0290,0,M19094,2022.11.24.,,2023.02.13.,VIVBER KFT.,MATEC 30HV,Szerszámcserélő egység,,,folyik belőle az olaj,"tömítések cseréje, fogaskerék sérült -> csere",-,"BA, SP",16 óra,-,"2 db O 23 x 1,75 NBR70
4 db O 10 x 2,5 NBR70
2 db O 11 x 2,4 NBR70
2 db AM43 10 x 16 x 3 MET/NBR
2 db KN/SN21 10 x 18 x 6/7 NBR90
2 db Sz 17 x 23,5 x 3,2 MZV NBR70
2 db Sz 17 x 28 x 5 RST NBR70
1 db 10 x 16 x 1,5 réz alátét
2 db egyedi tömítés br. 6527,8HUF
2 db O 10,78 x 2,62 NBR70",-,"1 db 70067618 Hajtó fogaskerék M1,5 / Z25  Anyag + gyártás 17531HUF nettó bekerülési
1 db 70067619 Hajtott fogaskerék M1,5 / Z50 Anyag + gyártás 18738HUF nettó bekerülési",,,,
TH0291,0,E22076,2022.11.18.,,2022.11.25.,SELENCO SERVICE SRL,???,Motor,SIEMENS 1FT5102-1AC71-1AA0,YF VNO4 4397 01 001 EN 60034,kötődoboz szerelés,kötődoboz szerelés,,BA,3 óra,,"Doboz / Kötődoboz AD-100 alu 100x100,20-00100100-00 
1 db kicsi rézsín 
1 db sorkapocs 
4 db 5 x 12 csavar
1 db 120 x 120 2-es gumilemezből kivágott tömítés",,,,,,
TH0292,0,M21128,2022.11.25.,,2022.11.29.,FEZIMA KFT. (HUNOR D.O.O.),MM-850E,Szerszámcserélő kar,,,elgörbült,"kiegyengetés, élvonalzós ellenőrzés, próba szerszámmal",,BA,"1,5 óra",,,,,,,,
TH0293,0,M22134 / M05047,2022.10.20.,,?,NCT hg. (MANZ KFT.),TNL-100AL (eredeti munkaszám: M05047),Revfej,BARUFFALDI TBMA200 12 K26.0200.2101C41.01,2952/2005,repedt,"szétszerelés, felmérés, tűgörgős csapágy csere és kényszerpálya tárcsa csere szükséges, a revfejen nincs repedés (karc van rajta, azt nézhette repedésnek a KER)",,"SP, BA",8+8,,,,,TH0310-en újra beírva,,,
TH0294,0,M22172,2022.08.03.,,,NCT hg. (LOSONCZI KFT.), M20034 FV-30 gépről,Körasztal,TOS RT 200 CNC,,"Legyetek szívesek elindítani a körasztalt, lássuk lehet-e szállítani.","szétszerelés, átvizsgálás, tömítéscsere, motorcsere  beállítás, összeszerelés. Összeszerelés után tesztelés, körasztal és alsó felfekvő felület polírozása. Festés és kábel felszerelés szükséges Taksonyba a kiszállítás előtt. Kábelhossz egyeztetés alatt, infót küldjük Adriánnak. M22172 VSZC projekthez megy.",,"SP, BA",8+8,,tömítések,,,"MOLNÁR SZABOLCS ÉSZREVÉTELI:
Sziasztok. Elkészűlt a TOS körasztal, kérem a jövőben a következő dolgokra figyelni:
-Horonykő a megfelelő T-horony mérethez (nem volt jó)
-Lefogató elemek (nem volt)
-Felújításkor a lemezek alá illik új gumitömítést vágni (megtörtént)",,,
TH0295,0,M21127,2022.11.29.,,2023.01.17,FEZIMA KFT. (HUNOR D.O.O.),MM-850E,Motor,forgácskihordó motor,,állt a hűtőemulzióban -> nincs semmi baja,,"mérés,tesztelés",KI,1 óra,,,,,,,,
TH0296,0,M18264,2022.12.02.,,2022.12.16.,ELEKTRONIKAI KUTATÓKÖZPONT KFT.,VD-510S,Főorsó,ROYAL 20.000 RPM,161259,"hangos, a benne lévő csapágyak nem tudták a 20k-s rpm-et",csapágyazás,-,"SP, BA",8 óra,-,4 db HC7008 CTP4SUL,-,-,-,,,
TH0297,0,M18264,2022.12.02.,,2022.12.16.,ELEKTRONIKAI KUTATÓKÖZPONT KFT.,VD-510S,Főmotor,főmotor SVM-75L-30,,ellenőrzés,ellenőrzés,check,"GE, SP",2 óra,-,-,-,-,-,,,
TH0298,0,M20082,2022.12.02.,,2023.01.09.,BOGNÁR ÉS TÁRSA KFT.,KMC-3122 TÍPUSÚ 5 TENGELYES,Szögfej ,,,"""A"" tengely szorul, a hiba javításához a fej NCT-be szállítása szükséges","KAFO fej szétszerelése, ""A"" tengely tömítés cseréje, gyártótól érkezett csapágy, O-gyűrű, koszlehúzó cseréje, összeszerelés",-,ÖZ,18 óra,-,"GY SS01 275 x 281,5 x 3,7 NBR (39269097),10-27528153-00
GY R10 185 x 174 x 4,2 (FÉM) Flon2 [39269097]
1 db 5080100130 oil seal 130USD / KAFO
1 db 5070002480 o-ring 10USD / KAFO
1 db 5321000660 bearing 510USD / KAFO",-,-,"o-gyűrű meg volt csavarodva, gyűrődve az ""A"" tengely kiemelésénél",,,
TH0299,2,M20179,2022.12.13.,,,AMAZONE TECHNOLOGY KFT.,HT-92Y,Motor,"Ai2,5-54-40-EH/M (D01-10-9186)",D01-10-9186,"első pajzs törött, forgó rész cserére szorul","szétszerelés, elküldés Csapó úrnak",,,,, ,,FÉMÓ javítja,,,,
TH0300,0,M17080,2022.12.15.,,2023.01.04.,GYŐRFI JÓZSEF EV,MM-760,Főorsó,,,csapágyazás zajos,csapágyazás,,BA,8 óra,,"1 db 7012CTRSULP3
1 pár  7012CTRDULP3",,,C=-49; (-50; -52),,,
TH0301,0,M13243,2022.12.15.,,2023.01.26.,BÍRÓ KFT.,TAJMAC.ZPS.H400.MMK-004,Szerszámváltó kar,,,reteszelő rugók töröttek,2 db rugó cseréje,-,BA,3 óra,-,rugó,-,-,-,,,
TH0302,0,M11045/M22167,2023.01.02.,,2023.01.16,DOROTI PACK KFT.,EmR-610D,"Főorsó 
Erőfokozó ","ROYAL 15.000 RPM 
-","154272 
-","főorsó: vélhetően a rugóköteg sérült, csapágyas 
erőfokozó: nem tömít","csapágyazás, rugóköteg cseréje, erőfokozóban tömítések cseréje",,BA,8 óra,,"O 30 x 3,5 NBR70 [4016930090],
O 96 x 2 NBR70 [4016930090],
O 90 x 5,5 NBR70 [401630090],
O 45 x 3 NBR70 [4016930090],
KN/SN25 30 x 40 x 06/07 AU92 MA25 [4016930090],
4db SKF 7012 CDGA/HCVQ126
",,,,,,
TH0303,0,M13243,2023.01.10.,,2023.01.11.,BÍRÓ KFT.,TAJMAC.ZPS.H400.MMK-004,Szerszámváltó kar hajtómű,,,hektikusan húz teljesen hátra,"tömítések cseréje a dugattyúban, foghézag beállítása, kar csúszótömítések cseréje, hajtómű egyik irányba szorult, kar korábban elakadhatott, csapágyhézag állítás, hántolás után lazábbra lett hagyva",-,"SP, BA",12 óra,-,"2 db 108 x 2 NBR70 o-gy.
1 db 28 x 2,62 NBR 90 o-gy.
1 db 48 x 2,5 NBR70 o-gy.
1db 66 x 2,5 NBR70 o-gy.
1 db KPOR30 25 x 17,5 x 03,2 PTFE K30
1 db SPOR31 18 x 25,3 x 03,2 PTFE S31
1 db R PORI Z 32 55 x 66 x 4,2 PTFE
4 db GY R9 60 x 67,5 x 3,8 Flon2
4 db O 61,24 x 3,53 NBR70
2 db 7205 AW NSK
1 pár 7212 A5TRDULP3 NSK",-,-,"csigakeréken felzömülésnek tűnő pukli volt egy ponton -> kézi kiigazítás, ki lett hántolva",,,
TH0304,0,M15173,2023.01.18.,,2023.03.08,VÁRDA VULKÁN KFT.,EmB-1605G,Főorsó,,,"Főorsó ingadozási hiba, a főorsó akadozva megy, csapágyas. A JKSZ kiment ma hozzájuk, sok vizet találtak a z orsóház tetején, illetve a főorsó környékén. Kb. 100 üzemórát ment a gép a tavalyi javítások óta.","szétszerelés, szakértés",-,"SP, BA",12 óra,-,-,-,-,"beázásnak nem találtuk nyomát, erősen zsírmérgezett, 1 db csapágy kosara összetörve
a javítást a JKSZ végzi gariban
beszerelni megyünk majd mi
Járatónkon ~650RPM-ig tudtuk forgatni, hiba nem volt tapasztalható",,,
TH0305,0,M17164[M07154],2023.01.16.,,2023.01.23,LOG VALVE KFT. ,EML-2000,Hidraulikus erőfokozó ,,,ereszti az olajat ismét,hidr. dugattyú szártömítés cseréje erősebb ajakúra,,SP,4 óra,,"1 db 69,9 x 80 x 6 PU karmantyú",,,kiváltót keresni!!,,,
TH0306,0,M16166,2023.01.25.,,2023.01.26,MAGYARMET KFT.,SV-1000,Szivattyú,VOP-220-F-RV-C 30 baros CTS,,"ereszt a tengelynél
{darabokra volt törve a csapágyazása, belseje szétrágódva}","új sérült szivattyúba a donor kellő darabjának áttétele, szimmeringek cseréje",-,"BÁ,SP",2 óra,-,"SIM 17 x 35 x 7_S HMSA10 RG simmering porvédős (10-00017357-00)
10-00033402-00 60%-a számlázandó",-,-,,,,
TH0307,0,M17173,2023.02.01.,,2023.02.03,METTEX KFT.,TCS-2500L,Főmotor,HPB VM132M-54-40-20-06,,ventilátor hővédelmet veri,"takarítás, ellenőrzés",ventilátor csere,"SP, PI",4 óra,-,-,1 db 10-00028206-00,-,-,,,
TH0308,0,M11154,2023.02.02.,,2023.02.08,MAGYARMET KFT.,EmR-1020D,Erőfokozó,,,prüszköl mindenhol,"tömítések, szelepek, csövek cseréje",-,"SP, BA",8 óra,-,"1 db 10-00026826-00
1 db AIRTEC 3V210-08-NC
1 db MINDMAN MVSC-300-4E1
1 db LEGRIS Aisi 316L 1/4""
1 db LEGRIS Aisi 316L 3/8""
1 db 1/4"" kipufogó
2 db 1/4""-d8 egyenes pneu csatlakozó
1 db 1/4""-d8 90° pneu csatlakozó
2 db 3/8""-d10 90° pneu csatlakozó
2 db 3/8""-d10 egyenes pneu csatlakozó
2 db 3/8"" kipufogó
1 db 1/2"" kipufogó
1 db O 45 x 3 NBR70
1 db O 30 x 3,5 NBR70
1 db O 90 x 5,5 NBR70
2 db O 94 x 2 NBR70
1 db O 52 x 2 NBR70
1 db O 55 x 2 NBR70
2 db SNI39 30 x 40 x 7/8 AU92 (RS-73)
2 db O 42 x 2 NBR70
2 db O 40 x 2 NBR70 ",-,-,próba OK,,,
TH0309,0,M10206/M22186,2023.02.07.,,?,NCT Taksony (AUTH IMPEX KFT.),EmL-1020,Főorsó,ROYAL 10.000 RPM,132401,"csapágyas
szíjtárcsa profil kopás","csapágyazás
szíjtárcsa csere",-,SP,8 óra,-,"1 pár 7014CTRDULP3
2 db 7014CTRSULP3
1 db R1265 szíjtárcsa / MANFORD",-,-,-,,,
TH0310,0,M05047/M22134,"TH0293: 2022.10.20.

2023.02.07.",,2023.03.xx,NCT Taksony,TNL-100AL,Revfej,BARUFFALDI TBMA200 12 K26.0200.2101C41.01,2952/2005,"TH0293: repedt 
darabokban jött be előzetes felmérést követően (Beni)","TH0293: szétszerelés, felmérés, tűgörgős csapágy csere és kényszerpálya tárcsa csere szükséges, a revfejen nincs repedés (karc van rajta, azt nézhette repedésnek a KER) 

összeépítés",szerszám hajtó motor kommutálás beállítása,"SP, BA","TH0293: 8+8 

24",-,"-taksonyi rendelés-
1 db O 16 x 2,7 NBR70
2 db O 84,68 x 2,62 NBR70
2 db O 6,2 x 2 NBR70
1 db O 34,65 x 1,78 NBR70
1 db Sz 35 x 47 x 5 NBR70
1 m O zsinór D2 NBR70
2 db K8 35 x 30 x 2,3 Flon3
2 db O 29,87 x 1,78 NBR70
1 db K8 20 x 15 x 2,3 Flon3
1 db O 14,5 x 1,8 NBR70
1 db S9 28 x 35,5 x 2 kétirányú Flon3
1 db O 32 x 1,78 NBR70
1 db S9 20 x 25 x 2 Flon3
1 db O 21,95 x 1,78 NBR70
1 db K8 30 x 25 x 2,3 Flon3
1 db O 23,53 x 1,78 NBR70
2 db S9 79,8 x 88 x 3,2 kétirányú Flon3
2 db O 82,22 x 2,62 NBR70",-,,"szorzó:255448159
osztó: 1000000000",,,
TH0311,0,M06272,2023.02.16.,,2023.04.28.,NIVELCO ZRT.,TMV-850A,Körasztal,ismeretlen 1 tengelyes,,"04.12 :Visszajött
-hajtás hiba
-motor állapota kérdőjeles
-mechanikusan átnézni, járatni
",,kábel csere,Szeles István,8 + SZI 4 óra ,,"1 db Sz 35 x 42 x 8 RST NBR70
2 db O 104 x 3 NBR70
SZR202300494","4 x 1 fémszövött kábel 1 m
TTL kábel 1 m
Harting betét 12 pol 3 db
Harting betét 6 pol 1 db
jeladó tüske apa 15 db
motor tüske apa 5 db",,,,,
TH0312,0,M20082,2023.02.16.,,2023.02.22.,BOGNÁR ÉS TÁRSA KFT.,KMC-3122 TÍPUSÚ 5 TENGELYES,Interfész,AU2A1C1,772113,olajfolyás,tömítések cseréje,-,ÖZ,17 óra,-,"4 set 5080500150 oil seal with o-ring 24USD / KAFO
4 set  5080500210 -||- 80USD / KAFO
12 db 5070002320 o-ring 24USD / KAFO
3 db 5070002170 6USD / KAFO",-,-,ez egy teljes gyártói tömítés készlet,,,
TH0313,0,M08100,2023.02.14.,,2023.02.14.,LE BELIER MO ZRT.,WHN-9B,Főmotor,HPB VM132M,14090109D,"csapágyas
ventilátor hiányzik","szétszerelés, csapágyazás, összeszerelés, járatás",ventilátor beépítése,"BA,SP",8 óra,,"1db 6309 LLB, 1db 6307 ZZ",1db ventilátor 10-28206,,Vissza ÜF-nek tartaléknak (megfúrt tengelyű) -> Nem kérte -> SZÉV tartalék,,,
TH0314,0,M17238,2023.03.01.,,2023.03.13.,H-METÁL KFT.,MM-850D,Főorsó,ROYAL 15.000 RPM,332268,csapágyas (ütk.),csapágyazás,-,"BA, SP",6 óra,-,4 db 5S-LAC  HSE012CT BGCS02P4 - NTN,-,-,-,,,
TH0315,2,M17238,2023.03.01.,,,H-METÁL KFT.,MM-850D,Főmotor,AiS 100,CC2-10-4017,"beázott, de még nem zárlatos","szárítás
csapágyazás",,FÉMO,,,,,,ÜF-nek:CC2-10-109,,,
TH0316,0,M05238,2023.03.03.,,2023.03.28.,ROSTÁS ÉS TÁRSA GÉPGYÁRTÓ KKT.,TMV-850A,Körasztal,M14312,,"Anakonda sérült, jeladó hibákat okoz
/motor jeladó zárlatos/",-,"anakonda cseréje
Jeladó csere","KI, SZI",4 óra,,,"ERN 1326 (kétszer)
1,5 m 4x1 motor kábel
3 m EBI jeladó kábel
1 m anakonda",,Többször volt bent. A JELADÓ CSERÉK AZ NCT HIBÁJÁBÓL KELLETTEK,,,
TH0317,0,M19095,2023.02.10.,,2023.02.15,MAGYARMET KFT.,VD-510S,Főorsó,,,"zörög, szerszámváltás nehézkes",csapágyazás és kopott alkatrészek cseréje,-,SP,6 óra,-,"4 db 7008UCG/GNP4 - NTN
1 pár menesztő 
 1 db BT30/45° szerszám behúzó csipesz
1 db főorsó forgórész
 1 db szerszámoldó stift (CTS)
1 db szerszámoldó tárcsa",-,-,csere hibrid orsót kapott,,,
TH0318,0,M05006,2023.03.13.,,2023.04.03.,FIRE CONTROL KFT. (DENDRIT KFT.),TMV-850A,Körasztal,,,nap végére eldobja magát különböző hibákkal,"foghézag lazítása, járatás",-,SP,4 óra,-,-,-,-,"korábban volt bent, utánállítás lett eszközölve",,,
TH0319,0,M04135,2023.03.13,,2023.06.08.,BLAUFORM KFT.,Euroturn-12B,Revfej,SAUTER 0.5.474.510 id.: 038 148,05.04646/3,"behajtó fogaskerék lecsúszott, öntvényt kirepesztette, gazdasági TK? ","Komplett hajtott szerszám blokk és motor csere, blokk préssel ki lett nyomva, zárófedél lett rátéve, motor leselejtezése (hegesztett pajzsos volt), forószerszám próbája",új motor jeladózása,"BA,SP",20 óra,-,"Sauter 0.5.474.510 revfej / Komplett hajtott szerszám blokk 
DS 45L-65 Háromfázisú szinkronomotor",Tamagawa TTL jeladó,SZÉV2023-089 *090,,,,
TH0320,0,9838/9-2000,2023.03.08,,2023.04.06.,COOPTIM KFT.,TMV-400,Körasztal,,,"ügyfél felújította, megszorul",csigakerék excenteres -> bejáratás grafit pasztával,kábelek cseréje,SP,8 óra,-,-,"motor kábel 4 x 0,75 árnyékolt 1,5 m, jeladó kábel Helukábel TTL 12 eres 1,5 m",-,,,,
TH0321,0,M18007,2023.03.17.,,2023.04.11.,SL-FORG KFT,VD-510S,"Főorsó 
Szerszámváltó kar","ROYAL 20.000 RPM 
-","350752 
-",nem engedi el a szerszámot,"orsó: csapágyazás, csipesz csere, rugóköteg csere
kar: csapágyak cseréje",-,"SP, BA",12 óra,-,"1 db BT30-45° csipesz
2 db KR 22 X-PP-A - INA
2 db RNA 4902-XL - INA
1 db STO 20 ZZ - KOYO
3 db 94 x 3 o-gy.
54 db 12,25 x 27,9 x 1,3 tányérrugó",-,-,Fbehu: 4kN,,,
TH0322,0,B6840,2023.03.23.,,2023.03.30.,METALL-TECHNO KFT.,K-1050,Főmotor,"BAUMÜLLER DAF 132 K-23A10-5 (335v,38A)",10205009,szíjtárcsa kopott,"szíjtárcsa csere, kiegyensúlyozás",-,SP,3 óra,-,1 db B-105-24075 szíjtárcsa 40 fogú T10,-,-,-,,,
TH0323,0,B6840,2023.03.23.,,2023.03.30.,METALL-TECHNO KFT.,K-1050,Főorsó,,,szíjtárcsa kopott,szíjtárcsak csere,-,BA,3 óra,-,1 db szíjtárcsa 30 fogú T10,-,-,-,,,
TH0324,0,M15230,2023.03.25.,,2023.04.06.,KELET-SZERSZÁM KFT.,VD-510S,"Főorsó 
Szerszámváltó kar","ROYAL 20.000 RPM 
-","161275 
-","orsó: csapágyas
kar: csapágyak kopottak",csapágyazás,-,"BA,SP",8 óra,-,"2 db RNA 4902-XL - INA
1 db STO 20 ZZ - KOYO
2 db KR 22 X-PP-A - INA
3 db 94 x 3 o-gy.",-,-,"Fbehu: 3,8kN",,,
TH0325,0,M15230,2023.03.24.,,2023.04.12.,KELET-SZERSZÁM KFT.,VD-510S,Főmotor,SVM-75L-30,20030308C,"tekercselés, csapágyazás (Smici tanácsára)","szétszerelés, tekercselés, csapágyazás, labirint gyűrű gyártás, összeszerelés, egyensúlyozás, járatás","Isti kimérte: zárlatos, tekerecselni kell","BA, SP",8 óra,-,csapágy,SVM-75 ventilátor?,Liker - Pali intézi,"ügyfélnek SVM-75L-30 sn.:17110206C motor adva SZÉV raktárról, 20030308C szév tartalék lesz",,,
TH0326,0,M05006,2023.03.24.,,2023.04.03.,FIRE CONTROL KFT. (DENDRIT KFT.),TMV-850A,Szerszámtár hajtómű,,,kihajtó nyeles csapágyak kikoptak,pótlás,-,SP,2 óra,-,BET2023/01055,-,-,-,,,
TH0327,0,M07013,2023.03.23,,2023.03.30.,METALL-TECHNO KFT.,TMV-850A,Csészebillentő munkahenger,,,átenged,felmérés,-,BA,2 óra,-,,-,-,"javítása gazdaságtalan, érkezik majd új",,,
TH0328,0,M11257,2023.04.03.,,2023.04.24.,GRIF-TOOLS KFT.,Smart-42,Hajtott szerszámos egység,NCT termék,,"javitásra (jeladó/motor beázott-> motor csere, anakonda sérült)",szerelés,"anakonda csere, motor felújítás, jeladó csere, 04.17.: a motort (Ai5 hengeres-reteszes) nem lehet megforgatni, tekercselni szükséges
","SP, BA, GE, RJ",8 óra,-,"2 db 6002 2Z - SKF
1 db 15 x 32 x 7 szim. - SKF","1 db Ai5-Z1/4096 (szerviz raktár)
1,5 m 4 x 1,5 motorkábel
1,5 m 12 x 0,14 árnyékolt 
1,5 m anakonda
2 db  IC lengő csatlakozó
3 db Harting szegmens",-,-,,,
TH0329,0,,2023.03.29.,,2023.04.03.,ALBAMETAL KFT.,,Körasztal,GSA-250R egytengelyes,,anakonda kicsúszott asztal oldalon,-,helyrerakás,BÁ,1 óra,-,-,-,-,,,,
TH0330,0,,2023.03.07,,2023.11.13.,MIAS HUNGARY KFT.,MZP-3000,Főmotor,BAUMÜLLER DAF132K23A15-5,10607453,felújítás,"tisztítás, csapágyazás",-,"SP, BA",8 óra,-,"2 db 6200 2Z - SKF Exp.
1 db 6310 ZZ C3 - SNR
1 db 6312 ZZ C3 - SNR",-,-,"ügyfél kapott cseremotort, de ezt is kérik vissza tartaléknak",,,
TH0331,0,M11110,2023.04.03.,,2023.04.06.,TRIMBLE HUNGARY KFT.,VD-510S,Főorsó,ROYAL 12.000 RPM,145161,nem engedi el a szerszámot,"csapágyazás
kilökő stift csere",-,"SP, BA",8 óra,-,"4 db B7008-C-T-P4S-U-L
1 db rövid szerszámoldó stift
3 db 94 x 3 o-gy.",-,-,Fbehu: 4 kN,,,
TH0332,0,M12072,2023.04.05.,,2023.04.19.,DUNA PRECIZIÓS KFT.,VD-510S,Főmotor,SOLPOWER SVM-75L-30 20.000 RPM,12070957C,jeladó hiba,csapágyazás,"jeladó csere (nem járatos van rajta, átalakítás Lenor Bauerre)","SP, BA",12 óra,jeladó tárcsa átmunkálás terv,2 db 6205SN24T85AVVC3EP5 - NSK,1 db GEL 2444TN1G3K030,Fémo Kft: jeladó tárcsa átmunkálás - netto 22000 HUF,-,,,
TH0333,0,M10003,2023.04.06.,,2023.04.17.,KOKILLA PREC KFT.,EML-510,Főorsó,ROYAL 8.000 RPM,118925,"Fbehu= 0,4 kN", ,-,"SP, BA",8 óra,-,"84 db 16 x 32 x 1,5 tányérrugó",-,-,"Fbehu= 8,4 kN
tüske ütés tőben: 0,005 mm
tüske ütés távol: 0,02 mm",,,
TH0334,0,M16268,2023.04.11.,,2023.06.16.,BOCZ-N KFT.,K-KMC 5135,Hosszabbító fej (extension head),3177061575-CX,,csörög-zörög,"Fejből a főorsó kihúzása. A felső csapágy szárazon futott, a palástfelületen rozsdási nyomok láthatók. Főorsó kihúzása közben alul kb. 1 dl emulzió folyt ki. A víz feltehetően felülről került bele a hosszabbító fejbe.
Rugóköteg kihízása, csipesz felőli két O-gyűrű cserére szorul, ebbe a térrészbe is került hűtővíz (lehet hogy ide került először és inenn folyt át?)",-,"BA, GJ, SP",22 óra,-,"1 db O 18 x 2,5 NBR70
2 db O 32 x 3,5 NBR70
1db O 145 x 3 NBR70
2 db O 40 x 3 NBR70
4 db O 12 x 2,5 NBR70
1 db O 153,5 x 1,6 NBR70
2 pár 7020A5TRDULP3 ",-,-,-,,,
TH0335,0,M13166,2023.04.12.,,2023.04.12.,PRO FORM KFT.,EmR-1304D,Szerszámoldó munkahenger,HINAKA BPF-10U11M110FA szerszámoldó munkahenger,,"orsó oldásnál megint ""köpködi"" az olajat",tömítések cseréje ,,,6 óra,,"1 db P 100 x 85 x6 K62 kéthatású pneu töm
2 db O 94 x 3 NBR70
2 db O 16 x 2,5 NBR70
1 db O 45 x 3 NBR70
2 db O 30 x 3,5 NBR70
1 db KN/SN25 30 x 40 x 6/7 AU92",,,"SZÉV tartalék, Üf. kapott újat 
nyomáspróba ok, hiba a főorsó dugattyúból eredt",,,
TH0336,0,M13166,2023.04.18.,,2023.05.03.,PRO FORM KFT.,EmR-1304D,Szerszámoldó munkahenger,HINAKA BPF-10U11M110FA,,"orsó oldásnál megint ""köpködi"" az olajat",tömítések cseréje ,-,"SP, BA",6 óra,-,"1 db P 100 x 85 x6 K62 kéthatású pneu töm
2 db O 94 x 3 NBR70
2 db O 16 x 2,5 NBR70
1 db O 45 x 3 NBR70
2 db O 30 x 3,5 NBR70
1 db KN/SN25 30 x 40 x 6/7 AU92",-,-,"nyomáspróba ok, a hiba eredete a főorsón lévő dugattyú volt",,,
TH0337,2,M17271,2023.04.17.,,,PLASMA-TECH SYSTEMS KFT.,EmL-850,Szekrény klíma,KAUKAN KAC-6FS-CE,48283,"leveri a 32A-s biztosítékot is (ÜF cserélte nagyobbra)
KG: kompresszor testzálatos",-,-,,,,,,,Ügyfél kapott másikat.alkatrésznek még jó lehet; fel kell újítani 2 venti + komoresszor + klímás kell hozzá,,,
TH0338,0,M13166,2023.04.24.,,2023.05.03.,PRO FORM KFT.,EmR-1304D,Főorsó,ROYAL 15.000 RPM,204082,tömlő szakadás miatt olaj kimosta,"csapágyak újrazsírzása
szerszámoldó dugattyú felújítás, kb. 14 kN húzóerővel érkezett be a főorsó, 2 db tányérrugó kiszerelése",-,"SP, BA",12 óra,-,"1 db KN/SN21 50x 60 X 6 NBR90
1 db P 100 x 85 x 6 K62
2 db O 94 x 3 NBR70
2 db O 16 x 2,5 NBR70
1 db O 45 x 3 NBR70
2 db O 30 x 3,5 NBR70
1 db KN/SN25 30 x 40 x 6 AU92
1 db X 100,97 x 5,33 NBR70
1 db 81,92 x 5,33 NBR70
1 db O 119x 3 NBR70
1 db GY SS01 125 x115 x 10,5 NBR",-,-,"2 db tányérrugóval több volt benne, kiszerelése Fbehu=9,4 kN
nyomáspróba saját erőfokozójával, járatás OK",,,
TH0339,0,M15116,2023.04.27.,,2023.04.27.,SZKALICZKI ÉS TÁRSAI KFT.,EmR-1020D,Főorsó,ROYAL 15.000 RPM,182932,"""kezd főórsó csapágyas lenni""","takarítás, szétszerelés, csapágyazás, első labirint gyűrű/főorsó homlok/forgórész csere, összeszerelés, járatás",,SP,12 óra,,"X 100,97 x 5,33 NBR70 X-gyűrű (4016930090),10-10097533-00 
X 81,92 x 5,33 NBR70 X-gyűrű (4016930090),10-81925337-00 
5 db O 119 x 3 NBR70 (4016930090),10-00119370-00 
O 80 x 3 NBR70 (4016930090),10-00080370-00 
GY SS01 125 x 115 x 10,5 NBR (39269097),10-12511510-00 
Tartalék / Royal főorsó alkatrészek (15000 RPM, direkt, CTS) / sn.: 182932,10-00033827-00 (Front ring R5055, Front ring R5054, Spindle cover, Spindle shaft)
4db 7014 CDGAT/HCVQ253 SKF csapágy",,Spinex SZR2023_02212 - BET2023/03726,ÜF. kapott csere orsót,,,
TH0340,0,M11154/M19095,2023.04.26.,,2023.05.11.,MAGYARMET KFT.,EMR-1020D,Főorsó,ROYAL 15.000 RPM,147261,"főorsó zajos, sebesség lassításakor még jobban erősödik a hang","csapágyazás, tisztítás, munkahenger felújítás, ",-,"SP, BA",12 óra,-,"1db 10-10097533-00,
1db 10-81925337-00,
1db 10-00119370-00,
1db 10-00080370-00,
5 db 10-14400370-00,
1db 10-12511510
4 db HS7014-C-T-P4S-UL - FAG",-,-,"Fbehu = 9,5 kN",,,
TH0341,0,M21166,2023.05.02.,,2023.05.12.,PREMIUM PARTS DESIGN KFT.,MM-850,Főorsó,10.000 RPM,470596,főorsó felől erős csapágyzaj hallható,csapágyazás (első csapágy búgott),-,"SP, BA",8 óra,-,4 db 7012 CTRSULP3 - NSK,-,-,"Fbehu = 6,8 kN",,,
TH0342,0,M14222,2023.05.03.,,2023.05.19.,ALUMÍNIUMÁRUGYÁR ZRT.,MD-7,Revfej,SAUTER 0.5.472.225 id: 061 420,86.39 563-5/2,"Szeles: munka közben elkezdett folyamatosan forogni, utána megszorult, nem működött, darabokra szedték, indexáló tüskét eltörték, gyártottak bele újat, nem mozdul nekik semerre, kézzel sem forog el.","szétszerelés, tömítéscsere, összeszerelés",-,"SP, BA",16 óra,-,"(BET2023/01617)
1 db R19 250 x 125 x 4,5 Flon2 + rugó
1 db O 245 x 2 NBR70

BET2023/01616",-,-,,,,
TH0343,0,M11154/M19095,2023.04.26.,,2023.05.11.,MAGYARMET KFT.,EMR-1020D,Főmotor,AiS 100,,csapágy zajos + WDS felszerelés,"szétszerelés, csapágyazás (FÉMÓ), összeszerelés, kiegyensúlyozás, járatás",,SP,10 óra,,csapágy (FÉMÓ tudja),,FÉMO-hoz küldve,kapott sn.: 5045,,,
TH0344,0,M09131,2023.04.25.,,2023.05.30.,KOKILLA PREC KFT.,VMC-1600F-6,Körasztal,GOLDEN SUN CNC200R,11200R351-2011-03,"irányváltási hiba, lógás 0,04 mm egy irányba","fék beállítás, irányváltást 0,02-re lehetett beállítani, járatni szükséges, , csiga meg volt ütve, vékony sorjázó hántolóval lett kiszedve a bronzkerékből","megforgatás motorra kötve, Hartingról járatni szükséges","SP,KI",5+3,,2 dl 150-es hajtómű olaj,-,,,,,
TH0345,0,M21046/M030008,2022.10.xx,,2023.08.14,NCT  Taksony (NIVELCO ZRT.),SLT-320/600-MB(EPA-325),Revfej,BARUFFALDI TS 160/12-0,K34.0160.2201.01. 03-1909,elakad -> görbült stift ,"szétszerelés,átvizsgálás, beállítás, összeszerelés, járatás",,"BA, SP, TV",14 óra,,,,tárcsa köszörülés,"A revolverfej tárcsát leszereltük, kiküldtük Taksonyba köszörülésre.",,,
TH0346,0,M14320,2023.05.10.,,2023.05.25,METÁL-CNC 2000 KFT.,MM-760,Főorsó,CELLS 8.000 RPM,691501A036,alacsony behúzóerő,"szétszerelés, csapágycsere, szíjtárcsa csere, összeszerelés",-,"SP, BA",20 óra,-,"7012CTRDULP3-NSK
7012CTRSULP3-NSK
Főorsó szíjtárcsa 5GT-68T / 061.121.011.A11 
Tányérrugó / S4329 45x22,4x2,5 mm",-,-,-,,,
TH0347,0,M14320,2023.05.10.,,2023.05.25,METÁL-CNC 2000 KFT.,MM-760,Főmotor,HPB VM100L,14090516G,"átvizsgálás, szíjtárcsa csere","szétszerelés, csapágycsere, szíjtárcsa csere, összeszerelés, egyensúlyozás",,"SP, BA,RJ",12 óra,-,"Főmotor szíjtárcsa E-BLNC-07052-01
Csapágy / 6308T2X2LLBACS40PX13/L683Q32 NTN
Csapágy / 6207-T2XLLBC3P5/L448QT NTN",-,-,-,,,
TH0348,0,M19087,2023.05.18.,,2023.05.23.,SANATMETAL KFT.,EmR-1200M-5HTA billenőfejes,Erőfokozó ,Benőke töltsd ki kérlek,Benőke töltsd ki kérlek,felújítás,"szétszerelés, tömítéscsere, összeszerelés",-,"SP, BA",8 óra,-,"O 94,97 x 1,78 NBR70 (4016930090) 2 db
O 90 x 5,5 NBR70 (4016930090) 
O 45 x 3 NBR70 (4016930090) 2 db
O 20 x 2 NBR70 (4016930090)
KN/SN25 20 x 28 x 05/06 AU92 MA25 
(4016930090)
KN/SN25 20 x 28 x 05/06 AU92 MA25 
(4016930090)",-,-,-,,,
TH0349,0,???,2023.05.24.,,2023.07.24.,NIVELCO ZRT.,EEN-320,Revfej,Sauter 0.5.480.512,"Id. Nr.: 073 512
Com. Nr.: 03.92869/1","A tömítéseket szinte biztosan ki kellene cserélni, de szerszámváltáskor is probléma szokott lenni, nem reteszeli a szerszámot pozícióba.","szétszerelés, tömítések cseréje, csapágy/csapszeg/tányérrugó csere, beállítás, összeszerelés, járatás","kábelvédő csere, járatás","BA, SP, TV",24 óra,,"tömítések: BET2023/01886,
3/4"" anakonda 0,5m
1db tányérrugó S4362 (Biotek), csapszeg és csapágy sautertől",,,,,,
TH0350,0,M04030,2023.05.26.,,2023.08.22.,METAL-99 KFT.,Chiron FZ-16L,Főorsó,,B0 502 006 02 02,"kúp sérült, csapágyazás","szétszerelés, kúp köszörülés (spinex), csapágyazás, beállítások, összeszerelés, járatás",,"BA,SP",14 óra,,"2 db B7010-E-T-P4S-UL - FAG (br.109137ft),
98db 25x12.2x1.5 tányérrugó, 
Spinex köszörülés (BET2023/02223) ",,Spinex,,,,
TH0351,0,M13299/M20082,2023.05.26.,,2023.08.15,BOGNÁR ÉS TÁRSA KFT.,KMC-3122 TÍPUSÚ 5 TENGELYES,Szögfej ,,,olajfolyás,"szétszerelés,átvizsgálás,tömítések cseréje, összeszerelés",,"ÖZ,SP,BA",40 óra,,"Kafo No. 230615-1 (3,925 US$)
GY R9 120 x 128 x 3 (töm.) PTFE-GR. (39269097),10-01201283-00 - 4 db 
O 120,32 x 2,62 NBR70 (4016930090),10-12032262-00 - 4 db",,07.05. 1 db bronz gyűrű elpostázva Juhászékhoz,,,,
TH0352,0,M15231,2023.06.06.,,2023.06.09.,KELET-SZERSZÁM KFT.,VD-510,Főorsó,,,"megállt, átvizsgálásra","szétszerelés, csapágycsere, összeszerelés",,"SP, BA",16 óra,,4 db Csapágy / 7009A5TRV1VSULP3 NSK,-,-,-,,,
TH0353,0,M15231,2023.06.06.,,2023.06.09.,KELET-SZERSZÁM KFT.,VD-510,Főmotor,HPB SVM75L3020E,,csapágyazása beállt,"szétszerelés, csapágycsere, a motor erősen szennyezett grafittal -> tisztítás, összeszerelés",,"SP, BA",16 óra,,2 db 6205SN24T85AVVC3EP5 - NSK,-,-,-,,,
TH0354,0,M17244,2023.06.02.,,2023.07.13,GAMMA MŰSZAKI ZRT.,MM-850,Főorsó,Royal - 10.000 RPM,372278,morog és melegszik,"szétszerelés, csapágycsere, összeszerelés, járatás, a csereorsón lévő meghúzó nem volt jó, vissza kellett menni cserélni",,"SP, BA",12 óra,,"4 db csapágy 7012CTRSULP3-NSK
4db 114,4x3,1 O gyűrű NBR70
5db 3,5x1,6 O gyűrű NBR70
1db szerszám megfogó csipesz 10-00005695-00",-,-,kapott csereorsót,,,
TH0355,0,M21101,2023.06.01.,,2023.06.19.,RÁK ÉS RÁK BT.,MSL-200,Főorsó jeladó egység,,,zúgó hang főorsó forgás közben,"szétszerelés, csapágycsere, tengely cseréje, összeszerelés",,"SP, BA",6 óra,Muzsek René,"70067684-00 jeladó szíjtárcsa tengely, 2 db 6007 2Z SKF csapágy",-,Juhász,-,,,
TH0356,0,M15228/M15232,2023.06.19.,,2023.06.28.,BEST-TOOL KFT.,VD-510,Főorsó ,Royal - 20.000 RPM,16268,"csapágyas, beázott","csapágyazás, tömítések cseréje, járatás",,SP,10 óra,,"4 db 40BNR10 SUELP4, 
3db O 22 x 3,5 (10-00223570-00)
2db O 14 x 2,5 (10-00142570-00)
3db O 38 x 3,5 (10-00383570-00)
3db O 94 x 3 (10-00094300-00) 
3 db O 6 x 1,5",,,,,,
TH0357,0,M15228/M15232,2023.06.19.,,2023.06.28.,BEST-TOOL KFT.,VD-510,Főmotor,SVM-75L-30 - 20.000 RPM,15121001C,"csapágyas, beázott","tisztítás, csapágyazás, deublin csere","ventilátor csere, wds beépítése, járatás",BA,10 óra,,"2db NSK 6205SN24T85AVVC3EP5
4db M8x60 hernyócsavar bkny
1db GU-2000 forgóátvezető","1db 10-33258-00 Ventilátor
1db WDS szenzor 
",,,,,
TH0358,0,M19026,2023.06.20.,,2023.06.26.,REKARD HAJTÓMŰ ÉS GÉPGYÁRTÓ KFT.,EPA-320,Forgácskihordó hajtómű,,,"forgórész beleér az állórészbe, csapágyazásra szorul","szétszerelés, új persely készítés, felszabályozás, csapágyazás, összeszerelés  ",,"SP, BA",5 (Esztergályos munka!) + 4 (Mechanikus munka),,2db SKF 6202 2RSH,,,Gépi munkaóra számlázásra figyeljünk !,,,
TH0359,0,M03144,2023.06.21.,,2023.07.11.,MVM OVIT ZRT.,PA-45,Főmotor,Sever 1ZK160L4,508147,"erős kattogó, csilingelő hangot ad, főként terhelés nélkül, csapágy illesztése hézagos
Remenár:  Forgórész hátuja és eleje is szét van verve, a szíjtárcsa ki van verődve. Forgó rész felszabályzásra szorul. Új szíjtárcsa, új csapágyak kellenek. Utána kiegyensúlyozás új szíjtárcsával.","Remenár Pál: Forgórész köszörülése. Csapágyhely perselyezése. Motor csapágy pajzs átszabályozása, seeger gyűrű hely kialakítása. Ékszíjtárcsa, vállas ék gyártása és cseréje. ","jeladó felszerelése, kiegyensúlyozás, járatás",RJ,4 óra,-,-,-,Remenár Pál EV. ,,,,
TH0360,0,M14222,2023.06.22.,,2023.07.11.,ALUMÍNIUMÁRUGYÁR ZRT.,MD-7,Revfej,SAUTER 0.5.472.225 id: 061 420,86.39 563-5/2,"1,5 hét után ismét megszorult","Szétszedés, beállítás, járatás, összeszerelés",,"BA,SP",5 óra,,1l új olaj,,,,,,
TH0361,0,M08020,2023.06.26.,,2023.07.10.,GRIF-TOOLS KFT.,EmL-610,Főorsó,Royal - 8.000RPM,143366,szíjtárcsa csere. csapágyas,"szét szerelés, csapágyazás, szíjtárcsa csere, összeszerelés, járatás.
Behúzó erő:
Kilökés:
Radiális ütés tőben:
Radiális ütés xx mm hosszon:
Axiális ütés:",,BA,10 óra,,"1db fogazott szíjtárcsa 10-00032959-00
2x2 db NSK 7012CTRDULP3 csapágy
4db 110x3 NBR70
2db 27x3,5 NBR70
4db 4x2 NBR70",,,,,,
TH0362,0,M10219,2023.06.07.,,2023.06.27.,KOKILLA PREC KFT.,MM-800,Főorsó,,,széttekeredik + forgóátvezető és szerszámoldó keret elszállítása ell./jav. céljából,"szétszedés, meghúzó szerelése, beállítás, sérült kerest árfordítása, vásárolt csavarral összeszerelés",,SP,12 óra,,"SZÉV2023-169 
1 db M16x1,5 balmenetes csavar, balos anya hatlapfejű M16x1,5  (70067695, SZÉV2023-182, anya  BET2023/02131),
4db 131,XX x 3,1 O gyűrű",,,,,,
TH0363,0,M06271,2023.06.29.,,2023.07.10.,NiVELCO ZRT.,TNL-100AL,Szegnyereg ,,,"hidraulika olaj folyás, nehezen mozog","szétszerelés, tisztítás, tömítések cseréje a munkahengerben és 1db szennylehuzó a szegnyeregben, összeszerelés, járatás ",,BA,7 óra,,BET2023/02161 ,,,heti 1x legalább járassa át az üf.,,,
TH0364,0,M08020,2023.07.03.,,2023.07.10.,GRIF-TOOLS KFT.,EmL-610,Főmotor,Baumüller DAF100 B54A10-5 (7 kW),20803479,"szíjtárcsa csere, csapágyas","szétszerelés, takarítás, csapágyazás, összeszerelés, szíjtárcsa csere",,BA,10 óra,,"1 db főmotor szíj 830-5GT-30
1 db szíjtárcsa 10-00009493-00
1db szorító tárcsa 10-00032837-00
2db szorító gyűrű 10-00033348-00
1 db NSK 6306ZZCM
1 db NSK 6209ZZCM",,,,,,
TH0365,0,M15260,2023.07.04.,,2023.07.21.,MST ENGINEERING KFT.,MM-760,Főorsó,Cells - 8.000RPM,691501A039,"csapágyas, melegszik","szétszerelés, csapágyazás, összeszerelés, fogazott kerék csere, járatás",,"BA,SP",14 óra,,"1db szíj 760-5GT-30
1db fogazott kerék (szíjtárcsa) 10-00033115 - 
1db 7012CTRSULP3
1pár 7012CTRDULP3
3db 114,4x3,1 O gyűrű NBR70
1db 3,5x1,6 O gyűrű NBR70",,,,,,
TH0366,0,M18262,2023.07.05.,,2023.08.01.,MAGYARMET KFT.,VD-510S,Főorsó,20.000RPM,299165,"sérült kúp, csapágyas","szétszerelés, csapágyazás, kúp köszörülés (spinex), összeszerelés, járatás",,BA,10 óra,,"4db 40BNR csapágy
3db 90x3 NBR70, 1db 6x2 NBR70",,"Spinex SZR2023/01731
(BET2023/02545)",,,,
TH0367,0,M18307,2023.07.05.,,2023.07.05.,SVG-HUNGARY GÉPGYÁR ZRT.,HBM-130,Főmotor,HPB VM132L-54-40-15-06,18012209H,"hátsó csapágy megszorult, Tamagawa TTL jeladó megolvadt","a motor darabokban érkezett be, takarítás, csapágyazás, összeszerelés, járatás","átütés vizsgálat: tekercselés rendben van, jeladó csere","BA,SP",10 óra,,"2db csapágy SNR 6309EE
",1db Tamagawa jeladó 21-00001048 ,,"ÜF kiszolgálva (TH0368), SZÉV tartalék ",,,
TH0368,0,M18307,2023.07.05.,,2023.07.05,SVG-HUNGARY GÉPGYÁR ZRT.,HBM-130,Főmotor,HPB VM132L-54-40-15-06,21113034H,"új motor,logisztikától kaptuk","régi motorról tengelykapcsoló átszerelése, két reteszhornyú tengelykapcsoló illesztése","eredeti japán motorjeladó leszerelése, Tamagawa 1024TTL felszerelése, kiegyensúlyozás a tengelykapcsolóval","BA, RákosrétiJ",6+3,,,1db Tamagawa jeladó 21-00001048 ,,,,,
TH0369,0,M14063,2023.07.06.,,-,BERVINA KFT.,Tomill-160,Pneumatikus szerszámoldó egység,,,"a szerszámot nem engedi el.., 9 bar nyomásnál sem.., Hallani, hogy nyit., de a patron megakad valahol -> a villa el van kopva, ami a főorsót hivatott megnyomni",pneumatikus szerszám lazító villa cseréje,,"BA,SP",5 óra,,"1db villa (rsz. 70069069-00)
",,,,,,
TH0370,0,⁨M23053,2023.07.11.,,,NCT Taksony,CTX-500,Revfej,Sauter 0.5.480.520,N/A,"a revfejet darabokban küldte be az ügyfél, nézze meg Smici, mire van szükség ahhoz, hogy össze lehessen rakni a revfejet.","szétszerelés, alkatrészek cseréje, beállítás, összeszerelés, járatás",N/A,"BA,SP",8+8,,"Sauter M23053 CTX-500 revfej alkatrészek 480.520/NH100/6T,10-00023764-00: 
1 db 037314 Nadelhuelse
16 db 067635 Druckstueck
1 db 072305 Nutmutter
1 db 069242 Stellmutter
1 db 069342 Axial-Nadellager
1 db 034515 Axial-Lagerscheibe
1 db 036561 Axial-Lagerscheibe
1 db 036557 Axial-Nadelkranz
1 db 067368 Scheibe
1 db 069243 Axial-Nadelkranz
1 db 070093 Radialwellendichtring
1 db 070093 Radialwellendichtring
Csapágy / 6004 2RSNR KOYO,10-00006004-10 
Csapágy / 6201-2RSH_S mélyhornyú csapágy DGBB SKF,10-00062012-00 
2 db Csapágy / EGB 2820-E40 INA,10-00282040-00
O 74 x 3 NBR70 (4016930090),10-00074370-00
O 200 x 3 NBR70 (4016930090),10-00200370-00 
10 db O 12 x 2 NBR70 (4016930090),10-00012270-00",N/A,N/A,N/A,,,
TH0371,0,M17191,2023.07.11.,,2023.08.31,VÁMOSGÉP KFT.,WFQ-80NCT7,Főorsó,Posa - 4000RPM,MS1605267P,főorsó hajtás javítása esedékes lenne. Ajánlat kellene a főorsó 2 darab hajtó kerék és bordás szíj cserére ,"szétszerelés, csapágyazás, összeszerelés, járatás, szíjtárcsa csere",,"BA,SP",30 óra,2 óra,"1db POSA  orsó szíjtárcsa HTD-14M-36T / WFQ80 szíjtárcsa
1db szíj 14M 1344
1db  70056862-00 távtartó gyűrű 

BET2023/02617
(1db NN3018KTKRCC1P4)
(1pár NSK 100BAR10ETYNDBLP4A)
(1db NN3020TKRCC1P4)

00-70069067-00 Menesztő (WFQ-80) menesztődió 2 db",,"Spinex (kúp/homlok/palást köszörülés) 
Juhász - szíjtárcsa átmunkálás",,,,
TH0372,0,M17191,2023.07.11.,,2023.08.31,VÁMOSGÉP KFT.,WFQ-80NCT7,Főmotor,HPB VM132L - Nmax. 6000RPM,16051632H,"főorsó hajtás javítása esedékes lenne. Ajánlat kellene a főorsó 2 darab hajtó kerék és bordás szíj cserére 

hajtóműbe alig volt olaj,","hajtóműbe olaj töltés, járatás, szíjtárcsa csere, kiegyensúlyozás",,"BA,SP",10 óra,4 óra,"1db POSA  orsó szíjtárcsa HTD-14M-36T / WFQ80 szíjtárcsa

1,5L VG46 (hajtóműbe)",,Juhász - szíjtárcsa átmunkálás,,,,
TH0373,0,M15231,2023.07.12.,,2023.08.17.,KELET-SZERSZÁM KFT.,VD-510,Főmotor,HPB SVM75L3020E,15121002C ,"csapágyas, labirint törött","szétszerelés, takarítás, csapágyazás, labirint gyűrűk cseréje, összeszerelés, egyensúlyozás, járatás",,BA,10 óra,2 óra,"1db labirint gyűrű (FÉMÓ-tóll, 70067656-00 rajz szám), 
2 db NSK 6205SN24T85AVVC3EP5
",,FÉMO - René intézi,,,,
TH0374,0,M21002,2023.07.17.,,2023.07.21,VARRIVÁL KFT.,VMC-1600,Erőfokozó,Sjatc  pbc_t,,tömítés átenged,"szétszerelés, tömítések cseréje, összeszerelés, próba",,BA,8 óra,,"BET2023/02336
BET2023/02355",,,,,,
TH0375,0,M05089,2023.07.05.,,2023.07.24,BIOTECH GMBH,Kondia B-640,főorsó jeladó egység,főorsó jeladó egység,,"jeladó tönkrement, tengelykapcsoló eltört","tengelykapcsoló illesztése, 5/6 furatok kialakítása",ROD426/1024 jeladó felpucukázása,"SP, GE",7 óra,,VMA 5/6 kuplung,ROD426/1024,,,,,
TH0376,0,M14106,2023.07.20.,,2023.12.21.,SCHÖN+SANDT H KFT.,Pinacho ST-180/1000,Revfej,Pragati BTP-50,51646,megszorult,"Szétszerelés, alkatrészek beazonosítása, alkatrészek cseréje, összeszerelés, beállítás, járatás.Új motorral lett felszerelve, mert az eredeti tekercselése nem sikerült határidőre. A gyengébb 2mm-es rúgókka lett összeszerelve, helyben gyártott távtartóval és ehhez lett beállítva a hézag. Járatás megtörtént felszerelt revfejjel és ""szerszámokkal""is.",N/A,"BA,SP",30+30,N/A,"Pragati BTP-50 revfej alkatrészek SZÉV2023-231,10-00023805-00: 
- SB0706 INDEXING SHAFT ASSEMBLY BTP-5 0.2 8P (HSN Code : 84834000) 
- CB130202 MAIN FLANGE BTP50 / 24TEETH MAIN FLANGE-24T (HSN Code : 84669390) 
-CB130203 FIXED COUPLING BTP50 / 24T FIXED COUPLING-24T (HSN Code : 84834000) 
- SB1309 SLIDING COUPLING ASSLEMBLY-BTP -50-24 TEETH (HSN Code : 84669390) 
Pragati BTP-50 revfej közlőtengely code: CB130201/ SZÉV2023-231,10-00023805-01 
2 db Tányérrugó / S4343 Do=56mm, Di=28,5mm, t=2mm, Lo=3,6mm,10-56285236-00 
Tartalék Pragati  motor TM-50.3 (TM503V415) BTP-50 revfejhez,10-00023929-00",N/A,Liker SZR2023/03071,"Motor tekercselésről megjött SZÉV tartalék. Fontos infó, hogy a tárcsa megfelelő pozícióját az összeszerelés során kell beállítani. Utólag kompenzációra nincs lehetőség. Szétszereléskor fotózni és jelölni kell, mert a dokumentáció szerinti jelölések nem voltak megtalálhatóak.",,,
TH0377,0,M19004,2023.07.24.,,2023.08.08,PETRUS IPARI KERESKEDELMI ÉS SZOLGÁLTATÓ KFT.,KAFO-NCT BMC-2015-5AX,Szögfej ,HSD HS 678,61122 / 2019021677,kábel és mechanikus probléma,"kábel csere, kábelvezető csere, tesztelés",,"ÖZ,BA,SP",20 óra,2 óra,"8db M8x110 BKNY csavar,
1db műanyag kábelvezető karima (70067721-00),
kábel (Bánszki)",,,,,,
TH0378,0,M05089,2023.07.25.,,2023.08.10.,BIOTECH GMBH,Kondia B-640,Főorsó,,,csapágyas,"szétszerelés, csapágyazás, összeszerelés, járatás",,BA,8 óra,,"1pár 7010CTRDULP3
2db 7012CTRSULP3",,,,,,
TH0379,0,M05006,2023.07.24.,,2023.07.27.,FIRE CONTROL KFT. (DENDRIT KFT.),TMV-850,Szerszámcserélő kar,,,eldobja a szerszámot,"szétszerelés, kar betétek cseréje, összeszerelés",,Gulyás J.,5 óra,,"2 db TMV-1050 szerszámcserélő kar betétje  BT-s,10-00009898-00",,,,,,
TH0380,0,M23064/M10335,2023.08.04.,,2023.08.17,NCT TAKSONY - BIONIKA MEDILINE KFT.,JSL-26AB,"Motororsók, szervómotorok",,,"átvizsgálása, átütésvizsgálat, csapágyak cseréje, jeladók ellenőrzése, meghúzó mechanika átvizsgálása. Összeszerelés után tartós járatás!","motororsók: szétszerelés, csapágyazás,összszerelés, járatás

motor: 2db jeladók cseréje, járatás","motororsók és szervómotorok kimérés, átütésvizsgálata, járatása","SP, KI, GE","24 (mech)
3 óra (elek)",,"4+4db FAG B7013-E-T-P4S-UL, 
2db EQN1337 jeladó",,,,,,
TH0381,0,M22153,2023.08.04.,,2023.10.XX.,"NCT Taksony
JE-ZO KFT.",EEN-500,Revfej,Baruffaldi TA-210/4PS,2282,"Karbantartás: szerszám befogók helyének köszörülése, vízátvezető rugók cseréje stb., bekötés-járatás
Árajánlatot küldeni ! (részletek: viber hiba csoport)","szétszerelés, alkatrészek átzsírozása, összeszerelés, járatás",,"SP, KI, TV",8+8+8,,"BET? (Baruffaldi SZÉV2023-242) 
10 db Nyomórugó / 1,0 x 5,2 x 48 (26),10-10524826-00",,,,,,
TH0382,0,M19065,2023.08.11,,2023.08.21,CHRISTEYNS ENGINEERING KFT.,SD-32,Revfej,Pragati BTP-50,69389,"Megakad, leültetés hiba","szétszerelés, átvizsgálás, összeszerelés, járatás",,SP,7 óra,,,,,,,,
TH0383,0,M21074,2023.08.15.,,2023.08.16.,MAGYARMET KFT.,SV-1000,Karforgató motor,Jenjey F22,,törött fék,"szétszerelés, fékcsere, összeszerelés",,SP,4 óra,,"1db 10-00033813-00
1db 10-00033814-00",,,,,,
TH0384,0,M09196,2023.08.22.,,2023.09.05,KOKILLA PREC KFT.,EmL-850,Szerszámoldó munkahenger,Hao Cheng,,tömítés átenged,"szétszerelés, tömítések cseréje, összeszerelés, próba",,BA,8 óra,,"SNI39 40 x 50 x 06/7 (TTI/L) (4016930090),10-39405006-00
2 db KN/SN25 14 x 22 x 05/06 AU92 (TTU) (4016930090),10-25142205-10
O 60 x 3 NBR70 (4016930090),10-00060370-00
2 db O 40 x 3 NBR70 (4016930090),10-00403070-00
O 14 x 2,5 NBR70 (4016930090),10-00142570-00
O 94 x 3 NBR70 (4016930090),10-00094300-00
O 96 x 2 NBR70 (4016930090),10-00096270-00
O 90 x 5,5 NBR70 (4016930090),10-00905570-00",,,,,,
TH0385,0,M15099,2023.08.28.,,2023.09.07.,TOP HOLDING ZRT.,EmL-1020B,Főorsó,Royal 10.000 RPM,220128,"Rugóköteg javítása. A főorsó kúpos szerszámbefogó része nem rögzíti szorosan a befogott szerszámokat, tengelyirányban kézzel mozgatható, kotyog, valamint a tengely mentén forgatható is ezáltal!","Szétszerelés, takarítás, csapágyak és tömítések cseréje, összeszerelés, járatás",,"BA,SP",16 óra,,"1db 870-5GT szíj
56db 40x20.5x2,45 tányérrugó
2pár 10-00002389-00 Csapágy / NSK 7014 CTRDULP3 precíziós orsócsapágy 
O 140 x 3 4 db
32 x 3,5 2 db
22 x 2,5
4 x 1,8 6 db",,,,,,
TH0386,0,M10281,2023.05.12.,,2023.05.25.,BOGNÁR ÉS TÁRSA KFT.,TNL-100AL,Munkadarab kihordó egység,,,Egy munkadarab kihordó szalag cserét kértek.,"szétszerelés, munkadarab kihordó szalag csere, motor hajtómű tengely cseréje, csapágyak cseréje, összeszerelés",,BA,5 óra,,"Tartalék / TNL-100AII / Szíj munkadarab elkapóra (1350mm),10-00009141-00 
10-00002551-00,Csapágy / 6202 ZZ - 4 db 
motor hajtómű tengely (szerelt + esztergált)",,,,,,
TH0387,0,M18106,2023.08.29.,,2023.09.05.,KÓCZIÁN RÓBERT EV.,MM-850SV,Főmotor,AiS-100,CC2-10-4025,"túlmelegedett, cicergő, nyekergő hangot ad","Taksonyból kaptunk egy  cseremotort (CC2-10-5148), arra kell átszerelni a kapocsdobozt, kuplungfelet, klíma csatlakozókat 
szétszerelés, csapágycsere, összeszerelés, járatás",N/A,SP,8 óra,N/A,2 db 10-10012238-00 SKF S7208 CDGA/HCP4A precíziós golyóscsapágy,N/A,N/A,"Kóczián Úrnak szüksége lenne majd a kicserélt alkatrészekre, illetve fényképekre. Be kell majd mutatnia a biztosítónak. SZÉV raktárba betéve a felújított motor cikkszám alapján.",,,
TH0388,0,"M23111
M14166",2023.08.31.,,2024.03.21.,"NCT (DIGÉP) 
BRUNNBAUER BUDAPEST SZERELVÉNYGYÁRTÓ KFT.",HG-400-II 3.02,Komplett gép,,,,"Keret átalakítása 304-es vezérlőhöz
Sűrített levegő szivárgások megszüntetése
Gyors palettacsere beállítása
Munkatér ls palettacserélp térelválasztó ajtó nem záródik rendesen
Palettacserélő ajtóreteszelő lemez elhajlott 
Főkapcsoló törött csere",,"BA,SP,TV,KT,KR",?,,"2 db GY R3 közép spec 45 x 34,5 x 6 NBR85 (39269097),10-34534568-00 
GY R3 közép spec 42 x 34,5 x 3,5 NBR85 (39269097),10-34234535-00 
Tömlő / TOY-1038, YK-10, 2SC-10HYP, 0°-os elforgatási szög, 2170 mm,10-10382170-00 
4 db Csapágy / LBCD 25-2LS-S SKF lineáris termék,10-25200000-00
4 db Csapágy / Lineáris csapágy LME-25-UU DTE (d=25mm D=40mm L=58mm),10-00254058-00 
10 db O 12,50 x 2,5 NBR70 (4016930090),10-12502570-00 
10 db O 12 x 4,5 NBR70 (4016930090),10-00124570-00 
4 db O 36 x 2 NBR70 (4016930090),10-00362070-00 
2 db O 34 x 3,5 NBR70 (4016930090),10-00343570-00 
4 db GY R01-C 17 x 25 x 5 NBR (39269097),10-00117255-00 
2 db GY R01-C 30 x 39 x 5,8 NBR (39269097),10-01303958-00 
GY S6 14 x 18 x 3 NBR (39269097),10-00614183-00",,,,,,
TH0389,0,M20072,2023.xx.xx,,2025.09.08.,ESZTERGOMI SZERSZÁMGÉPGYÁR KFT.,MZP-1,Főmotor,HPB VM132X-54-40-15-45,21051201H1,"kopott tengely javítása, felhegesztése, forgácsolása
Babett: ha javítható, adjunk nekik ÁA-t, ha az elfogadható, akkor megcsináltatják tartalék motornak
AA: Átcsapágyazás, Reteszpálya szemközti oldalra átmarása, Motortengely felszórása és köszörülése, Előzetes mérés alapján villamosan nincs baja
Elsőre azt mondom (ha valóban csak mechanikus a meghibásodás), hogy ez a Strigon sara.","Kopott tengely javítása SPINEX. Szétszerelés, csapágyazás, összeszerelés, járatás, tesztelés.",N/A,SP;BA,8;8,N/A,"SKF 6309 2Z csapágy 
NTN 6312ZZC3/5K csapágy; motor és jeledő közötti tengelykapcsoló cikkszám, jelölés nincs rajta,  hossz 23,38 mm; külső átmérő 22 mm; belső átmérő 1 8mm; belső átmérő 2: 10 mm",Tamagawa 1024 TTL jeladó,Spinex KIT2023_06046/SZR2023_02906 - BET2023/03969,,,,
TH0390,0,M18004,2023.09.01.,,2023.10.24.,FORNAX 2002 KFT.,VD-510S,Főorsó,Royal 20.000 RPM,350749,felület hiba,"szétszerelés, átvizsgálás, csapágycsere, összeszerelés, járatás, behúzóerő mérés, ellenőrzés",,"SP,BA",12 óra,,,,,ügyfél kapott csere orsót sn: 299167,,,
TH0391,0,M08130,2023.09.04.,,2023.10.05.,MAGYARMET KFT. ,EML-510,Főorsó,Royal 8.000 RPM,119268,üt a főorsó,"szétszerelés, tömítések cseréje, csapágycsere, szíj csere, Deublin csere, hidraulika tömlő csere, összeszerelés",,"BA, SP",16 óra,,"1 db 700-5GT-30 szíj 
4 db 7012CTRLSULP3 csapágy
L12 x 520 hidraulika tömlő
Deublin 902-120-188 
2 db O 114 x 3
5 db O 3 x 2
2 db O 24 x 2,5
2 db O 28 x 3",,Juhász - főorsó labirintgyűrű,,,,
TH0392,0,M15124,2023.09.xx,,,HESSED REHOBOTH (HEAVENLY TRADE),,nagynyomású sziavattyú villanymotorja,,,"csapágyas, villamosan jó",átcsapágyazás,,BA,6 óra,,"1 db 6204
1 db 6205 csapágy",,,,,,
TH0393,0,M21134,2023.09.11.,,2023.09.11.,LOVÁSZ LÁSZLÓ IMRE EV,MINIturn-320/500 ,Revfej,,,,,,,,,,,,visszaküldve Taksonyba,,,
TH0394,0,M08020,2023.09.14.,,2023.09.14.,GRIF-TOOLS KFT.,EmL-610,Főorsó,Royal 8.000 RPM,143366,"szerszámot elengedi, eldobja, behúzóerő 0 kN, csipesz ép","főorsó csipeszt kellett betekerni
Behúzó erő:
Kilökés:
Radiális ütés tőben:
Radiális ütés xx mm hosszon:
Axiális ütés:",,BA,"0,5 óra",,,,,,,,
TH0395,0,M20083,2023.09.14,,2023.09.19.,ROYAL PRODUCTION,EmL-1020E,Főorsó,Royal 10.000 RPM,416800,"köszörülni nem kell, a kúp , a csipesz, a rugóköteg tökéletes, csak csapágyazni kell",Csapágyazás,,SP,1 óra,,,,,,,,
TH0396,0,M20005,2023.09.1x,,2023.09.28.,GYŐRFI JÓZSEF EV,EmL-510,Szerszámoldó munkahenger,,,szerszámoldás hiba,"szétszerelés, tisztítás, tömítések cseréje, összeszerelés",,BA,12 óra,, ,,,,,,
TH0397,0,-,RAKTÁRI TÉTEL,,2023.09.19.,SZÉV tartalék,EmL-1020,Főorsó,Royal 10.000 RPM,226269,"a Royal Prodctionnek adjuk oda csereorsóként, ellenőrzés","szétszerelés, BT-s menesztő dió cseréje ISO-sra, behúzó erő ellenőrzése - gyenge, 4 kN -> rugóköteg előfeszítése: 6,8 kN, csapágyazás, összeszerelés",,BA;SP,4 óra,,4 db 70BNR10STSUELP3-NSK Ferdehatásvonalú precizíós golyós csapágy,,,,,,
TH0398,0,M17237,2023.09.20.,,2023.09.22.,GIA FORM KFT.,MM-850SV,Körasztal,,,kábelkorbácsának a burkolata sérült ,Anakonda csere,,GE,3 óra,,PG21 anakonda 2 m *2 + PG21 tömszelence 2 db,,,,,,
TH0399,0,M12004,2023.09.25.,,2023.10.02.,GOODWILL-TRADE KFT.,EML-1020D,Főorsó,Royal 10.000 RPM,160499,"erőfokozó csere, a levegő ugyanúgy visszadolgozik az olajtérbe, főorsó hidraulika cső leválasztás, a főorsón lévő munkahengernél tud visszajutni az erőfokozóba","munkahenger tömítések cseréje, nyomáspróba, behúzóerőn állítani kellet, mert gyenge volt, most 7,5 kN",,Budai A.,10 óra,,"X 100,97 x 5,33 NBR70 X-gyűrű (4016930090),10-10097533-00
X 81,92 x 5,33 NBR70 X-gyűrű (4016930090),10-81925337-00
O 80 x 3 NBR70 (4016930090),10-00080370-00 
O 118 x 3 NBR70 (4016930090),10-11826570-10
GY K17 125 x 115 x 11 NBR (39269097),10-12511511-00",,,,,,
TH0400,0,M12004,2023.09.25.,,2023.10.02.,GOODWILL-TRADE KFT.,EML-1020D,Erőfokozó,Hinaka BPF-10U11M110FA,12013014,"levegősödik, visszadolgozik, tömítések cseréje szükséges","tömítések cseréje, nyomáspróba",,Budai A.,6 óra,,"2 db O 45 x 3 NBR90 (4016930090),10-00045390-00 
3 db O 15 x 2,5 NBR90 (4016930090),10-00152590-00 
2 db Tömítés / O-gyűrű 94x3,0 NBR 70 (4016930090),10-00094370-00
P 100 x 85 x 6 K62 kéthatású pneu.töm. (4016930090),10-10085662-00
3 db SNI39 30 x 40 x 06/07 AU92 D3 (4016930090),10-39304006-10",,,,,,
TH0401,1,-,2023.09.27.,,,ESZTERGOMI SZERSZÁMGÉPGYÁR KFT.,-,Főmotor,Baumüller DSG-100S,20207848,Csapágy csere és EBI1135 jeladó csere szükséges,,,,,,,,,,,,
TH0402,0,,2023.10.02.,,2023.11.28.,"NCT Taksony
Gáspár",,Revfej,TAN-160 revolverfej,,forgatás közben elakad,"szétszerelés, gyengék a rugók -> rugócsere, összeszerelés, járatás",,SP,4 óra,,,,,,,,
TH0403,0,M12005,2023.10.05.,,2023.10.17.,KOKILLA PREC KFT.,EmL-1020D,Erőfokozó,Hao Cheng,,ereszti az olajat,"szétszerelés, tömítéscsere, tartály készítés, összeszerelés",,"SP,BA",10 óra,,"O 88 x 5,5 NBR75 (4016930090),10-00885575-00 
Tömítés / O-gyűrű 94x3,0 NBR 70 (4016930090),10-00094370-00 
O 96 x 2 NBR70 (4016930090),10-00096270-00 
2 db O 40 x 3 NBR70 (4016930090),10-00403070-00 
O 14 x 2,5 NBR70 (4016930090),10-00142570-00 
O 60 x 3 NBR70 (4016930090),10-00060370-00 
10 db O 40 x 2 NBR70 (4016930090),10-00040270-00 
KN/SN25 40 x 50 x 06/07 AU92 (TTU) (4016930090),10-40500692-00 
KN/SN25 14 x 22 x 05/06 AU92 (TTU) (4016930090),10-25142205-10 
KN/SN21 14 x 22 x 05/06 NBR90 MA21 (4016930090),10-21142206-00 
AD48 14 x 22 x 04,5/06 AU92 DH (4016930090),10-48142204-00",,,,,,
TH0404,0,M19050,2023.10.10.,,2023.11.14.,CSABA METÁL ZRT. ,EmB-1305G,Főorsó,Royal 6.000 RPM,318084,"az Ügyfél forgóátvezetőt szerelt fel helytelenül, mert be volt feszítve a kivezető rész közcsavarja, ami elfeszítette a forgóátvezetőt, nem megfelelő menetű könyökkel szerelték meg, a hajtóműház feltelt hűtővízzel","szétszerelés, tömítéscsere,csapágycsere, összeszerelés, járatás",,"BA,SP",16 óra,,"1 db FAG 6016 L062 0200 csapágy       
5 db FAG 7020-C-T-P4S-UL csapágy 
Tömítések: 
6 db 8 x 2 
5 db 180 x 3 
4 db 35 x 2,5 
3 db 45 x 3",,,,,,
TH0405,2,M21097,2023.10.10.,,,KÖRBER HUNGÁRIA KFT.,WOTAN R12,Főmotor,VM132L-54-40-15-06,,leégett,,csatlakozó átszerelése a cseremotorra,Ginter E.,1 óra,,,,,cseremotort kapott sn: 21070910G,,,
TH0406,2,M04205,2023.10.10.,,,GYURÓ TECHNIK KFT.,TNL-100AL2,Szerszámbemérő kar,,,"karbantartását, és pontatlanságának (bemérésnél 0,1-0,2mm eltérés lehet két bemérés között) megoldását szeretném megrendelni. ",,,,,,"Csapágy / 32007 X_S SKF egysorú kúpgörgős csapágy,10-00032007-00
Csapágy / 32006 X_S SKF egysorú kúpgörgős csapágy,10-00032006-00
S 50 x 62 x 07 RST NBR70 (8484109000),10-50620770-00",,,ügyfél cseredarabot kapott,,,
TH0407,0,M08130,2023.10.10.,,2023.10.27.,MAGYARMET KFT. ,EML-510,Főorsó,Royal 8.000 RPM,119268,üt a főorsó,"szétszerelés, csapágycsere, összeszerelés, járatás",,"BA, SP",8 óra,,4 db 7012CTRLSULP3 csapágy,,Spinex SZR2023/02613 - BET2023/03725,,,,
TH0408,0,M22124,2023.09.xx,,2023.08.08.,SZABÓ FOGASKERÉKGYÁRTÓ KFT.,ZFTK-250,Főmotor állórész,VM100S,22011222F,takarítás,"Takarítás rendben, motor tekercselés ellenőrizve szintén rendben. Infó: Toma Gergővel egyeztetve a motor többi része Taksonyba van. Várják vissza összeszerelésre.",N/A,BA;KI;,2+1,N/A,N/A,N/A,N/A,N/A,,,
TH0409,0,,2023.08.15.,,,GE H. VERESEGYHÁZ,,Siemens motor,1FT6034-4AK71-3EA0,YF P319 8563.03 001 ,Egyik tekercs szakadt,"szét kell szedni, áttekercselni, csapágycsere stb. - ÁA kell az ügyfélnek ",,,,,,,,WFID 12048608945 - WO 1344719 - J08679-ra átvezetve,,,
TH0410,0,,2023.08.16.,,,GE H. VERESEGYHÁZ,,Siemens motor,1FT6034-4AK71-3EA0,YF N415 6888.01.001 ,Csapágynak 'száraz' hangja van,csapágycsere - ÁA kell az ügyfélnek  ,,,,,"2 db Csapágy / 6001 2RSH,10-00002531-00",,,WFID  12050946647 - WO 1344661 - J08680-ra átvezetve,,,
TH0411,0,M17066,2023.10.18.,,2023.12.02.,DENDRIT MENTOR,KFO-620,Munkahenger,LB40*665 18,3183060310,átereszt,"Szétszerlés,méretezés,összeszerelés új tömítésekkel.",N /A,BA,6 óra,N/A,"2 db O 36 x 2 NBR70 (4016930090),10-00362070-00 
2 db P K53 20 x 28 x 6,2/7,8 PU (3917400000),10-53202862-00 
S 25 x 52 X 10 RST NBR70 GRN (4010210000),10-25521070-00 
AD51 16 x 24 x 06 NBR90 (4016930090),10-51162406-00 
KPOR30 40 x 32,5 x 03,2 PTFE K30 (4016930090),10-30403250-00",N/A,N/A,"Ügyfél vett másik munkahengert, a javított bekerült SZÉV raktárba.",,,
TH0412,0,M21092,2023.10.26.,,2023.11.06.,JÁRMŰ ZRT.,CME FS-2,Főmotor,HPB VM132L-54-40-15-06,21031904D,motor csapágyas + hajtómű kihajtásnál is csapágyas + ventilátor hangosan indul,"szétszerelés, motor átcsapágyazása",,BA,8 óra,,"SKF 6309 2Z C3 csapágy
NSK 6309 ZZ CM csapágy
FAG 16015 C3 csapágy",,,,,,
TH0413,0,M13049,2023.10.31.,,2023.12.20.,MST ENGINEERING KFT.,VMC-1600,Főmotor,AiS 132-LW 08-15,2013-060,"zajos, szíjtárcsa kopott, javasolt nagyobb profilú szíjtárcsa","Szétszerelés,kiküldés Csapó úrhoz csapágyazásra. Összeszerelés, új nagyobb tárcsa felszerelése,  O 100 mm; 40 fog; járatás, kiegeyensúlyozás.+ telepítéshez 960 8YU szíj",N /A,BA;SP,2+2,N /A,"960 8YU szíj
 Szíjtárcsa  
2db csapágy típus ?",N/A,Csapó csapágyazás,N/A,,,
TH0414,0,M13049,2023.10.31.,,2023.12.20.,MST ENGINEERING KFT.,VMC-1600,Főorsó,"Royal-Smax 10.000 RPM, SN 164569",164569,"főorsó kúp üt, 920 hosszú szíjat állandóan eltépi, javasolt nagyobb profilú szíjtárcsa, forgóátvezető átenged","Takarítás, szétszerelés; csapágyazás, összeszerelés, járatás, behúzóerő mérés, ütés mérés.",N /A,BA;SP,4+4,N /A,"4db NSK 7014CTRDULP3
56 db ténynérrugó 40x20,5x2,5mm; 
1db Deublin 902-1230-188;
1db új nagyobb átmérővel rendelkező szíjtárcsa O 100mm, 40 fog;                                                             Behúzó erő 7,8 kN; Ütés tüske vége 0,02 mm; tüske töve 0,01 mm; járatás 3000 rpm; környezeti hőmérséklet 10 C, melegedés nem volt tapasztalható ilyen körülmények között.   ",N/A,Spinex SZR2023/02875 - BET2023/03971,Régi csapágy: FAG HS7014-C-T-P4S-UL,,,
TH0415,0,M05089,2023.10.30.,,2023.11.30.,BIOTECH GMBH,Kondia B-640,Főorsó szerszámoldó egység,,,nagy a kilökés (4 mm),"szétszerelés, munkahenger dugattyú köszörültetés, tömítések cseréje, összeszerelés",,"BA,SP",10 óra,,"O 192 x 3,5 NBR70 (4016930090),10-01923570-00 
O 179,20 x 5,7 NBR70 (4016930090),10-17920577-00 
O 64 x 2,5 NBR70 (4016930090),10-00642570-00 
O 54 x 3 NBR70 (4016930090),10-00054370-00 
GY A2 64,5 x 75 x 7/10 Pu (39269097),10-64575710-00 
GY A2 54 x 65 x 7/10 Pu (39269097),10-05465710-00 ",,Juhász SZR2023_02893,,,,
TH0416,0,M11154,2023.11.06.,,2023.11.24.,MAGYARMET KFT.,EMR-1020D,Főorsó,Royal 15.000 RPM,147261,üt a főorsó 5 századot,"szétszerelés, csapágycsere, összeszerelés, járatás",,"BA, SP",12 óra,,"4 db SKF 7014 CEGATNH/HVC 0253 csapágy 
6 db Ringfeder 40x45",,Spinex SZR2023_02857 - BET2023/03970,,,,
TH0417,0,M21174,2023.11.02.,,2023.11.21.,FT CNC PRODUKT KFT.,SFM-760,Tárforgató motor,"Rotom 5RK60GN-CPTs (60W, 220V, 0,59A)",OV26C240005,megszorult,"szétszerelés, csapágyak cseréje, tömítés cseréje, összeszerelés",,BA,5 óra,,"Csapágy / 6000 ZZ csapágy SKF,10-00002654-00 
Csapágy / 6200 ZZ csapágy SKF,10-00002655-00 
S 10 x 26 x 0,5 RST NBR70 (8484109000),10-10260570-00",,,,,,
TH0418,0,M19026,2023.11.09.,,2023.11.30.,REKARD HAJTÓMŰ ÉS GÉPGYÁRTÓ KFT.,EPA-320,Meghúzó,Berg ESP 130 FA,70515,"a motor tekercseinek ellenállása nem azonos, testzárlatos a motor 
az NCT Gép adott egy 120-ast, a kettőből kellene egyet csinálni","Szétszerelés, átjáratás, zsírzás, erőhatároló csavar megszorulva.. Összerakás után járatás, egyeztetve Kozmanovics Andrással, rendben.Kölcsönkapott motort Smiciék visszaviszik a héten.",N/A,BA;SP,8+8,N/A,N/A,N/A,N/A,N/A,,,
TH0419,0,M21010,2023.11.xx,,2023.12.18.,INTERMETALL KFT.,EML-610-4X,Körasztal + szögmérő,Motor BLS-073 Mavilor,?,"felhozza a körasztalt amin a szögmérő van. A szögmérőt szükséges lenne tisztítani illetve a kábelét ellenőrizni
Szögmérő csere; minimál esztétikai takarítás",Takarítás,Szörmérő csere,SP; GE;,1+2,N/A,N/A,HDH szögmérő ID:533110-02 cikkszám:21-53311002-00,N/A,Motor: MAVILOR BLS-073,,,
TH0420,0,M21134,2023.11.15.,,2023.11.24.,LOVÁSZ LÁSZLÓ IMRE EV,MINIturn-320/500,Revfej,WD6-100 (0625),0519-88351985 88362511,"Az a stift törhetett el, ami pozíciónkent megakad, hogy a visszaforgatásnál leültessen. Ha kézzel megtartottam, leültetett. Az új fej nem tudom honnan lett, de hiányos volt az eleje és zörög is 
+ 2 db Ai5 hengeres retesznélküli motor (sn. D03-10-9650 + sn D03-10-9649) is cserélve","Szétszerelés, tisztítás, beállítás, zsírzás, összeszerelés. Elég sok rézpor volt a Hirth fogazásnál. Járatás után visszakerült.",N/A,BA;SP,8+8,N/A,N/A,N/A,N/A,N/A,,,
TH0421,0,N/A,2023.11.29.,,2023.12.05.,TARTALÉK,N/A,REVFEJ,WD6.8-100(0621),247,"Viktor hozta be, előtte ügyfélnek volt felrakva, tartalékból adtuk ki. Viktor zajosnak találta.","Szétszerelés, tisztítás, zsírzás, csapágy ellenőrzés, hézag beállítás, összeszerelés. ",N/A,BA;SP,2;2,N/A,N/A,N/A,N/A,N/A,,,
TH0422,1,N/A,?,,,TERVEZÉS,N/A,FŐMOTOR,AiB70-54-20EH/M,F0A-10-7392,Tervezés visszarajzolás miatt kérte a szerelést. Fék oldési probléma + csapágyazás szükséges.,"Szétszerelés,csapágyazás, fék beállítás, összeszerelésre várunk nem SOS",N/A,BA;SP,3+3,Dokumentálás,"1db mélyhornyú g. csapágy NTN 6207T2XLLBC3P5/L448QTL
1db mélyhornyú g.csapágy NSK 6208 2Z C3",N/A,N/A,N/A,,,
TH0423,0,N/A,?,,,TARTALÉK,N/A,SERVO MOTOR,Ai08-54-30-EH/E,04-10-8532,Hibafeltárás és javítás,"Szétszerelés,tisztítás, csapágyazás,összeszerelés és új címke, tesztelés",N/A,SP,4 óra,N/A,"1 db  6205ZZ C3 csapágy, 1 db  6204ZZ C3 csapágy, 1 db 52x25x10 szimering, 10-25521070-00",N/A,N/A,BELSŐ JAVÍTÁSI LAP IS KÉSZÜLT J08598,,,
TH0424,0,M15173,2023.12.04.,,2023.12.05.,VÁRDA VULKÁN KFT. ,EmB-1605G,Tartományváltó munkahenger,HINAKA DAL-50N70-006 (SCBS VH160H-037A) ,,"menetközben ereszt, a szelep az működik","szétszerelés, tömítések cseréje, csatlakozó csere, szelep csere, összeszerelés",,BA;SP,5 óra,,"2 db P K53 25 x 33 x 6,2/7,8 NBR (3917400000),10-53253362-00 
2 db KN/SN21 40 x 50 x 06/07 NBR90 MA21 (4016930090),10-21405006-00 
P AUNIPSL E 20 x 30 x 10,4  pneu. rúdtöm. K51 (3917400000),10-20301045-00 
2 db O 46 x 2 NBR70 (4016930090),10-00046270-00 
ötőelem / Üreges csavar, 2 szint RZ420-1/4,10-00042014-00 
Csatlakozó / Szupergyors csatlakozó RP500-8-1/4,10-00500814-00 
Csatlakozó / Gyűrűs csatlakozó, menetes RZ520-1/4,10-00052014-00 
Pneumatika / Fojtó-visszacsapó szelep ASL 8-G02,10-00802802-00",,,,,,
TH0425,0,M14252,2023.12.06.,,2023.12.08.,KOKILLA PREC KFT.,HT-76 DT,Fékező egység,,,"a fékből folyik az olaj, tömítések ellenőrzése szüksége","szétszerelés, tömítések cseréje, összeszerelés, funkciópróba",,BA;PI,4 óra,,"10-15187000-00 O 15 x 1,8 NBR70 (4016930090) 
10-00172570-00 O 17 x 2,65 NBR70 (4016930090) 
2 db 10-00108523-00 Gumi / O-gyűrű 73x3,55 NBR 70",,,,,,
TH0426,0,19959,2023.12.06.,,2024.07.16.,TRIMBLE HUNGARY KFT.,TNL-130A-DT,Revfej + tárcsa + motor,TBMA,"K26.A200.2101A21.01
5378/2007
230",a revfejben a hajtott szerszám közlőkerék szorult meg,"Takarítás, szétszerelés,alkatrészek beazonosítása",,BA;SP,2 óra,,"Baruffaldi TBMA-200 revolverfej javítása (TNL-130A),10-00023007-00",,,SZÉV2023-343,,,
TH0427,2,M14244,2023.12.07.,,,LITZE KFT.,EmR-1020D,Főmotor,AiS 100-LW 26 H (D),CC2-10-126,"tönkre ment a forgóátvezető és vitte magával a motort is.Kérném vizsgálatát és javítását. A főmotor nagyon zajos és a hajtás is hibákat dobál.Mellékelve a hiba fotója. Orsó kikapcsolási hiba, orsóhajtás üzemkészség hiba, S hajtás túláram hiba ","Régi motor takarítása előkészítése a szerelésre. A motor csapágyas és tekercszárlatos felújítás szükséges. Ügyfél részére a raktrából csere motor lett kiadva 1db Ais 100-LW15H (Y) TTL 256. Erre lettek átszerelve a régi  moror alkatrészei kivéve Deublin mert ügyfél nem kérte csak sűrített levegő bevezetést a kúp tisztításhoz. A jelnlegi Deublin nem alkalmas a 70 bar-os rendszerhez. A megfelelő forgóátvezető DEUBLIN 1109-023-212. WDS szenzor aTH-n került kiépítésre. A motor járatása, kiegyensúlyozása megtörtént.",N/A,BA+SP,2+2,N/A,"
1 db Ais 100-LW15H (Y) motor
1db Deublin rendelés alatt 1109-023-212 SZÉV2023-333",1 db WDS készlet,N/A,Megbeszéltek szerint a régi motor megy a logisztikára felújításra és utána tartalék lesz. Ha felkerült a logisztikiára a státsz mehet 0-ra.,,,
TH0428,0,M18128,2023.12.13.,,2023.12.21.,PATAKI ZSOLT,MINIturn,Keresztszán,N/A,N/A,"szétszedte a Miniturn-t, valóban az anya lötyög a keresztszán golyósorsóján. Még a héten valamikor beszállítja hozzánk a gépet. Előzetes ajánlatot kért.","Szétszerelés; X tengely anya felhasítás, beállítás; járatás",N/A,SP,6 óra,N/A,N/A,N/A,N/A,N/A,,,
TH0429,0,M13194,2023.12.01.,,2024.01.22.,METAL-99 KFT.,McB-1604B,"""Y"" tengely orsó+motor bordáskerék",8YU szett,N/A,A tengelyen lévő bordás kerék fogazása eltérő és foghegyre ül néhány osztás után a szíj.  ,"Tisztítás, méretezés és megbeszéltek alapján tervezéssel 8M típusra lesz átalakítva. ",,,,René elvitte az alkatrészeket rajzolásra. Ha kész mehet gyártásba. SZÉV igény száma:,,,,SZÉV-347,,,
TH0430,0,M15232,2023.12.14.,,2023.12.16.,METARAD CNC KFT.,VD-510S-5AX,Körasztal,TJR FAD-170F-HDEC4,S9-62,"Anakonda kijött a csatlakozóból.Teljes átnézés,hibás részegységek javítása.",Asztal leszerelése beszállítása az NCT-be. ,Anakonda komplett csere,KR,8 óra,N/A,N/A,"Anakonda 4 fm;
4x1,5 motorkábel 4 fm; 
8x0,14 EnDat kábel 4 fm;
12x0,75 olajálló kábel 4 fm; 
Anakonda csatlakozó komplett 4db;
582180-01 HDH csati 2db;
Kábelsaru 8db ",N/A,N/A,,,
TH0431,0,M23137,2023.12.14.,,2023.12.15.,NCT (ALSTOM HUNGARY KFT.),MITSUBISHI,SERVO MOTOR,"X A12-54-20-EH/4096 S/N MA 450-1629
Y A22-54-20-EH/4096 S/N:MA440-1496
Z AB22-54-20-EH/4096 S/N:MA 509-1758
B A6 A TÖBBI RÉSZE NINCS MEG AZ ADATTÁBLÁNAK",LÁSD I OSZLOP,Csapágyazási igény + átjeladózás,Csapágyazás,Jeladózá Józsi ,BA; SP; TI; RJ,1+6+2+?,N/A,"3 db SKF 6208 2Z C3
3 db SKF 6207 2Z C3
1 db SKF 6204 2Z C3
1 db SKF 6205 2Z C3
3 db 80x40x10 szimering
1 db 52x25x7 szimering ",N/A,N/A,N/A,,,
TH0432,0,M20144,2023.12.20.,,2023.12.22.,TOMETAL KFT,KAFO-NCT CV-7A,Karforgató motor,FM22,2023.3.2,"Ügyfél elmondása alapján recsegő, ropogó hangja van. Minden szerszámcserénél megáll. ","Fékoldal szétszerelése, ellenőrzése takarítása. A mechanikus fékoldáshoz kiemelő alkatrész helyi gyártása. Fékoldás tesztelése és beállítása.",N/A,SP;KT,3 óra,N/A,N/A,N/A,N/A,N/A,,,
TH0433,0,M11169,2023.12.21.,,2024.01.30.,NEFAB,EmR-1200D (VL-1200),Főorsó motor,AiS 100-LW 26 H 150001/min,MA 2012-049,"Ügyfél elmondása alapján a motor zajos, csapágy gyanus, ezért kérik a csapágy cserét. Valamint olajfolyás is tapasztalható a motor hátsó részénél, amit fel is jelöltek. Gyorscsatikkal van szerelve a tömlő. Ezeknek a cseréjét kérik. Lehet érdemes lenne rendes hidraulika csatit kiajánlani tömlőkkel, de ezt egyeztetni kell az ÜF-el. ",Szétszerelés után láthatóvá vált a forgó és állórész sérülése is vélhetően a hátsó csapágy hibája miatt. Be kell vizsgáltatni a motort villamosan és ellenőrizni a javíthatóságot. Az első 2 csapágy is tejesen összesült. Hidraulika csatik hibásak és az ÜF által jelzett sziváregás is fennáll.,N/A,SP;BA,4 óra,N/A,2db 14-es gyorcsatlakozó felszerelése az új csere motorra,N/A,,Cseremotor: CC2-10-5156,,,
TH0434,0,M14106,2024.01.08.,,2024.01.09.,SCHÖN+SANDT H KFT.,Pinacho ST-180/1000,Revfej,Pragati BTP-50,51646,Forgácsolás közben a fej szemmel láthatóan elmozdul. Alkalmatlan a megmunkálásra.,Az erősebb rugóval lett újraszerelve a Smici szerinti alaphelyzet szerint. Egy nagyobb erőkar hatására sem mozdul mert a mérőóra.,N/A,SP; BA,12 óra,N/A,N/A,N/A,N/A,N/A,,,
TH0435,0,M15268,2024.01.09.,,2024.01.15.,MST ENGINEERING KFT.,EmR-1304B,Szerszámcserélő kar ,N/A,N/A,"Szerszámcserekor a cserélőkar rögzítő stiftje  a rugó ellenében sem jön ki a hüvelyből, így szerszámot ejt, további mechanikus javítást illetve cserét igényell.","Kar szétszerelése, kitisztítása, újrazsírzása és mozgó részek átjáratása. Kosz került be a mozgó részek közés és ez okozhatta a megszorulást. ",N/A,BA,2 óra,N/A,N/A,N/A,N/A,N/A,,,
TH0436,0,M20089,2024.01.11.,,2024.01.25.,TÉRVÁZ KFT.,SCMC-40 / 4500,Főorsó és erőfokozó,,,"A főorsón lévő munkahenger hibás (átenged), ezért a hidraulika olaj visszajut a tehermentesítő ágba","Főorsó takarítás, szétszerelés, csapágyak újrazsírzása. O gyűrűk cseréje. Összeszerelés járatás. Ütés 0,01 mm, behúzóerő 9,7 kN alacsony gombával és SK tüskével. BT orsót BT gombával nem tudun mérni ! 
Erőfokozó munkahenger teljes felújítása, tömítések cseréje. ",,BA+SP,5+5,,"KN/SN21 80 x 90 x 06/07 NBR90 MA21 (4016930090),10-21809021-00
AD48 80 x 90 x 06/08 AU92 (4016930090),10-48809092-00
2 db SNI39 28 x 35,5 x 05/06 AU92 (RS-73) (4016930090),10-28355050-00
X 110,49 x 5,33 NBR70 (4016930090),10-11049533-00
8 db O 139,50 x 3 NBR70 (4016930090),10-13950370-00
O 89,2 x 5,7 NBR70 (4016930090),10-08925770-00
2 db O 95 x 2 NBR70 (4016930090),10-00095270-00
O 119 x 3 NBR70 (4016930090),10-00119370-00
O 44 x 3 NBR70 (4016930090),10-00044370-00
O 27 x 3,5 NBR70 (4016930090),10-00273570-00
GY S6 100 x 115 x 9 NBR (39269097),10-61001159-00
10 db O 06,75 x 1,78 NBR70 (4016930090),10-06751787-00
O 28 x 3,5 NBR70 (4016930090),10-00283570-00",,Tömítések SEAL RING U2024/00395,,,,
TH0437,0,N/A,N/A,,2024.01.18,NCT,EROWA,N/A,N/A,N/A,"Szomorúan tapasztaltuk, hogy leszakadt vezetékek, hiányos gép talpak és elérhetetlen gép táp kábellel találkoztunk.
Kérném a szervizt, hogy szedjék le a burkolatokat. A géplábakat pótolják és szintezzék ki a legjobb tudásuk szerint. A leszakadt kábelt (egy gomb csatlakozó) szereljék meg és kössék be a helyére.
A kábeleket a gép alól tegyék elérhetővé (ha lejön a burkolat akkor ez meg is lesz).
A gép alá bedobott rögzítő elemeket ellenőrizzék, hogy biztosan elfér-e felettük a gép amikor mozog.
Kérem szóljatok, ha hozzáférünk a kábelekhez, hogy megnézzük be tudjuk-e kapcsolni a gépet hogy mozogjunk is vele.",A kért hiányosságok és beállítás elvégezve. 2 forgókapcsoló beköétse csak üzemközbeni funkciók ellenőrzése után töreténhet meg.,N/A,BA+SP,4+4,N/A,N/A,N/A,N/A,N/A,,,
TH0438,0,M22142,N/A,,2024.05.28,APTIV SERVICES HUNGARY,SPEED HAWK 550,KOMPLETT GÉP,N/A,655183,"- Elülső burkolat leszerelése a gépésztervezők segítése miatt
- Motorok típusának mehatározása, fotók készítése
- Főorsó jeladó típusa 
 - Szerszámtér burkolat sérült egyengetés + burkolat visszaragasztás
-Elszívó nyílások ellenőrzése
","A kért burkolatok leszerelése, motorok és jeladó azonosítása megtörtént. Fotók elküldve a csoportba.",,BA;SP,,,"Cosmotec WLA13C1A161A08 tartályos víz klíma 
Tömítés / O-gyűrű 420x3,0 NBR 70 (4016930090),10-00042003-00 
Keller porgyűjtő edény UNI-STAR XH porelszívóhoz,10-00023952-00",,,,,,
TH0439,0,M13179,2024.01.16.,,2024.01.26,MED-PLAST 2000 KFT.,VD-510S,Főorsó,Royal 12.000 RPM,168455,"Előzetes felmérés alapján jeleztük, hogy főorsó felújítása szükséges. A kúpja foltos. ","Takarítás, csapágycsere. ""O"" gyűrűk cseréje. Ütés tüske töve 0,01 mm, vége 0,02 mm. Behúzóerő 3,8 kN",N/A,SP+BA,8+4,N/A,- 4 db 7008 CTR SULP3,N/A,N/A,Főorsó és főmotor kuplunk távolságokat mindig le kell mérni és fel kell jelölni.,,,
TH0440,0,M13179,2024.01.16.,,2024.01.26,MED-PLAST 2000 KFT.,VD-510S,Főmotor,SVM-90L-20,13072434,"Előzetes felmérés alapján jeleztük, hogy főmotor felújítása szükséges. ","A motor alapos tisztítása a rengeteg olajtól. Csapágycsere. Járatás, kiegyensúlyozás.",N/A,BA+RJ,8 óra,N/A,2db NTN 6206 ZZ (6206ZZCM/5K),N/A,N/A,N/A,,,
TH0441,0,M14066,2024.01.18.,,2024.01.24,BIOTECH GMBH,DK-7732F,Szűrőtartály,,,"A szűrőház egység nagyon rossz, korodált állapotban van. Eltört a hegesztés a szűrőháznál és a fedél nem húzható össze, így a tömítésnél ereszti a vizet.","Tartály takarítás, hegesztés,festés.",N/A,BA,3 óra,N/A,N/A,N/A,N/A,N/A,,,
TH0442,0,M06182,2024.01.22.,,2024.06.25.,METALCONSTRUCT ZRT.,TMV-850A,"Körasztal,fehér",,,01.22. Fékoldásnál a körasztalból kiáramlik a levegő és nem mindig áll vissza pozícióba.,"Takarítás, szétszerelés. A fék dugattyú szorult meg és vélhetően ez okozta tárcsa és pofák berágódását is. A pneumatikus csövek el vannak öregedve, az 5/2-es (AZ522ME) szelep cseréje is javasolt.
szétszerelés, takarítás, fék alkatészek cseréje, levegő szelep csere, összeszerelés 
04.15. készen van, már csak járatni kell",,"SP, BA",3 óra munka + 2 óra járatás,,"Tartalék GSA CNC-101R pneumatikus fék javító készlet,10-00023937-00 
5/2-es (AZ522ME) szelep 
Csapágy / NA4910-XL tűgörgős csapágy FAG,10-10000816-00
2 db Csapágy / AXK 7095 Tűgörgős csapágy,10-00006849-00 
4 db Csapágytartozék / AS 7095 axiális csapágy gyűrű INA-FAG,10-00006850-00 
Tömítés / O-gyűrű 132x3,0 NBR 70,10-00002692-00
2 db Tömítés / O-gyűrű 55x3,0 NBR 70,10-00055370-00
Tömítés / O-gyűrű 17x2,5 NBR 70,10-00108522-00
O 48 x 3 NBR70 (4016930090),10-00048370-00
O 40 x 3 NBR70 (4016930090),10-00403070-00
O 95 x 3,5 NBR70 (4016930090),10-00953570-00
S 105 x 125 x 13 RST NBR70 (8484109000),10-10512513-00
S 15 x 35 X 07 RST NBR70 GRN (4010210000),10-15350770-00
2 db 1/8"" 6-os lev. gy. csat.",,,,,,
TH0443,2,M21054,2024.02.01.,,,VKSZ,MXS-400DD,Körasztal,TJR FAD-400HS-AD500i-420,,"B tengelyt pozitív irányban mozgatva a tengelyterhelés megnő, a végállások jele elmegy",,,,,,"2 db Alapanyag / Menetes szár M10x1000 (8.8)(DIN976-1A)(Horg),10-00002714-00 
4 db O 300 x 3,5 NBR70 (4016930090),10-03003570-00 
4 db O 302 x 3,5 NBR70 (4016930090),10-03023570-00 
Auxiliary Tailstock Bearing Assembly:
Auxiliary Tailstock Spindle Part No. FDR035015-00
Needle Roller Bearing Part No. SBRTAF9011025
Star Ring Part No. SX236
O-ring + Wear-resistant Ring Part No. SOQ1100D-2202 (1/2)
O-ring + Wear-resistant Ring Part No. SOQ1100D-2202 (2/2) 
FAD-400HS-AD500i-420 körazstal / forgótengely állórésze,10-00033953-00 
4 db O 300 x 3,5 Q,10-00030035-00 
4 db Tömítés / O-gyűrű 300x3,5 NBR 70,10-00082603-00",,,ügyfél csere körasztalt kapott,,,
TH0444,0,M15103,2024.02.05.,,2024.03.05.,S.C. NOVUS ENG S.R.L.,EmL-510Ms,Motororsó (30.000RPM),,Theta TH-120.115005-07,Melegszik (nem menetzárlatos),,fojtó segítségével sikerült stabilizálni az orsómotort,Kopányi G.,,,,,,,,,
TH0445,0,M04030,2024.02.06.,,03.04.,METAL-99 KFT.,Chiron FZ-16,szerszámoldó munkahenger,,,nem lehet szerszámot váltani,"szétszerelés, tömítések cseréje, összeszerelés",,"BA,SP",6 óra,,"O 145 x 3 NBR70 (4016930090),10-00145370-00 
O 108 x 4 NBR90 (4016930090),10-10108490-00 
O 50 x 3 NBR70 (4016930090),10-00050370-00 
GY K8 140 x 125 x 7,5 (tm.) FLON2 (39269097),10-81401257-00 
O 123,19 x 6,99 NBR70 (4016930090),10-12319699-00",,,,,,
TH0446,0,M20005,2024.02.12.,,2024.03.07.,GYŐRFI JÓZSEF EV,EmL-510,X golyósorsó,,,"lóg 0,02-0,03 mm",-,,-,-,,"4 db S 32 x 48 X 08 RST NBR70 (8484109000),10-32480870-00",,"02.15. elszállítva a  Szimikronba 
03.04. visszakaptuk a golyósorsót",,,,
TH0447,0,M13234,2024.02.14.,,2024.02.23.,VAJDA MŰVEK KFT.,EmL-610B,Tárforgató motor + hajtómű,Rotom 5RK60GN-CPTs,VY19C240005,"tár megszorult, motorvédőt leveri, lehet a gond a motor, a hajtómű vagy a csapágyazás  - tár nincs megszorulva, forog","02.26. TI infó: nem lesz javítva, csak a beazonosítás miatt lett behozva",,,,,,,,ügyfél cseredarabot kapott Liming CG09B25S12 (MA17512039) + CM09RG60SBTW-MT (MA16905031-5),,,
TH0448,0,P24015,2024.02.15.,,2024.02.20.,METALCONSTRUCT ZRT.,TMV-850A,GSA CNC-200RA CNC körasztal,,,"a körasztal élesztése során a motor IC csatijában fázissorrend felcserélési hibát találtunk, melynek következtében megsérült a motor",,,,,,,,,,,,
TH0449,0,M22201,2024.02.26.,,2024.06.13.,NCT Taksony,MCV 1000,Főorsó,,,"Kovács Ádám: főorsó tüske ütésénel 0,13 mm mértünk. Így szeretnénk rajta csapágyakat 
cserélni, kúpköszörülni, illetve homlokköszörülni. Kérlek majd 
csekkoljuk a behúzóerőt, ennél mi 6,5 kN-t mértünk. 
02.26. AA: Behúzóerő jó. Kúp és homlok köszörülés. Axiálisan és radiálisan is van benne. 0,01 maradandó.","szétszerelés, csapágyak cseréje, összeszerelés, járatás",,"SP,BA",2x8 óra,,"2 db 10-10005156-00,Csapágy / HSS7014-E-T-P4S-UL orsócsapágy FAG 
3 db 10-10005118-00,Csapágy / HSS7015-E-T-P4S-UL orsócsapágy FAG",,"02.27. Spinexhez elküldve köszörülésre SZR2024/00443 
03.01-én visszaérkezett 
BET2024/00877",,,,
TH0450,0,M21127,2024.02.26.,KP;G,2024.02.26.,FEZIMA KFT.,MM-850E,Főorsó,Royal 12.000 RPM,471286,"6.000-nél kicsi hangja van, 10.000-nél nagyon hangos","szétszerelés, csapágyak cseréje, összeszerelés, járatás",,"SP,BA",14 óra,,"04.15. csapágyra vár 
4 db 60BNR10HTV1VSUELP3 csapágy 
4 db O-gyűrű 113 x 3",,"03.01. Spinexhez elküldve köszörülésre SZR2024/00481, 04.04-én visszaérkezett BET2024/01510",ügyfél csereorsót kapott sn: 292441,,,
TH0451,0,,,,,,,,,,,,,,,,,,,,,,
TH0452,0,M11161,2024.02.27.,SZ,2024.03.04.,EFT ÉS TÁRSAI SZERSZÁMÉLEZŐ ÉS GYÁRTÓ KFT.,JCL-60AHD,hidraulika szivattyú,Jia Cheng 90L,HHS01-L-199,"csapágyas, megszorul","szétszerelés, csapágyazás, összeszerelés",,BA,4 óra,,"Csapágy / 6204 2Z SKF,10-10009597-00 
Csapágy / 6206 2Z_S SKF mélyhornyú csapágy DGBB,10-00062062-00",,,,,,
TH0453,0,M18039,2024.03.05.,G ,2024.04.16.,TOP HOLDING ZRT.,EEN-400/1250,Késtartó,,,"nem mozog, egy vezeték el van szakadva","szétszerelés, rugócsere, kábel szakadás javítás, összeszerelés, járatás",,"SP, BA",5 óra munka + 2 óra járatás,,"3 db 10-00023782-00,Tartalék / Kiemelő rugó / Baruffaldi TAN160 revfej  Code: 999.204.04398",,,,,,
TH0454,0,M04030,2024.03.05.,G;TI,03.20.,METAL-99 KFT.,Chiron FZ-16,Főorsó,,B0 502 006 02 02,szerszámoldás bizonytalan,csapágygolyók cseréje,,BA,1 óra,,2 db 10-10013242-00 Csapágy / csapágygolyó 11mm,,,,,,
TH0455,1,-,-,,,NCT - SZÉV raktár,-,Főorsó,10.000 RPM,691102J328,alkatrészek lettek kiszerelve belőle - SZÉV2023-169 igény - TH0362 (Kokilla MM-800) miatt lett szétszedve,,,,,,"10 db Tömítés / O-gyűrű 15x2,65 FKM 80 (VITON),10-00083097-00 
10 db Tömítés / O-gyűrű 15x2,9 NBR 70,10-00083098-00",,,,,,
TH0456,0,,,,,,,,,,,,,,,,,,,,,,
TH0457,0,M07007,2024.03.06.,KP;PI,2024.03.25.,SOMAPAK KFT.,EmL-610,Szerszámoldó egység,Hao Cheng,,folyik belőle az olaj,"szétszerelés, tömítéscsere, összeszerelés",,BA,8 óra,,"O 88 x 5,5 NBR75 (4016930090),10-00885575-00 
Tömítés / O-gyűrű 94x3,0 NBR 70 (4016930090),10-00094370-00 
O 96 x 2 NBR70 (4016930090),10-00096270-00 
2 db O 40 x 3 NBR70 (4016930090),10-00403070-00 
O 40 x 3,5 NBR70 (4016930090),10-00403570-00 
O 60 x 3 NBR70 (4016930090),10-00060370-00 
O 14 x 2,5 NBR70 (4016930090),10-00142570-00 
KN/SN25 14 x 22 x 05/06 AU92 (TTU) (4016930090),10-25142205-10 
KN/SN25 40 x 50 x 06/07 AU92 (TTU) (4016930090),10-40500692-00",,,,,,
TH0458,0,M07334,2024.03.06.,KP;PI,2024.03.25.,SOMAPAK KFT.,EmL-610,Főorsó,Royal 8.000 RPM,110926,"szíj szakadt 830-as (830-5GT-30), szíjtárcsák kopottak, cserélni kell, főorsó, főmotor csapágyas
foróátvezető (Deublin 902-120-188) rossz, de nem kérik a cseréjét, helyette levegő bevezetőt kérnek","szétszerelés, csapágycsere, szíjtárcsa csere, összeszerelés",,"BA,SP",16 óra,,"4 db HCB7012-CT-P4SUL csapágy
szíjtárcsa",,,,,,
TH0459,0,M07334,2024.03.06.,KP;PI,2024.03.25.,SOMAPAK KFT.,EmL-610,Főmotor,DAF100B54A10-5/7kW,,"szíj szakadt 830-as, szíjtárcsák kopottak, cserélni kell, főorsó, főmotor csapágyas","szétszerelés, csapágycsere, szíjtárcsa csere, összeszerelés, járatás, mérés, kiegyensúlyozás",,"BA, SP, Kopányi G., Szegedi D.",19 óra,,"6209ZZC3 GA2 Koyo csapágy
6306-2RS1/C3 SKF csapágy
szíjtárcsa",,,,,,
TH0460,0,M11271,2024.03.13.,TI,2024.06.06.,MICROMARK IPARI ÉS MARKETING KFT.,TNL-130A,Bemérőkar,,,kotyog,"04.15. Taksonyból várunk hozzá alkatrészeket: csapágy, fődarab, érzékelő",,"SP,BA",10 óra,,"csak a váz maradt meg, minden mást cserélni kellett",,,,,,
TH0461,0,M09168,2024.03.18.,G,2024.04.11.,BERVINA KFT.,TOMILL-160,Főorsó,,,csapágyhang,"szétszerelés, csapágycsere, összeszerelés",,SP;G,2 x 8,,3 db Csapágy B7009-CT-P4SUL,,,,,,
TH0462,0,M09168,2024.03.18.,G,2024.04.11.,BERVINA KFT.,TOMILL-160,Főmotor,Lenze MDFKARS071-22,00385751,erősen rezonál (kiegyensúlyozatlan),"szétszerelés, csapágycsere, összeszerelés, főmotor kiegyensúlyozása",,BA,8 óra,,"Csapágy 6204Z
Csapágy 6203Z",,,,,,
TH0463,0,M22015,2024.03.21.,KP;TV,2024.04.18.,"FT LINE TERMELŐ, SZOLGÁLTATÓ ÉS KERESKEDELMI KFT.",VD-510S,Főorsó,Royal 20.000 RPM,151332,"alsó csapágy zajos, főorsó kúpja nem üt (0,015)","szétszerelés, csapágy csere, tömítés csere, összeszerelés 
04.15. készen van, vihető",,"SP, BA",8 óra munka + 3 óra járatás,,"3 db Tömítés / O-gyűrű 22x3,0 NBR 70,10-00004302-00
3 db Tömítés / O-gyűrű 94x3,0 NBR 70 (4016930090),10-00094370-00
2 db Tömítés / O-gyűrű 13x2,5 NBR 70,10-00005224-00 
4 db HCB7008-CT4-PSUL csapágy",,,,,,
TH0464,0,,,,,NCT AKADÉMIA,TOMILL,Főmotor,,,"4000 fölött rázkódik, munkahenger reed-relé csere szükséges",főmotor kiegyensúlyozása,,BA;SP;RákosrétiJ,6 óra,,,,,,,,
TH0465,0,M06271,2024.03.28.,SZG,2024.04.05.,NIVELCO ZRT.,TNL-100AL,Hűtővíz szivattyú,SPK2-19/19 modell: E3HDH2619P10702,,"„ Segédhajtás védlm! I023=0”
hűtővíz szivattyú motorvédője lekapcsol a motor melegedése miatt","átvizsgálás, szelep takarítása, próba",,BA,2 óra,,,,,,,,
TH0466,0,M06275,2024.03.28.,PI ,2024.04.05.,LAMI 2003 KFT.,EML-510,Szerszámoldó munkahenger,,,ereszti az olajat,nem javítható,,,,,,,,ügyfél csere munkahengert kapott,,,
TH0467,2,M06275,2024.03.28.,SZG,,LAMI 2003 KFT.,EML-510,Vízszivattyú,,,tömítés probléma,"04.15. tömítéseket kell gyártatni, a Seal Ring nem tudta megoldani, partner keresése folyamatban",,,,,,,,"ügyfél új szivattyút kapott - WALRUS szivattyú / TPHK 2T3-3 álló hűtőfolyadék szivattyú egység
(3 bar)",,,
TH0468,0,M13051,2024.04.03.,ügyfél hozta be,2024.04.10.,MILL-TURN KFT. ,MM-760,esernyős szerszámtár tárcsa,,,"elgörbült több helyen is, seeger gyűrűk, csapok pótlása, tárcsa egyengetés",,,"BA,SP",8 óra,,"1 klt Popszegecs 4,8 x 25,10-10004825-00 
Seeger gyűrű 6-os 8 db
Csap 6 x 23 4 db 
Távtartó gyűrű 10 x 16 3 db
M6 x 24 + zártanya 3 db",,,,,,
TH0469,0,M13166,2024.04.05.,KR,2024.04.22.,PRO FORM KFT.,EmR-1304D,Főmotor,AiS100,CC2-10-5024,"rendellenes hangja van, kuplung cserére szorul","szétszerelés, összeszerelés 
04.15. készen van, vihető",,"SP, BA",4 óra,,,,FÉMO,ügyfél cseremotort kapott: CC2-10-5204,,,
TH0470,2,M22124,2024.03.26.,KP;TV,,SZABÓ FOGASKERÉKGYÁRTÓ KFT.,ZFTK-250,Főmotor,HPB VM100S-54-40-15-08,,beázott,"szárítás után összeszerelés, egy másik ZFTK gépre fog felkerülni 
04.15. tekercselésre vár",,,,,,,,SZÉV tartakék lesz,,,
TH0471,0,M19066,2024.04.12.,TV,2024.04.23.,ZERLUX HUNGARY KFT.,CT-60,Revfej,Sauter,,az indextüske nem megy be a fejbe,"szétszerelés, összeszerelés: indextüske elejéből volt egy kicsi lepattanva, lefenés, csiszolás
04.16. készen van, már csak le kell próbálni",,"SP, BA",8 óra,,,,,,,,
TH0472,0,M22015,2024.04.18.,KP;TV,2024.05.29.,"FT LINE TERMELŐ, SZOLGÁLTATÓ ÉS KERESKEDELMI KFT.",VD-510S,Főorsó,Royal 20.000 RPM,151332,"18000 RPM-nél kézzel érezni, hogy akad","szétszerelés, csapágy csere, összeszerelés, járatás",,"SP, BA",8 óra,,4 db HCB7008-CT4-PSUL csapágy,,,,,,
TH0473,2,M17204,2024.04.22.,TI;SZ,,DOROTI PACK KFT.,MM-800S/MM-850SV,Főmotor,AiS100,CC2-10-2002,"fi-relét leveri, be se indul",,,,,,,,FÉMO,ügyfél cseremotort kapott: CC2-10-5024,,,
TH0474,0,M16285,2024.04.26.,PI;SZG,2024.05.24.,GIA FORM KFT.,VD-510S,Szerszámtár,,,"csigatengelyt csapágyazni kell (kúpgörgős csapágy kell), tárcsaforgató csapágy csere","összes csapágy beazonosítása:
1 db 6002 ZZ C2
2 db 30203 kúpgörgős csapágy
csigatengely vizsgálata","tárforgató AiB2,5 motor ellenőrzése",SP,3 óra,,"Csapágy / RNA4906-XL tűgörgős csapágy,10-00014953-00
2 db Csapágy / 6002-2Z/C2E SKF,10-00014954-00
2 db Csapágy / 30203-A,10-00014955-00
2 db Csapágy / 32009-X-XL,10-00014956-00",,,,,,
TH0475,0,M06118,2024.04.26.,KR,2024.07.23.,MEDIMETAL KFT.,TMV-510,"Körasztal (kicsi, fehér)",,,A hajtás túláram hiba - mérés alapján a motor zárlatos,"a körasztal motorral történő megforgatása után az irányváltási holtjáték beállítása szükséges 
szétszerelés, átvizsgálás, csapágycsere, tömítéscsere, összeszerelés, járatás, irányváltási holtjáték beállítása",A1-4096-os motor tekercseltetése,SP;BA,20 óra,-,"2 db 10-00004501-00 Csapágy / SKF 7201 BEP 
10-00002531-00 Csapágy / 6001 2RSH 
28 x 16 x 7 szimering",,Liker SZR2024/01319 - BET2024/02420,,,,
TH0476,0,M11023,2024.04.26.,TI;G,2024.05.22.,METÁLPLASZT KFT.,EmL-3000,Főorsó,10.000 RPM,SL07 1106037,megszorult,"köszörülés - Spinex
összeszerelés
behúzóerő: 7,6 kN 
szétszerelés, csapágyazás, összeszerelés, járatás",,SP,10 óra,,"4 db FAG HS7014-C-T-P4S-UL
2 db FAG HS7012-C-T-P4S-UL",,Spinex SZR2024_00985 - beérkezett 05.09.,,,,
TH0477,0,M11023,2024.04.26.,TI;G,2024.05.22.,METÁLPLASZT KFT.,EmL-3000,Főmotor,HPB VM100L,11011806B,a főorsó javítással egy időben kérik a főmotor felújítását is,"szétszerelés, csapágyazás, összeszerelés, járatás",,BA,6 óra,,"1 db 6207 ZZ C3 
1 db 6208 ZZ C3 ",,,,,,
TH0478,0,-,2024.04.10.,SZ,2024.04.24.,SANATMETAL KFT.,FX-380,Főmotor,Siemens,,nincs nullimpulzus,"szétszerelés, hézag újraállítás, összeszerelés, járatás",,BA;SP,4 óra,,,,,,,,
TH0479,0,M14106,2024.05.06.,G,2024.08.06.,SCHÖN+SANDT H KFT.,Pinacho ST-180/1000,Revfej,Pragati BTP-50,51646,rossz helyen ül le,"szétszerelés, főtengely átalakítás, összeszerelés, 06.13-án kiküldve Taksonyba",,SP,8 óra,,"PRAGATI / revolverfej tárcsával és szerszámtartókkal / BTP-50-8-R-415V,10-00009025-01",,,,,,
TH0480,2,M19100,2024.05.15.,KP;TI,,RÁK ÉS RÁK BT.,BMC-2012A,Főmotor,AiS132LW08-15H,CC3-10-3003,"folyik belőle az emulzió, a motor visszaszereléséhez új forgóátvezető szükséges (Deublin 1109-023-212), építsünk ki rá WDS szenzort","Megbontás során sok hűtővíz folyt ki a motorból. Újfajta, lapos deklivel volt szerelve, viszont  szórótárcsa nem volt rajta! Egy új állórészt fog kapni, a többi alkatrész az eredeti kerül vissza.",állórész zárlatos,,,,"1 db Deublin 1109-023-212 
1 db WDS",,FÉMO,Ügyfél cseremotort kapott: CC3-10-3009,,,
TH0481,2,M11215,2024.05.16.,G;PI,,FRANK HUNGÁRIA KFT.,EmR-1020D,Főmotor,AiS100LW20H,2012-042,"csapágya beállt, építsünk ki rá WDS szenzort","szétszerelés, tekercselés, csapágyazás, összeszerelés",,SP,8 óra,,"Vízátvezető csonk, forgóátvezető Deublin 1109-020-188, tekercselés, csapágyazás, rugalmas csillag betét",WDS szenzor,FÉMO,Ügyfél cseremotort kapott: CC2-10-5206,,,
TH0482,0,M11215,2024.05.16.,G;PI,2024.06.26.,FRANK HUNGÁRIA KFT.,EmR-1020D,Főorsó,Royal 15.000 RPM,142133,hangos,"kúp állapota rendben van, köszörülés nem szükséges 
szétszerelés, csapágyazás, összeszerelés, járatás",,SP;BA,8+8 óra,,"Tömítés / X 78,74 x 5,33 NBR70 X-gyűrű (4016930090),10-78745337-00
Tömítés / X 81,92 x 5,33 NBR70 X-gyűrű (4016930090),10-81925337-00
Tömítés / X-gyűrű 104,14x5,33 NBR70Shore,10-00082604-00
O 80 x 3 NBR70 (4016930090),10-00080370-00
O 118 x 3 NBR70 (4016930090),10-11826570-10
O 06 x 2 NBR70 (4016930090),10-10006270-00
GY SS01 125 x 115 x 10,5 NBR (39269097),10-12511510-00 
4 db NSK 70BNR10HTV1VDUELP3 csapágy 
5 db főorsó O-gyűrű",,,,,,
TH0483,0,M23046,2024.05.24.,SZI,2024.06.12.,REKARD HAJTÓMŰ ÉS GÉPGYÁRTÓ KFT.,ZFTK-500,Nóniusz,,,eredeti nóniuszról furat átjelölése az újra,,,,,,,,,,,,
TH0484,0,M22222,2024.05.23.,G;ÖZ,2024.09.05.,K-KART spol. s.r.o.,TCS-2000L ,Revfej,TBMA-200,"K56.A200.2141C81.06  
ID No: 18085/2023",ütközés miatt a fejben belső sérülés keletkezett,,,,,,,,06.12. LaVero KIT2024/03517 - 07.23. visszakaptuk,,,,
TH0485,0,,2024.05.29.,PI,,NCT AKADÉMIA,Tomill-220,Főmotor,Lenze MDFKARS071-22,385751,"hangos a főmotor, csapágyas","szétszerelés, csapágyazás, összeszerelés",,SP;BA,8 óra,,"1 db 6004/6204 csapágy
1 db 6005/6205 csapágy",,,,,,
TH0486,2,M15249,2024.05.30.,Futár,,HAJDU AUTOTECHNIKA IPARI ZRT.,EmR-1020D,Főmotor,AiS100LW26H,CC2-10-4035,"főorsó forgásra fázishiba (hajtáson C hiba zárlat a főmotornál,
 grid test (nullimpulzust nem talált)
, Debulinnal,WDS szenzorral",,,,,,Kuplungcsillag,,FÉMO,Ügyfél cseremotort kapott CC2-10-5205,,,
TH0487,0,M10290,2024.05.28.,PI;SZG,2024.08.29.,KOKILLA PREC KFT.,Jinnfa JCL-60-AHD-22,Hajtott szerszám egység,,,"szerszámhajtás része teljesen elhasználódott, szétkopott, kb1 mm lóg a tengely a csapágyban, a szíjhajtás fogaskerék szintén, ennek következtében a mozgat hidraulika tengely tegnap eltörött ","szétszerelés, csapágyak cseréje,engely, retesz, szíjmegvezető csere, összeszerelés, funkciópróba, járatás",,"BA,SP",8 óra,,"2 db Csapágy / 6001 2RS,10-00007251-00 
2 db Csapágy / 61906 2RS,10-00007252-00 
560123130 tengely 
retesz 6 x 50
2 db 70071874 szíjmegvezető perem",,,,,,
TH0488,2,M22015,2024.05.29.,KP;TV ,,"FT LINE TERMELŐ, SZOLGÁLTATÓ ÉS KERESKEDELMI KFT.",VD-510S,Főorsó,Royal 20.000 RPM,151332,"18000 RPM-nél zajos (rezgés 0,6-0,8)","3 mikron lecsiszolva a távtartó gyűrűből, 2 hátsó csapágy csavarrögzítővel beszerelve",,SP,1 óra,,,,,ügyfél csereorsót kapott sn. 161269,,,
TH0489,0,M21200,2024.06.03.,SZ;PI,2024.06.07.,FRIGO-METAL KFT.,VD-510S,Főorsó,Royal 20.000 RPM,151334,"szerszám váltáskor akkorát ránt a gép, hogy elejti a szerszámot - tárbeállítás ellenőrzése: megfelelő, csipesz ellenőrzése, tisztítása: megfelelő, lovas ellenőrzése: megfelelő, minden szerszámhely ellenőrzése, a hiba mindenhol jelentkezik, szerszámoldó kar ellenőrzése: megfelelő, főorsó kiszerelése és elszállítása telephelyi átvizsgálásra és szükség szerinti javításra","szétszerelés, ellenőrzés - hiba nincs, összeszerelés",,SP,2 óra,,,,,,,,
TH0490,0,M20134,2024.06.07.,Ügyfél,2024.07.01.,ALSTOM HUNGARY KFT.,EmB-1300,Főmotor, Baumüller DAF 132 K-23A15-5 ,10800667,"belül  tekercselésnél szikrázik
Árat szeretnénk kérni a motor cserére/felújításra,
tengely átmunkálva D55 ről D48mm-re","szétszerelés, ellenőrzés , tisztítás, csapágycsere,tesztelés.összeszerelés",állórész zárlatos,SP;BA,"4+4 óra
+3 óra Rákosréti",,"Csapágy 6310-0Z 1db
                6312-RS 1db",,Liker SZR2024/01452 - BET2024/02421,,,,
TH0491,0,M05049,2024.06.11.,SZI,2024.07.03.,BELCORD KFT.,TNL-100AL,Főmotor," Baumüller DAF 132 M??? ha nem tudjuk milyen, akkor ne írjunk be hülyeséget, nem egyforma az Alstom motorral!
DAF132 L23A10-5",,"nem lehet nullfeszt beadni, zárlatos","szétszerelés, ellenőrzés , tisztítás, csapágycsere,tesztelés.összeszerelés",állórész zárlatos,SP;BA,"4+4 óra
+3 óra Rákosréti",,"Csapágy 6310-0Z 1db
                6312-2Z 1db",,Liker SZR2024/01452 BET2024/02421,,,,
TH0492,0,,2024.06.17.,Futár,2024.06.20.,SANATMETAL KFT.,FX-380,Főmotor,Siemens 1PH8105-1CS02-3MA1,F7619817002,jeladó hiba,,jeladó csere,,"1,5 óra",,,Jeladó / Lenord&Bauer / GEL2444TN1G3K030-E MiniCoder,,,,,
TH0493,0,M19026,2024.06.19.,PI,2024.07.11.,REKARD HAJTÓMŰ ÉS GÉPGYÁRTÓ KFT.,EPA-320,Meghúzó,Berg ESP 130 FA,70515,"nincs szorító ereje - megszorult, racsnizik","Roszzul voltak a bolygókerekes hajtómű fogaskerekei összeforgatva Ezen kívül kicseréltük az összes rugót, mert már össze voltak nyomódva, a nyomatékhatárolásért felelős két rugó alá már alátét is volt rakva, szorultak a furatukban, nehezen járt A tekercs kivezetésnél nem volt rázsugorozva a bekötés ezért néha leverte a falon a fí relét Mindenhol állt benne a belekövült zsír",,EndrődiG,,,,,06.19-én kiküldve Taksonyba - 07.03-án visszaérkezett,,,,
TH0494,0,M18304,2024.05.13.,TV;KP,2024.06.19.,FÉMO KFT.,SV-10A,Erőfokozó,,,nem akar nyomást előállítani,próba,,SP;BA,,,,,,,,,
TH0495,0,M18304,"2024.05.13.
2024.06.19.",TV;KP,2024.07.15.,FÉMO KFT.,SV-10A,Erőfokozó,,,"nem akar nyomást előállítani, rögzítés nem jó","szétszerelés, tömítéscsere, összeszerelés",,SP;BA,4 óra,,"2 db Tömítés / O-gyűrű 18x2,5 NBR 70 (4016930090),10-00182570-00 
Tömítés / O-gyűrű 70x5,0 NBR 70,10-00082905-00 
Tömítés / Horonygyűrű 18x25x5/5,5 HXHO NBR90,10-00082904-00",,,,,,
TH0496,0,M17237,2024.06.24.,DemjénZ,2024.06.28.,GIA FORM KFT.,MM-850SV,Főmotor,AiS100-LW 26 H főmotor,CC2-10-4016,csapágyas,,,,,,2 db S7208CDGA/HCP4A csapágy,,FÉMO,,,,
TH0497,1,,2024.06.26.,MolnárSz,,NCT Taksony,,Hajtott szerszám,VDI-30,,újra kell csapágyazni,,,,,,"2db S 61906 E TXM A7 csapágy
2db Tömítés/O-gyűrű: 22.5x1.4
1db Tömítés/O-gyűrű: 28x1.7
2db Tömítés/O-gyűrű: 45x1
1db Szimering: 21x15x3",,,,,,
TH0498,0,,2024.06.26.,MolnárSz,,NCT Taksony,,Hajtott szerszám,VDI-40,,újra kell csapágyazni,csapágyazás,,SP;BA,,,"2db 7007 UG/GMP42 csapágy
1db Tömítés/O-gyűrű: 34x2.5
1db Tömítés/O-gyűrű: 5x1,5
1db Tömítés/O-gyűrű: 60x1
1db Szimering: 28x22x4",,,,,,
TH0499,0,M18030,2024.06.28.,Ügyfél,2024.08.08.,FÉMTEK 1971 KFT.,KMC-2622,Szögfej,,,"""A"" tengely ütközés miatt nem tud beülni a Hirth tárcsa fogaiba, pozíció beállítása, a leült fej geometriájának ellenőrzése, 100 mm hosszban 0,6 mm ferdeség, amit nem tudunk beállítani","szétszerelés, tömítéscsere, csapágyazás, fogaskerék csere, összeszerelés",,BA;SP;ÖZ,8+8+23,,"1db Csapágy / 6011    DIN625-1,10-00037144-00
1db tűgörgős kosár K130-137-24 csapágy
6db Tömítés / O-gyűrű 134x3,5 NBR 70,10-00082919-00
6 db Tömítés / Támasztó tömítőgyűrű R9 130x141x4,2 PTFE,10-00082921-00
8 db Tömítés / O-gyűrű 208x3,0 NBR 70,10-00082918-00 
10-00014844-00,Csapágy / S 61906 E TXM P4+ DUL .GMN
2 db fogaskerék - gar",,,,,,
TH0500,0,M14335,2024.07.01.,G,2024.08.01.,AGG MŰHELY KFT.,JSL-32A,Hajtott szerszám,,,túl hangos,"szétszerelés, csapágycsere, tömítéscsere, összeszerelés",,SP;BA,12 óra,,"8 db Csapágy / 7904 CYU/GLP4  NACHI,10-01000405-00
8 db Csapágy / 6000 ZZ csapágy TIMKEN,10-00014842-00
4 db szimering: 32xs24x4",,,,,,
TH0501,2,M16283,2024.07.02.,KP,,KELET-SZERSZÁM KFT.,VD-510S,Főmotor,"SolPower
SVM-75L-30",17022146C1,"csapágyas, zárlatos","szétszerelés, tekercselés, csapágyazás, összeszerelés, járatás",,"SP, BA",16 óra,,2 db 6205 SN24 C3 P5 20.000 fordulatú csapágy,,Liker SZR2024/01698,cserét kapott,,,
TH0502,2,M16283,2024.07.02.,KP,,KELET-SZERSZÁM KFT.,VD-510S,Főorsó,"Royal
162160  20000rpm",,csapágyas,"szétszerelés, takarítás, csapágyazás, tömítéscsere, összeszerelés, járatás",,"SP, BA",10 óra,,4 db 5S-7008UC GD2/GLP4 csapágy,,,cserét kapott,,,
TH0503,2,M16283,2024.07.02.,KP,,KELET-SZERSZÁM KFT.,VD-510S,Szeszámnyitó kar,,,csapágyas,"szétszerelés, csapágycsere, összeszerelés",,BA,1 óra,,"1db  IKO-NAST 20ZZ csapágy
2db IKO RNA49o2 görgős csapágy
2db CFI0VB  csapos csapágy",,,cserét kapott,,,
TH0504,0,M06182,2024.07.01.,SZ,2024.08.15.,METALCONSTRUCT ZRT.,TMV-850A,"Körasztal,fehér",,,Folyik az olaj,"szétszerelés, tömítéscsere, összeszerelés",,BA,6 óra,,"2 db Tömítés / O-gyűrű 95x3,5 NBR 70,10-00953570-00 
2 db Tömítés / X-gyűrű 94,84x3,53 NBR70 (AS568),10-00082932-00
2 db Tömítés / O-gyűrű 55x3,5 NBR 70,10-00005223-00",,,,,,
TH0505,1,,2024.07.01.,SZ,,METALCONSTRUCT ZRT.,TMV-510,"Körasztal,piros",Meca-Divimek DCN100FR,DP 5156,"Szorul, motor zárlatos, csapágyas",,,Muzsek R.,,,70071924-00 csigakerék,,,09.26. csigakerék kiküldve Taksonyba Izeli Józsi bácsinak,,,
TH0506,0,M09191,2024.07.02.,Futár,2024.08.02.,DENTI SYSTEM KFT.,SMART-42,Y szánszerkezet,,,"nem minidg ott áll meg az Y, ahol kellene, van, hogy több tizeddel arrébb, de van, hogy jól áll vissza","szétszerelés, szíjhajtás, szán feszességének vizsgálata: megfelelő, kábelcsere, összeszerelés",mérőléc és a mérőléc kábel korábban ellenőrizve volt,SP; GE,2 óra,,,Kábel LS mérőléchez / 3 méter / ID: 310125-03,,,,,
TH0507,0,M12071,2024.07.12.,G;PI,2024.07.30.,METARAD CNC KFT.,VD-510S,Főmotor,SVM-75L-30,1207095SC,Csapágyazni kell,"motor csapágyazása, járatása, kiegyensúlyozása félkuplunggal, festése 
szétszerelés, tisztítás, átvizsgálás, összeszerelés",,"BA,SP",12 óra,,2 db 6205V csapágy,,,,,,
TH0508,0,M12071,2024.07.12.,G;PI,2024.07.30.,METARAD CNC KFT.,VD-510S,Főorsó,Royal 20.000 RPM,161258,Csapágyazni kell,"törött keresztcsap pótlása (rövid változat)
 takarítás, szétszerelés, felmérés, összeszerelés, rugóköteg javítás",,"BA,SP",16 óra,,"4 db Csapágy / HCS7008-C-T-P4S-UL,10-00037187-00 
93 x 3 O-gyűrű 3 db",,,,,,
TH0509,1,???,2024.07.22.,Benőke,,SZÉV tartalék,VD-510S,Főorsó,Royal 12.000 RPM,391790,"csarnokban évek óta itt van egy dobozban ez a főorsó, a végében lévő keresztcsap, illetve egyéb alkatrészei hiányoznak SZÉV2024-260",,,,,,- 4 db NTN 7008UCG/GNP4 főorsó csapágy,,Spinex SZR2024/01860 - 10.28. visszaérkezett,,,,
TH0510,2,M18235,2024.07.22.,Ügyfél,,JANDEM KFT.,MM-850SV1,Főmotor,AiS100,CC2-10-5029,"megáll a főorsó megmunkálás közben orsó kikapcsolási hibával, S hajtás IGBT hiba van mindig előtte -> víz van a főmotor tetején, Deublin 904-120-188 ",,,,,,Deublin 904-120-188,,FÉMO,Ügyfél csere motort kapott sn: CC2-10-5209,,,
TH0511,0,M18052,2024.07.24.,Taksony,2024.07.29,TRIMBLE HUNGARY KFT.,TCS-1500,Revfej tárcsa,TBHMA-200 VDI40/1/12,,"beletört tájolócsapok kiszikráztatása, pótolni kell benne a csapokat, visszeszerelés új csavarokkal",,,BA,1 óra,,"5 db csap, 12 db M8x60 12.9-es csavar",,Juhász,,,,
TH0512,0,M23044,2024.08.02.,SP;G,2024.08.09.,BKM BUDAPESTI KÖZMŰVEK NONPROFIT ZRT.,MA-1860,Lakatszekrény,,,lakatszekrényből az olaj teljesen elfolyt,"szétszerelés, tömítés gyártás, tömítés beépítés, összeszerelés",,BA,4 óra,,,,,,,,
TH0513,1,M24005,2024.08.05.,Taksony,,BERVINA KFT.,Euroturn12B,Revfej,SAUTER 0.5.474.510,083 148,"karbantartás
⁨M5 menet fúrása nem megy alumíniumba",,,,,,,,,,,,
TH0514,0,M23043,2024.08.09.,SP;G,2024.08.23.,BKM BUDAPESTI KÖZMŰVEK NONPROFIT ZRT.,MA-1860,Lakatszekrény,,,"Nortonszekrényen lévő előtolás kart nehezen lehet átváltani, akadozik, a lakatszekrényből az olaj teljesen elfolyt","szétszerelés, tömítéscsere, összeszerelés",,SP;BA,4 óra,,,,,,,,
TH0515,0,M16075,2024.08.13,Ügyfél,2024.08.29.,HELTI KFT.,EmR-1605B,Szerszámoldó munkahenger,Hao Cheng,,A levegő fent a munkahengernél szelel.,"szétszerelés, átvizsgálás, visszacsapó - kipufogó szelep csere, összeszerelés, próba",,SP,3 óra,,1 db visszacsapó szelep Hao Cheng QE-02/QE-03,,,,,,
TH0516,0,M11215,2024.08.13.,SZ;PI,2024.08.22.,FRANK HUNGÁRIA KFT.,EmR-1020D,Főorsó,Royal 15.000 RPM,142133,hangos,"szétszerelés, bemérés, külső szorítótárcsa illesztése, összeszerelés, járatás",,SP,2 óra,,,,,behúzóerő: 10 kN,,,
TH0517,0,,2024.08.14,SzásziD,2024.08.23.,NCT Taksony,,Főmotor,HPB,,"Holnap beküldünk egy HPB motort takarításra, kiszárításra Smicinek. Hűtővízzel töltöttük fel. Kérem Smici soron kívül csinálja meg.","takarítás, kiszárítás",,SP,2 óra,,féktisztító,,,,,,
TH0518,0,M11110,2024.08.21.,PI,2024.08.30.,TRIMBLE HUNGARY KFT.,VD-510S,Főorsó,ROYAL 12.000 RPM,145161,főorsó hangos - csapágyazni kell,"szétszerelés, csapágycsere, tömítéscsere, pneumatikus csatlakozó csere, szerszámcseréhez kereszttartó  csap csere , összeszerelés, járatás",,G;SP,10 óra,,"2 db O-gyűrű 7,5 x 1,8 
O-gyűrű 5 x 2
 3 db O-gyűrű 90 x 301 
4 db Csapágy / B7008-C-T-P4S-UL, 10-00037188-00
szerszámoldó csap",,,,,,
TH0519,0,M11110,2024.08.21.,PI,2024.08.30.,TRIMBLE HUNGARY KFT.,VD-510S,Főmotor,HPB SVM90L20,11060105I,főorsó hangos,"szétszerelés, tisztítás, csapágycsere, összeszerelés, járatás, egyensúlyozás",,BA;SP,12 óra,,"2 db Csapágy / 6206 T2X2.LLB.C3/ L051QTK  magas fordulatú csapágy NTN,10-10003190-00",,,,,,
TH0520,0,M23104,2024.08.26.,ÖZ,2024.10.15.,VÁG-TECH KFT.,KAFO RV-2622,Szögfej,,,"folyik belőle az olaj: felszerelés után nem folyt, a főorsó megforgatása után tapasztalható folyás, de most máshonnan, mint az első behozatalkor","szétszerelés, tömítéscsere, összeszerelés",,ÖZ,86 óra,,"2 db Tömítés / GY RT10-2 180 x 174 x 4,5 FLON4 (39269097),10-00117256-00 
2 db Tömítés / O-gyűrű 171,04x3,53 NBR 70,10-00082972-00 
8 db Tömítés / Támasztó tömítőgyűrű R9 305x316x4,2 PTFE,10-00083021-00 
8 db Tömítés / O-gyűrű 310x3,5 NBR 70,10-00083022-00",,,,,,
TH0521,0,M10289,2024.08.29.,ÖZ;SZ,2024.11.21.,KOKILLA PREC KFT.,Jinnfa JCL-60-AHD-23,Hajtott szerszám egység,,,"felújítását kérik, hajtott szerszám zörög",,,"BA,SP",8 óra,,"560106670 szerszámhajtó adapter 
henger ház
 dugattyú
tömítés és csavar 
2 db Csapágy / 6001-2RSR mélyhornyú golyóscsapágy, DIN 625-1 ZKL,10-00082900-00",,,,,,
TH0522,0,M11097,2024.09.03.,Ügyfél,2024.10.02.,SANTAVECZ KFT.,TNL-130ADT,Revfej,TBMA-200-12,"K56.A200.2141A21.01
9928/2012
230",Az eszterga reggeli bekapcsolása  után a revolver fej nem áll be pozícióba,"szétszerelés, tömítések cseréje, tárcsa cseréje, csapágyak cseréje, reteszelő csap cseréje, összeszerelés",,BA;SP,24 óra,,"10 db Tömítés / O-gyűrű 13x1,5 NBR 70,10-00022408-00 
Tömítés / O-gyűrű 250x2,0 NBR 70,10-00083001-00 
O 234,63 x 2,62 FPM80 (4016930090),10-23463262-00 
Tömítés / O-gyűrű 180x3,0 NBR 70 (4016930090),10-00180370-00 
Szimering / Radiális tömítőgyűrű 35x47x5  FKM80 (DIN3760A) HUBATA RS VIA,10-00083011-00 
Tartalék / TBMA-200 alkatrészek SZÉV2024-311,10-00025354-00 (- 1 pc short-circuit ring (5), - 3 pcs rollers (23), - 3 pcs cams (5a), - 1 pc rod (?))",,,,,,
TH0523,0,M08011,2024.09.04.,Simoncsik Attila,2024.09.04.,BARABÁS MÉRNÖKIRODA KFT.,TMV-850,Főorsó,,C2700,"A főorsót kiszerelték, hogy átcsapágyazzák, de kiejtették a satuból, így szétesett a rugóköteg. Kérik a rugóköteg visszaszerelését a főorsóba. Beszállítsára került a főorsó, a rugóköteg, valamint a 8 db golyó hiánytalanul.",Behúzószár beépítése,-,ÖZ,4 óra,-,-,-,-,-,,,
TH0524,0,,2024.09.04.,TV,2024.09.25.,VIVBER KFT.,K-HM1060,"Szerszámtár forgató, pozicionáló kilincsmű",,,eltört,"szétszerelés, összeszerelés új tengellyel",,BA,1  óra,,,,,törött alkatrész kiküldve Kun Lacinak 09.19-én,,,
TH0525,0,M10259,2024.09.05.,TI,2024.10.15.,TELUM FÉMIPARI KFT.,EmR-610D-5AX,kéttengelyes körasztal + 2 db erőfokozó,CNCT-200RB,13200CTB005,"""C""-tengely rögzítésekor a burkolat alól folyik az olaj, a fékmunkahengereket gyakran után kell tölteni","szétszerelés, takarítás, tömítések cseréje, 2 db nyomásszabályzó cseréje, irányváltás beállítás, motor csatlakozó csere, összeszerelés, járatás",,BA;SP,16 óra,,"2 db Alapanyag / Vastaglemez adott méretben 20x130x250,10-00004437-00 
4 db O 44 x 3,5 NBR70 (4016930090),10-00443570-00 
4 db Tömítés / O-gyűrű 96x2,0 NBR 70,10-00022404-00 
2 db O 90 x 5,5 NBR70 (4016930090),10-00905570-00 
2 db SNI39 40 x 50 x 06/7 (TTI/L) (4016930090),10-39405006-00 
2 dbTömítés / O-gyűrű 155x5,0 NBR 70,10-00083005-00  
2 db Tömítés / O-gyűrű 115x5,5 NBR 70,10-00180371-00 
2 db Tömítés / O-gyűrű 6,00x2,0 NBR 70,10-00002648-00 
2 db Tömítés / O-gyűrű 192x2,5 NBR 70,10-00180373-00 
2 db Tömítés / O-gyűrű 64,0x3,0 NBR 70,10-00064370-00 
Tömítés / O-gyűrű 196,52x2,62 NBR 70,10-00180374-00  
Tömítés / O-gyűrű 60x2,5 NBR 70,10-00022817-00 
Tömítés / O-gyűrű 11x2,0 NBR 70,10-00011270-00 
2 db Tömítés / Támasztó tömítőgyűrű R9 210x226x6,0 PTFE,10-00083006-00 
2 db Tömítés / O-gyűrű 217x5,0 NBR 70,10-00180375-00 
2 db Kompass APSD-40-1 nyomásszabályzó
2 db O 44 X 3 NBR70 
2 db 90° Intercontec motor csati",,,,,,
TH0526,0,M22142,2024.09.16.,Balogh Józsi,2024.09.18,APTIV,SPEEDHAWK,A. Heinz KG HKP16K500,olajszivattyú,244398,ereszti az olajat,"megbontás, csúszógyűrűs tömítés cseréje, 2 db caapágy átzsírzása, próbajáratás","bekötés, próba","SmiciP, KovácsI",3+1,0,1 db csúszógyűrűs tömítés,-,Bolesza szivattyúl,Garanciális javítás,,,
TH0527,0,M14039,2024.09.17.,TI,2024.09.23.,METARAD CNC KFT.,TNL-100,,munkadarab elkapó munkahenger,,,"szétszerelés, tömítéscsere, összeszerelés",,SP,3 óra,,"Tömítés / Dugattyú tömítés O-gyűrű feszítéssel SIMRIT 32,0x21,0x4,2 PU95-NBR70,10-00083002-00 
Tömítés / Szennylehúzó tömítőgyűrű 16,0x24,0x03/04,5 (fémházas),10-00083003-00
Tömítés / Szennylehúzó tömítőgyűrű 16,0x24,0x4,5/6 (kettős lehúzó),10-00083004-00 
2 db Tömítés / O-gyűrű 28x2,0 NBR 70,10-00028270-00",,Seal Ring,,,,
TH0528,1,M14241,2024.09.26.,Ügyfél,,LEN-POLITEC KFT.,EMR-1604D,Ágymosó szivattyú,Walrus TPH4T2K,CC80C0010DA3ZEW0R00,nem szállít vizet,,,,,,,,,,,,
TH0529,1,M24024 (M07267),2024.09.27.,Taksony,, SPECIAL GRIP HUNGARY KFT. (volt K-KART gép),TMV-1050,Főorsó,,,,"főorsó megbontása, kúp köszörülése",,,,,"5 db Tömítés / O-gyűrű 135x2,0 NBR 70,10-10003247-00 
5 db Pneumatika / Rugós ütköztető elem SCHUNK 0303723,10-00083075-00 
5 db Tömítés / O-gyűrű 133x2,0 NBR 70,10-00083096-00",,Spinex SZR2024_02398 - 10.28. visszaérkezett,,,,
TH0530,0,M15099,2024.09.30.,KP,2024.10.14.,TOP HOLDING ZRT.,EmL-1020B,Főorsó,Royal 10.000 RPM,220128,"behúzóerő mérés 9 kN - rendben, főorsó zajos, tüskével mérve 0,04 ütés 300 mm, tőben belemozdítható 0,04-0,06 mm","szétszerelés, rugóköteg ellenőrzés, csapágycsere, tömítéscsere, összeszerelés, járatás, tőben belemozdítható 0,01 mm maradt (laza volt)",,"SP, BA",16 óra,,"2 pár 10-00002389-00,Csapágy / NSK 7014 CTRDULP3 precíziós orsócsapágy 
4 db O-gyűrű 143 x 3,1 
2 db O-gyűrű 8 x 2",,,,,,
TH0531,0,M22107,2024.10.04.,SZI;TI,2024.10.10.,STX HORSEBOXES KFT.,TCS-2500L,Tokmány,,,"működése nem megfelelő, ropog valami","szétszerelés, ellenőrzés, összeszerelés, hiba nincs",,SP,2 óra,,,,,,,,
TH0532,0,M20016,2024.10.05.,KP;MolnárSz,2024.10.24.,PLASTIC-FORM KFT.,EmR-1200M-4H billenőfejes,Torque motor,,,gyenge,"szétszerelés, átvizsgálás, jeladó fék javítás, tömítések cseréje, tányérrugók cseréje, összeszerelés, járatás, beállítás",,SP;BA; Muzsek René,24 óra,fék tervezés,"3 db Tányérrugó / S4364 71x36x2 mm,10-00020271-00 
1 db Tömítés / O-gyűrű 15x2,0 NBR 70,10-00004575-00 
2 db Tömítés / O-gyűrű 20x2,0 NBR 70,10-00022679-00 
2 db Tömítés / O-gyűrű 70x5,0 NBR 70,10-00082905-00 
3 db Tömítés / Horonygyűrű 14x22x6/7 HXHO NBR N1,10-00008595-00
Kuplung / 1:30A / HEIDENHAIN forgójeladókhoz / ID: 348705-01,21-34870501-00 
Utkozo tartokonzol - Billenofejhez,00-70071955-00 
Fektarcsa sonka,00-70071956-00 
Fékpofa átalakítás,00-20029279-00 
Dugattyúház-(EmR1200-Billenőfejes-fkrendszer),00-20029277-00 
Tárcsa Főorsófék,00-20005944-00",,,,,,
TH0533,0,M08044,2024.10.11.,G,2024.10.15.,STEELFORG KFT.,JCL-60TSM,Hidraulikus tokmánymeghúzó,,,főorsó meghúzó megszorul,"szétszerelés, tisztítás, összeszerelés",,BA,3 óra,,,,,,,,
TH0534,0,M17261,2024.10.16.,KP;SZ,2024.10.29.,SCHUNK HOFFMANN CARBON TECHNOLOGY GmbH,EmR-1604D,Főmotor,AiS100LW26H,CC2-10-4003,csapágyas,"szétszerelés, csapágyazás, forgóátvezető csere, összeszerelés, járatás, beázás elleni védelem kiépítés",,SP,4 óra,,"Deublin 1109-020-188 
WDS 
csapágy",,FÉMO,,,,
TH0535,2,M11045,2024.10.16.,G;TI,,DOROTI PACK KFT.,EmR-610D,Főmotor,AiS100LW26H,2013-063,"csapágyas, zárlatos
10.30-ai mérés alapján a tekercselés rendben van, zárlat nem mérhető. Valamint az Ügyféltől is úgy hoztuk el a motort, hogy még forgott és csak csapágyhangja volt.",cseremotort kap az Ügyfél,,,,,,,FÉMO,,,,
TH0536,0,M14295,2024.10.16.,G;TI,2024.11.07.,DOROTI PACK KFT.,NCTB:1050B,Golyósorsó,,,X tengely servo hiba,,,,,,,,"Szimikron 
SZR2024/02519",,,,
TH0537,0,M04252,2024.10.18.,Nagy Sándor,2024.10.30.,GRUNDFOS MAGYARORSZÁG GYÁRTÓ KFT.,MCD-3000 alaplap fúró,szerszámoldó egység + Deublin 1109-020-188,,,ereszti az olajat,"szétszerelés, köszörülni kell -René megállapítja, mennyit, tömítéscsere, összeszerelés",,Muzsek R.;BA,,,"O 66,34 x 2,62 NBR70 (4016930090),10-66342627-00 
Tömítés / O-gyűrű 55x2,5 NBR 70,10-00022556-00 
KPOR30 55 x 44 x 04,2 PTFE K30 (4016930090),10-30554404-00",,"kiküldve Taksonyba 10.24. 
Taksonyból meghúzó érkezett 10.28. 
Spinex",,,,
TH0538,0,M21200,2024.10.22.,KP,2024.10.29.,FRIGO-METAL KFT.,VD-510S,beragadt szerszám,,,"csattog a szerszámtár - főorsóban lévő szerszám kiszabadítás, 2 db zseb sérült a beragadt szerszám miatt, cserélni kell, főorsó ütés mérés 200 mm 0,015 mm - rendben, behúzóerő mérés 3,4 kN",,,,,,,,,,,,
TH0539,0,M17074,2024.10.24.,Ügyfél,2024.11.21.,STEELFORG KFT.,MM-760,Körasztal,Walter TANIS 125 NEG,2503,Kérnek egy ajánlatot az M17074-es gépen a 4. tengely teljes kiépítésére. Levegő nem fog kelleni a körasztalhoz. A körasztal NCT motorral van szerelve. ,"átvizsgálás, próbajáratás",,SP,2 óra,,,,,,,,
TH0540,0,M16283,2024.10.28.,FejesA;SzilágyiS,2024.11.05.,KELET-SZERSZÁM KFT.,VD-510S,Főmotor,"SolPower
SVM-75L-30",15120138C,testzárlatos,"szétszerelés, csapágycsere, összeszerelés, járatás, egyensúlyozás, tisztítás, szárítás",,SP,12 óra,,"2 db 10-10003191-00 6205 T2X LLB C3 / L051QTK csapágy 
2 db Kompenzációs lemez 52 
4 db O-gyűrű 52 x 2,5 ",,,,,,
TH0541,1,M23045,2024.10.09.,BenedekI;EndrődiG,,GANZ KK KFT.,PSGS-4080AHR,Főorsó,,,csapágyas,,,,,,"2 pár 7210CTRDULP3
 FHD-650iD650-525-HDRC2",,Taksony javítja,,,,
TH0542,0,M19087,"2024.10.30. 
2024.11.07.","TV 
KP;SZI","2024.11.07.
2024.11.15.",SANATMETAL KFT.,EmR-1200M-5HTA billenőfejes,Motororsó,"MICROLAB M4-RMSC-15 CTS emelt teljesítményű (18kW,15.000 ford/perc, ( din40,380V)",,átereszt a munkahenger,"szétszerelés, tisztítás, tömítéscsere, összeszerelés, egyensúlyozás",,BA;SP,22 óra,,"Tömítés / Horonygyűrű 80x90x6/7 NBR90,10-00083070-00 
Tömítés / X-gyűrű 113,89x3,53 NBR70 (AS568),10-00083069-00 
Tömítés / O-gyűrű 121x2,5 NBR 70,10-00083065-00 
Tömítés / O-gyűrű 102x2,5 NBR 70,10-00083066-00 
Tömítés / O-gyűrű 145x2,0 NBR 70,10-00083067-00 
Tömítés / Rúdtömítés S6 112x125x9 NBR,10-00083071-00 

Nem számlázandó:
Tömítés / Rúdtömítés S6 112x125x9 NBR,10-00083071-00 
Tömítés / X-gyűrű 113,89x3,53 NBR70 (AS568),10-00083069-00",,,,,,
TH0543,1,-,2020.,-,,SZÉV tartalék,TMV-850,Főorsó,szíjas 8.000 RPM,C1561,"többször volt donornak használva
szétszerelés, hiányok felmérése",,,,,,,,,,,,
TH0544,0,M14203,2024.11.05.,SZI,2024.11.13.,FINEMATIC SYSTEMS KFT.,GILDEMEISTER CT-40,Menetvágó jeladó + tartókonzol,,,kuplung csere,kuplung csere,,BA,1 óra,,"Szervó tengelykapcsoló 19/2,5-22,9-06H7-08H7 hasított 3 bekezdéses 725.19.2228,00-SZÉVTGK86-00",,,,,,
TH0545,0,M16283,2024.11.05.,FejesA;KP,2024.11.15.,KELET-SZERSZÁM KFT.,VD-510S,Főmotor,"SolPower
SVM-75L-30",15120138C,jeladó hiba,"szétszerelés, állórész csere, csapágy csere, összeszerelés, járatás",,SP,6 óra,,"2 db Csapágy / 6205 T2X.LLB.C3/ L051QTK  magas fordulatú csapágy NTN,10-10003191-00",,,,,,
TH0546,1,M22015,SZÉV raktár,-,,"SZÉV tartalék
(First-Tech VD-510-ről leszerelt)",VD-510S,Főmotor (20.000 rpm),"SolPower
SVM-75L-30",21060515G1,motor készre szerelése,,,,,,,,,,,,
TH0547,0,M20020,2024.11.14.,KP;SZI,2024.11.21.,MST ENGINEERING KFT.,MM-760,Főorsó,8000 RPM,691501A038,"melegszik, zajos","szétszerelés, takarítás, csapágycsere, tömítéscsere, összeszerelés, járatás",,SP,8 óra,,"3 db Csapágy / NSK 7012CTRSULP3 precíziós orsó csapágy,10-00002314-00 
O-gyűrű 6 x 2",,,"5,8 kN meghúzó",,,
TH0548,0,M17267,2024.11.11.,Ügyfél,2024.11.18.,METÁL-CNC 2000 KFT.,EmL-1020B 5TTA,Motor,A6-54-30-EH/M-Z2,995-10-8372,jeladó hiba,"szétszerelés, tömítéscsere, összeszerelés",,SP,1 óra,,O-gyűrű 145 x 2,,,,,,
TH0549,0,M21174,2024.11.18.,G;ZSP,2024.11.25.,FT CNC PRODUKT KFT.,SFM-760,Főorsó,10000 RPM,AI 496511,beállt,"szétszerelés, takarítás, csapágycsere, tömítéscsere, összeszerelés, járatás",,SP,12 óra,,"4 db csapágy 70BR10STVSUELP3
4 db O-gyűrű 114,5 x 3,1 
4 db O-gyűrű 6 x 2",,,"6,7 kN",,,
TH0550,0,M15130 / M07161,2024.11.19.,KP;FejesA,2024.11.28.,SCINTILLA MACHINING KFT.,EML-510-2,Szerszámtár mozgatás munkhenger,,,szerszámcsere elakadás,"szétszerelés, O-gyűrű csere - összeszerelés, próba",,SP,5 óra,,"
2 db Tömítés / Rúdtömítés PSR K50 40x30x7 NBR,10-00083100-00 
2 db Tömítés / O-gyűrű 35x2,5 NBR 70,10-00005340-00 
2 db Tömítés / Szimering / Radiális tömítőgyűrű 20x28x4 NBR70 RS WAO,10-00022829-01
Tömítés / Rúdtömítés PSR K30 16x26x7 NBR,10-00083099-00",,,,,,
TH0551,1,M23162,2024.11.20.,Járat,,NCT Taksony,HURCO VMX-24,Főorsó,,HS201585,"11.20. Kovács Ádám: átvizsgálásra, valamint csapágyak cseréjére. Kérlek nézzük meg a behúzóerőt szétszerelés előtt is.",,,,,,,,,,,,
TH0552,0,M15260,2024.11.21.,KP,2024.11.28.,MST ENGINEERING KFT.,MM-760,Főorsó,8000 RPM,691501A039,irányváltáskor kattogó hangot ad,"átvizsgálás, meghúzó csipesz kiszerelés, O-gyűrűk cseréje, összeszerelés, járatás",,SP,6 óra,,"10 db 10-00022412-00,Tömítés / O-gyűrű 31x2,0 NBR 70
2 db O-gyűrű 20 x 2
2 db O-gyűrű 22 x 2",,,,,,
TH0553,0,M16107,2024.11.25.,PI,2024.12.03.,GRIF-TOOLS KFT.,EmL-1020E,Főmotor,HPB VM100L-54-40-20-12,,beállt,,,,,,,,tisztításra kiküldve Taksonyba,,,,
TH0554,0,M14316,2024.11.26.,PI,2024.12.12.,Contitech Fluid Automotive Kft.,EML-510B,tárforgató motor,,,"szerszámtár hibás, tárforgató motor rossz","nem javítjuk, nem gazdaságos",,,,,,,,,,,
TH0555,0,M11230/M22148,2024.12.11.,TI,2025.02.13.,ALSTOM HUNGARY KFT. ,AXA-VSC-3-5000,tár,,,karforgató hajtómű felújítás megszorul,"Hajtómű szétszerelése, szükséges alkatrészek cseréje.",,Tóth István,16 + 8 óra,,Rendelési lista szerint.,,,,,,
TH0556,0,M14232,2024.12.11.,G,2024.12.18.,DR. VARGA TAMÁS 2007 KFT.,SC-32,Főorsó,,,,Főorsó javítása telephelyen,,Gulyás József,6 óra,,4 db Csapágy / NSK 7012CTRSULP3 precíziós orsó csapágy,,,"SZE: 35105, KIT2025/00196",,,
TH0557,0,M17080,2024.12.10.,KP,2024.12.16.,Győrfi József EV,MM-760,főorsó,,,,"Főorsó javítása telephelyen
szétszedés-bevizsgálás-csapágy zsírozás-o gyűrűcsere-összeszerelés",,"Schmiedmeister 
Péter",4 óra,,"1db O-gyűrű 31x2 
2db O-gyűrű 22x2
2db O-gyűrű 24x2,5",,,,,,
TH0558,0,B7056,2025.01.08.,PI,2025.01.13.,Mediagnost,Kondia B640,Főorsó,8000 RPM,,beállt a főorsó,Főorsó javítása telephelyen,,"Schmiedmeister 
Péter",10 óra,,"2 db 7012 CTRSULP3
2 db 7010 ACDGAIP4
d145x2,5 O gyűrű
56 db d32x16x2 tányérrugó
2 db d24x2 O gyűrű",,,,,,
TH0559,0,M17169,2025.01.16.,G;TI,2025.01.22.,Yonix Trade Kft.,"EmL 800 B, NCT 204",Főorsó,,,fura hang a főorsó felől,Főorsó javítása telephelyen,,"Schmiedmeister 
Péter, Gulyás József",10 + 6 óra (bejáratás),,"88 db tányérrugó 31,5x16x2
4 db csapágy 7012
8 db kis O-gyűrű d30
4 db nagy O-gyűrű 113x3",,,,,,
TH0560,0,M18254,2025.01.20.,ügyfél / KP,2025.03.06.,MST Engineering Kft.,TOPPER-NCT TCS-2000L,refolverfej,TBHMA-200 VDI30,,Olajfolyás,Szétszerelés - átvizsgálás - tömítések cseréje - összeszerelés - beállítás - járatás,,"Schmiedmeister 
Péter, Gulyás József",32 óra,,gyári tömítéscsomag,,,4IT 2025/01573,,,
TH0561,0,M11171,2025.01.21.,FejesA,2025.01.27.,Suban Istruments s.r.l.,EmL-610D SZÍJHAJTÁSÚ{(EmR-610D/1000407;M11171),szerszámoldó munkahenger,"Pneumatic Boosting Cylinder (Hao Cheng Industry Co., Ltd.",,"A szerszámoldás elindul, de rögtön visszaáll alaphelyzetbe.",szerszámoldó javítása a telephelyen,,"Schmiedmeister Péter, Gulyás József",7+5,,"1 db SOLENOID VALVE MVSC-300-4E1 levegő szelep
1 db d90x5,5 O-gyűrű
1 db d96x3 O-gyűrű
1 db 60x3 O-gyűrű
2 db d40x3 O-gyűrű
1 db d14x2,5 O-gyűrű
1 db d50x40x6 karmantyú
2 db d22x14x5 karmantyú",,,,,,
TH0562,0,M12004,2025.01.22.,KP,2025.02.11.,Goodwill-Trade Kft.,EML-1020D,főorsó,Royal 10000 RPM,160499,főorsó kúp üt,"főorsó köszörülés, csapágyazás",,"Schmiedmeister Péter, Gulyás József",14ó,,"4 db 70 BNRIOHTV1VDUELP3 (NSK)
56 db 40x20,5x2,5 tányérrugó
csipes Royal SK 40
5 db 143,1x3,1 O-gyűrű
1 db 10x3 O-gyűrű
6 db 6x2 O-gyűrű
110x1,78 O-gyűrű
8,7 kcs.",,,,,,
TH0563,0,M12004,2025.01.22.,KP,2025.02.11.,Goodwill-Trade Kft.,EML-1020D,szerszámkioldó munkahenger,"HINAKA 
BPF-10U11M110FA
12013014",,A levegő átereszt a hidraulika tartályba.,,,"Schmiedmeister Péter, Gulyás József",6ó,,"2 db 95x3 O-gyűrű
1 db 45x3 O-gyűrű
3 db 40x30x6 karmantyú
1 db Hinaka levegőszelep HNS 523-313-D DC24 V",,,,,,
TH0564,0,M22241,2025.01.23.,Taksony,,"Taksony 
(Heavenly Trade Kft. gépe)",MM-850E (M22241),servo motor,VM100L,S/N: 23020207H1,zörög > Smicinek felújításra,szétszerelés - csapágycsere - összeszerelés - járatás,,Schmiedmeister Péter,8 óra,,"6207 LB - 1 db
6308 LB - 1 db
d72 x 2 O-gyűrű - 2 db
d90 x 2 O-gyűrű - 2 db",,,,,,
TH0565,0,M07334,2025.01.29,TV,2025.02.04.,SOMAPAK KFT.,EmL-610,Főorsó,Royal 8.000 RPM,110926,Rugóköteg rögzítő anya letekeredett.,"Szétszerelés, anya rögzítése, összeszerelés",,S.P,2ó,,,,,,,,
TH0566,0,M07334,2025.01.29,TV,2025.02.04.,SOMAPAK KFT.,EmL-610,Szerszámoldó egység,Hao Cheng,,Nem mozdul a munkahenger,"szétszerelés, tömítéscsere, összeszerelés",,S.P,5ó,,"10-25142205-00	KN/SN25 14 x 22 x 05/06 AU92 MA25 (4016930090)	2	db
10-40500692-00	KN/SN25 40 x 50 x 06/07 AU92 (TTU) (4016930090)	1	db
10-00403070-00	O 40 x 3 NBR70 (4016930090)	2	db
10-00004296-01	Tömítés / O-gyűrű 14x2,5 NBR 90	1	db
10-00005290-00	Tömítés / O-gyűrű 60x3,0 NBR 70	1	db
10-08925770-00	Tömítés / O-gyűrű 89,2x5,7 NBR 70	1	db
10-00005221-00	Tömítés / O-gyűrű 95x3,0 NBR 70	1	db
",,,,,,
TH0567,0,M22087,2025.02.07,TI,2025.03.04.,Mettex KFT.,Dual-65LY,Rev.fej,Barufaldi TBYR-160/bmt55/1/12,17510/2025,Kiemeléskor a rev.fej tárcsa sokat mozdul,"""Javító marni - E.G. intézi""","járatás, bekötés, programozás",T.I.,40 óra,,"2 db Csapágytartozék / AS 3552 axiális csapágy gyűrű INA-FAG,10-00001729-00 
Csapágy / AXK 3552 I axiális tűgörgős csapágy,10-00007243-00 
2 db Csapágy / Csapágy LS 3552 I,10-00007245-00 
2 db Csapágy / 6204 VV CM NSK,10-00007485-00 
Kötőelem / Rögzítőgyűrű tengelyhez 35x1,5 (DIN471A),10-00004393-00 
Tömítés / O-gyűrű 82,22x2,62 NBR 70,10-10014736-00 
Tömítés / O-gyűrű 94,92x2,62 NBR 70,10-10014735-00 
Tömítés / O-gyűrű 133,02x2,62 NBR 70,10-10014734-00 
Tömítés / O-gyűrű 139,37x2,62 NBR 70,10-10014733-00 
Tömítés / O-gyűrű 202,57x5,33 NBR 70,10-10014732-00 
Tömítés / O-gyűrű 37,69x3,53 NBR 70,10-10014737-00 
2 db Tömítés / Szimering / Radiális tömítőgyűrű 20x26x4 Ajakos tömítés,10-00001998-00 ",,,,,,
TH0568,0,M14270,2025.02.06,G,2025.02.12.,TSE MOLD KFT,Deckel DC-70V,Kar forgató munkahengerek,Szerszámváltó kar,,Tömítések elöregedtek.,"szétszerelés, tömítéscsere, összeszerelés",,S.P. ; G.J.; E.G.,8 ó,,"0,1 m 04x1,55 PTFE Bronz
2 db d12x18x0,5 karmantyú
2 db d12x20x04 koszlehúzó
2 db d12x20x05 karmantyú
1 db réz megvezető persely",,,,,,
TH0569,0,M14007,2025.02.11,G,2025.02.19.,STÖBER Hungary Bt,EmL-510B,Főorsó,Royal 12.000 RPM,,Csapágy hiba (zajos),"csapágycsere, bejáratás",,"Schmiedmeister Péter, Gulyás József",10 ó,,"4 db FAG B7008-C-T-P4S-UL
4 db 94x3 O-gyűrű",,,,,,
TH0570,0,M04252,2025.02.13.,SarnovD;PánczélB,2025.02.18.,GRUNDFOS MAGYARORSZÁG TERMÉKGYÁRTÓ KFT.,MCD-3000 alaplap fúró,főmotor,"motor: HDH QAN 200U
jeladó: HDH ROD 426 1024 01-03","motor: S.Nr. 15 361 958 A
jeladó: SN 69 910 512 B","Visít a szíj, ami beleér a főorsó szíjtárcsa szíjterelőbe.","szétszerelés, tisztítás, csapágyak cseréje, összeszerelés, járatás, egyensúlyozás",,Schmiedmeister Péter,16 ó,,"7208 - 2 db
6208 - 1 db
10-26613 - 1 db
10-26616 - 1 db
10-26614 - 1 db
10003190 - 1 db",,,,,,
TH0571,0,M04252,2025.02.13.,SarnovD;PánczélB,2025.02.18.,GRUNDFOS MAGYARORSZÁG TERMÉKGYÁRTÓ KFT.,MCD-3000 alaplap fúró, főorsó,"motor: HDH QAN 200U
jeladó: HDH ROD 426 1024 01-03","motor: S.Nr. 15 361 958 A
jeladó: SN 69 910 512 B","Visít a szíj, ami beleér a főorsó szíjtárcsa szíjterelőbe.","szétszerelés, tisztítás, csapágycsere, tömítések cseréje, összeszerelés, járatás",,Gulyás József,10 ó,,"7012 CTR DULP3 - 2 db
7014 CTR DULP3 - 2 db
d35x2 O-gyűrű - 4 db",,,,,,
TH0572,0,P18001,2025.02.17.,TV,,VESZPRÉMI SZC,MINITURN,főorsó,?,?,"Z tengely szervóhiba,orsó csapágyak rosszak",főorsó felújítása,,"Schmiedmeister Péter, Izeli József",4 ó,,B 72 07-E-T-P4S-UL - 2 db,,,,,,
TH0573,0,P18001,2025.02.17,TV,,VESZPRÉMI SZC,MINITURN,Z jeladó+kuplung,MIKI,ANTIMIK-I-04-2500-5910255,"Z tengely szervóhiba, orsó zajos - jeladó rossz",,,Rákosréti József, 1 ó,,,,,,,,
TH0574,0,M09167/M24097,2025.02.19,TV,2025.02.27.,Nógrád Vármegyei SZC,EmL-610,szerszámoldó munkahenger,Hao Cheng,?,szerszámoldás után a főorsó visszazár,Szétszerelés - tisztítás - tömítéscsere - összeszerelés - próbajáratás,,Schmiedmeister Péter,6 óra,,"2 db karmantyú: d22x14x5
1 db O-gyűrű: d92x3,1
1 db O-gyűrű: d90x6
1 db O-gyűrű: d40x3,1
1 db O-gyűrű: d14x2,5",,,,,,
TH0575,0,M16115,2025.02.19,ÖZ,2023.03.11.,SomaPAK KFT.,EmB-2004D 5TT,főorsó,Royal 10.000 RPM,237870,"Csikorgó hangot adott megmunkálás közben a főorsó és elkezdett ingadozni a fordulat, a kolléga benyomta a vészgombot, a főorsó leállás közben fémes, csikorgó hangot hallatott. Kézzel a főorsót nem tudjuk 90foknál jobban elforgatni semelyik irányba. A géppel ütközés nem történt!",szétszerelés - takarítás - tömítéscsere - csapágyazás - összeszerelés - járatás - próba,,Schmiedmeister Péter,18 óra,,"70 BNR 10 STSUELP3 - 4 db
d114 x 100 x 9 karmantyú - 1 db
d112 x 125 x 8,5 karmantyú - 2 db
d80 x 90 x 6 karmantyú - 1 db
d118 x 3 O gyűrű
9,6 K meghúzó",,,,,,
TH0576,0,M19037,2025.02.20.,SZI,2025.02.21.,HEAVENLY TRADE KFT.,EmB-2004D  1200,forgácskihordó motor,FM E22 RD,A-S10 984,"motor kiépítése jobbos, balos kell",motor átszerelése,,Zsombori Pál,2 óra,,,,,,,,
TH0577,0,M15228/M15232,2025.03.10,TI,2025.03.17.,Best-Tool KFT.,VD-510,Főorsó,Royal 20.000 RPM,,Főorsó beállt,"tisztítás, szétszerelés, csapágyazás, összeszerelés, járatás, egyensúlyozás",,Smici P.,16 óra,,"40 BNR 10STSUELLP3 - 4 db
10-10006139-00",,,,,,
TH0578,0,M15228/M15232,2025.03.10,TI,2025.03.17.,Best-Tool KFT.,VD-510,Főmotor,SVM90L 20.000 RPM,,Csapágyazását kéri az ÜF,"szétszerelés, tisztítás, csapágyazás, összeszerelés, járatás, egyensúlyozás",,Smici P.,14 óra,,"6205 LB - 2 db
forgóátvezető, 10-10005064-00",,,,,,
TH0579,0,M18155,2025.03.11.,SZI,2025.03.28.,Máté-Martenzit Kft.,EmL-1020B 5TT-K,körasztal,GSA CNCT-200R,,"Vezérelt B tengely forgatása megszűnt a szervómotor (NCT AC SERVO MOTOR: A6-54-30-EH/M-=2, sorozatszám: 995-10-8676) tengely törése miatt.",szétszerelés - bemérés - átalakítás - összeszerelés - beállítás - járatás,,Smici P.,10 óra,,,"NCT AC SERVO MOTOR: Ai8-54-30-EH/M-Z2, Nr D94-10-10173",,,,,
TH0580,0,?,2025.03.03.,?,,Taksony  ,SAUTER CT60,revolverfej,0.5.473.225,067 332,felújításra küldték Taksonyból,tisztítás - szétszerelés - hibafelmérés - alkatrész rendelés - forgószerszám átalakítás - tárcsaköszörülés - indexáló tüske csiszolás - összeszerelés - járatás,,Smici P.,36 óra,,"tömítéskészlet
3 db rugó
3 db kúpos tüske
1 db hűtővíz átvezető (saját gyártás)
12 db vízátvezető csapszeg",,,,,,
TH0581,0,M14252,2025.03.03,SZI,2025.03.10,KOKILLA PREC KFT.,HT 76DT,Fékező egység,,,Fékből folyik az olaj,"Szétszerelés, tömítések cseréje, összeszerelés, funkciópróba",,Smici P.,6 óra,,"10-15187000-00 15x1,8 NBR70 1db
10-00172570-00 17X2,65 NBR70 1db
10-00108523-00 Gumi/O-gyűrű 73x3,55 NBR70 2db",,,,,,
TH0582,0,M11357/M06079/M19095,2025.03.25.,G,2025.06.18.,Magyarmet Kft.,GD-5DT,revolverfej,TBMA 200 12 (Baruffaldi),Kr56.A200.2141A21.01,szórja a méretet,"takarítás, szétszerelés, hibafelmérés, szerszám készítés, összeszerelés, beállítás, járatás",,Smici P.,32 óra  + 4 elektromos,,"6205 2Z 1 db 
6203 2Z 1 db
tömítőgyűrű készlet
160 x 80 x 9,5 tányérrugó
TS200 tűgörgős csapágy 3 db 
kiemelő tárcsa 1 db",,,,,,
TH0583,0,M19037,2025.03.28.,BánszkiS,2025.04.03.,HEAVENLY TRADE KFT.,EmB-2004D,NCT 3-motor,AiS100-LW 15 H (Y),CC2-10-5022,"zárlatos, csapágyas, beázott","Szétszerelés, takarítás, bevizsgálás, tekercselés, csapágycsere, forgó átvezető cseréje, összeszerelés, járatás, egyensúlyozás.",,Smici P.,16 óra,,"2 db 7208 csapágy
1 db forgó átvezető
tekercselés",,,,,,
TH0584,0,M08136,2025.04.03.,KT,2025.04.08.,Dendrit Mentor Kft.,EmL-610,szerszámoldó munkahenger,Hao Cheng munkahenger,0554 00.1-00/7089,szerszámoldás hiba,"szétszerelés, tiszttás, tömítések cseréje, összeszerelés, járatás, próba",,"Budai A.
Smici P.",4+4 óra,,"d90x5,5 O-gyűrű - 1 db
d95x3 O-gyűrű - 1 db
d96x2 O-gyűrű - 1 db
d14x2,5 O-gyűrű - 1 db
d14x21x5 karmantyú - 1 db
d40x50x6 karmantyú - 1 db
d14x22x5 karmantyú - 2 db
1/4""/8-as könyök levegő csatlakozó",,,,,,
TH0585,0,M15218,2025.04.02.,ügyfél,2025.04.22.,Csaba Metál Zrt.,KMC-3127,szögfej ,AU-3,116,bevizsgálás,"Fej szétszerelése, működés ellenőrzése, tömítés és csapágycsere, összeszerelés.",,Ömböli Zoltán,7+6+4 óra,,"130x3 O-gyűrű - 2 db
FAG B71906-E-T-P4S-UL csapágy - 2 db",,,,,,
TH0586,0,M11023,2025.04.08.,SZI,2025.04.14.,Metálplaszt Kft.,EmL-3000 CNC,AC szervómotor,VM100L,11011806B,Túláram hiba miatt megégett a kondenzátor és a kötő doboz.,szétszerelés - járatás - egyensúlyozás,sorkapocs csere - kondenzátor csere - bekötés,"Budai A., Smici P.
Tóth V., Rákosréti J.","4 óra elektromos munka
6 óra mechanikus munka",,,sorkapocs - kondenzátor,,,,,
TH0587,2,M23148,2025.04.14.,ügyfél Del.Note TFSM 6101/10.04.2025,,TF Service Impex S.R.L.,EmR-1200D,főorsó motor CNC EmL-1200 E,"NCT 3~MOTOR, AiS 132-LW 08-15 H (D és Y)",2013-072,probléma az orsó illesztő programjával,,,,,,,,,,,,
TH0588,0,M23110,,,,"NCT Zrt.
(korábbi tulajdonos: VÁG-TECH KFT.)",EmL-610,főorsó,Royal 8.000 RPM,106237,főorsó átvizsgálása és felújítása,szétszerlés - tisztítás - csapágyazás - összeszerelés - járatás,,"Smici P., Budai A.",8 + 8 óra,,"4 db 7012 CTR SULP 3
1 db d 109,1 x 3,1 O-gyűrű
Royal DIN 40 csipesz
szíjtárcsa
88 db tányérrugó, d 32 x 16 x 1,9
d 85 x 55 x 60 szíjtárcsa
5 db d 5 x 1,5 O-gyűrű",,,,,,
TH0589,0,M06270,2025.04.16.,BA,2025.05.26.,NIVELCO ZRT.,TNL-130ADT,főorsó,,B2226,főorsó fordulatszám hiba,szétszerelés - takarítás - csapágycsere - összeszerelés - járatás - egyensúlyozás - csapágyak utánállítása - tokmány tisztítás - javítás - beállítás,,"Smici P., Budai A.",2*20 óra,,"NN 9026 KR - 1 db (csapágy belső gyűrű, kúpos)
NN 3026 - 1 db (csapágy külső gyűrű)
NN 3024KR - 1 db (csapágy belső gyűrű, kúpos)
NN 3024 - 1 db (csapágy külső gyűrű)
BTM 130B - 2 db
210*6 O-gyűrű - 1 db
185*5,5 O-gyűrű - 1 db",,,,,,
TH0590,0,M06184,2025.04.30.,G,2025.05.29.,GYÁNTI FORM KFT. GYÁNTI ISTVÁN,K-A6,főorsó,Kondia (640??),,Bejelentés: a főmotor hangos. Beállt a főorsó.,tisztítás - szétszerelés - csapágyazás - összeszerelés - járatás - egyensúlyozás,,"Smici P., Budai A.",8 + 8 óra,,"2 db 70 BNR 10 HTSULP 3
2 db 60 BNR 10 HTSULP 3
1 db 150 x 2,5 O-gyűrű
1 db 124 x 2,5 O-gyűrű
menesztő",,,,,,
TH0591,0,M15218,2025.04.22.,TV;ÖZ,2025.04.29.,Csaba Metál Zrt.,KMC-3127,szögfej ,AU-3,116,Rossz a geometria,Geometria beállítása.,,Ömböli Zoltán,4 óra,,,,,,,,
TH0592,0,M18243,2025.05.22.,KP,"2025.05.26.
2025.05.28.",Petrus Kft.,MXS-650,NCT 3-motor (főmotor),AiS 100-LW 15 H (Y),CC2-10-5015,Csapágyas. Víz is van benne??,szétszerelés - tisztítás - csapágycsere - összeszerelés - járatás - egyensúlyozás,,Budai A.,16 óra,,"2 db 10-10012238-00 forgóátvezető
2 db 1/2 / 12 L csatlakozó
vízérzékelő + burkolat",,,,,,
TH0593,0,M07115,2025.05.28.,ügyfél,2025.08.01.,Tevill Kft.,EML-1300,Golden Sun körasztal,CNC-251 R ,625491,"Van némi holtjátéka, ezt kell javítani és egy általános karbantartást is kérnek (olajcsere, stb).","szétszerelés, átvizsgálás, tömítéscsere, összeszerelés, Harting szerelés, járatás",,"Smici P., Budai A., Kovács I.,
Tóth V.",11 óra,,"O 190 x 5
O 90 x 5
O 110 x 5 
CM10-0,14 jeladó anya 15 db 
CM10-2,5 motor anya 5 db 
Harting jeladó aljzat 3 db (20-1025)
Harting motor aljzat (20-1023)
Harting (20-2467-10)",,,,,,
TH0594,0,M23104,2025.05.30.,KP,2025.06.05.,Vág-Tech Kft.,KAFO-NCT RV-2622,főmotor,VM132M,S/N: 21040606B1,zörög a hátulja,"szétszerelés - csapágycsere 6307 V - O-gyűrű d 80x 3,1 csere - összeszerelés - járatás",,Smici P.,8 óra,,"1 db 6307 V
2 db O-gyűrű d 80 x 3,1",,,,,,
TH0595,0,M19023,2025.06.10.,G,2025.08.11.,NIVELCO ZRT.,TCS-2500L,revolverfej,Baruffaldi TBHMA 200 12; DSC-10/20-RE,K56.A020.2141C81.06; 16210/2021,forgószerszám forgatás elakad,"szétszerelés, takarítás, átvizsgálás, felmérés, alkatrészek cseréje, összeszerelés, beállítás, járatás",,"Smici P., Budai A.",24 óra,,"2 db Csapágy / 16004 SKF,10-00010514-00 
BARUFFALDI TSMA200 CENTRAL GEAR (TBMA*) / 36.0200.019.06,10-00028365-00 
BARUFFALDI TBMA200 INTERMEDIATE GEAR / 56.0200.014.01,10-00027365-00 
Tartalék / TBHMA 200 12 revfejhez teljes gumitömítés készlet,10-00025410-10",,,,,,
TH0596,0,M23104,2025.06.10.,KP,2025.07.22.,Vág-Tech Kft.,KAFO NCT RV-2622,tartományváltó,,"3176030225
2307128-04 KAFO
20230809",zajos a tartományváltó > darálta a fogaskereket,"szétszerelés, átvizsgálás, fogaskerekek, bordástengely csere, összeszerelés, járatás, beállítás",,"Smici P., Budai A.",24 óra,,"1014 CC1P4 csapágy
1014 BKR P4 csapágy 
fogaskerék - bordástengely készlet",,,,,,
TH0597,0,M15247;M08223,2025.06.12.,ügyfél,2025.06.17.,Hajdu Autotechnika Ipari Zrt.,EmB-1600,erőfokozó munkahenger,,,,takarítás-szétszerelés-tömítések cseréje-összeszerelés-járatás,,B. Attila.,9 óra,,"90,2x2   1db
40x3    2db  10 403070
95x3   1db  10-5221
60x3  1db  10 5290
14x2,5   1db  104296-01
89,2x5,7   1db   1008925770.00
14x22x5   2db   1025142205-00
40x50x6   1db   104050069200",,,,,,
TH0598,0,M14232,2025.06.23.,G,2025.07.31.,DR. VARGA TAMÁS 2007 KFT.,SC-32,tokmány meghúzó,,,,"szétszerelés, a végén a menetes rész törött, így nem javítható, selejt",,SP;BA,2 óra,,,,,,,,
TH0599,0,M09069,2025.06.30,SZI,2025.07.11.,Dinas,Scharmann,X motor,Ai50 spec tengely,,"Szaggat, jeladó hiba, túláram","szétszerelés, tisztítás,  átvizsgálás, összeszerelés","bemérés, átvizsgálás, jeladócsere, beállítás, járatás",SP;RJ,6+4 óra,,,ERN 1326 TTL 574 485-03 sn. 645 427 264 A,,,,,
TH0600,0,M14295,2025.06.27,KT,2025.07.01,DOROTI PACK KFT.,NCTB-1050,X motor,Ai8-54-30-EH,C94-10-10641,"zárlatos, Beázott","szétszerelés, tisztítás,  átvizsgálás, összeszerelés, járatás",jeladó bevizsgálás,SP;RJ,6+4 óra,,,ERN 1326 TTL 574 485-03 sn. 643 667 130 A,,,,,
TH0601,0,M18247,2025.07.03.,G,2026.07.10.,K-KART spol. s.r.o.,KFO-650DD,Főmotor,AiS100,CC2-10-5018,zárlatos,"szétszerelés, csapágycsere ,Deublin csere, WDS szerelés",,SP;BA,12 óra,,"Forgócsatlakozó / Deublin (1114-020-188) forgócsatlakozó,10-00017845-00 
WDS, 2 db 7208 csapágy",,Liker,cseremotor: CC2-10-5216,,,
TH0602,0,M14240,2025.06.12.,G,2025.07.07.,SPILLER 2000 KFT.,SMART-30,Motororsó,"AMS112MW20-A2-5/32(9,5kW;45Nm;27A);Smax:6000",,csapágyas,"szétszerelés, tisztítás, csapágyak cseréje, összeszerelés, járatás ",,SP,12 óra,,"1 db Csapágy / N1012-D-K-TVP-SP-XL,10-00005485-00 
1 pár Csapágy / 7018 A5TRDULP3-NSK,10-00016906-00",,,,,,
TH0603,0,M09150,2025.06.16.,KP,2025.07.11.,AMSY JELÖLÉSTECHNIKA KFT.,MM-800,Főorsó,,,csapágyas,"szétszerelés, takarítás, csapágyazás, meghúó szétszerelés, összeszerelés, járatás, egyensúlyozás, 6,5 kN",,SP,14 óra,,"2 db Csapágy / B7012-C-T-P4S-UM pracíziós orsócsapágy FAG,10-00016990-00 
2 db Csapágy / B7010-C-T-P4S-UM pracíziós orsócsapágy FAG,10-00016991-00 
4 db 134,4 x 3,1 O-gyűrű ",,,,,,
TH0604,0,M09069,2025.07.16,ügyfél,2025.07.21.,Dinas,Scharmann,X motor,Ai50 spec tengely,,,"szétszerelés, tekercselés, összeszerelés, járatás",,SP;RJ,5 óra,,tekercs,,,,,,
TH0605,0,M07399;M18018,2025.07.22.,KP,2025.07.23.,PETRUS IPARI KERESKEDELMI ÉS SZOLGÁLTATÓ KFT.,EmL-610,szerszámoldó munkahenger,Hao Cheng 3500 kg,,visszanyit,"szétszerelés, tömítéscsere, összeszerelés, nyomáspróba",,BA,6 óra,,"O 90 x 3
O 95 x 2
O 60 x 3 
O 14 x 2,5 
2 db O 40 x 3 
O 90 x 5,5 
2 db O 14 x 22 x 5
O 40 x 50 x 6",,,,,,
TH0606,0,M07006,2025.08.04.,KP,2025.08.27.,TECHSZERVIZ KFT.,EmL-610L,szerszámoldó munkahenger,,,"nem tartja a nyomást, nyitás után rögtön visszazár","szétszerelés, takarítás, tömítés csere, összeszerelés, járatás, próba",,BA,10 óra,,"O 90,2 x 3 
2 db O 40 x 3
O 95 x 2
O 60 x 3
O 14 x 2,5
O 89,2 x 5,7
2 db O 14 x 22 x 5
O 40 x 50 x 6",,,,,,
TH0607,0,M20098,2025.07.29.,KP,2025.08.14.,METAL-99 KFT.,EmL-610HS (MM-850E),főmotor,AiS100LW15-26H(D),CC2-10-5050,zajos,"szétszerelés, csapágyazás, összeszerelés",,SP,16 óra,,"2 db Csapágy / SKF S7208 CDGA/HCP4A precíziós golyóscsapágy,10-10012238-00, jeladó alu dekli",,,,,,
TH0608,2,17009,2025.08.07.,G,,K-KART spol. s.r.o.,TMV-1050,X motor,A12-54-20-EH/4096,740-2995,"beázott, testzárlatos",,,,,,,,Liker SZR2026/00176 - 04.21. BET2026/01387,,,,
TH0609,2,M030044,2025.08.08.,SZI,,METALCONSTRUCT ZRT.,K-B640-2,Y motor,A9-54-30-EH/4096 Z,0121-762,zárlatos (beázott),,,,,,,,Liker SZR2026/00176 - 04.21. BET2026/01387,csere motort kapott: A9-54-30-EH/4096-Z2 sn.: 432-1407,,,
TH0610,0,M18254,2025.08.13.,KP,2025.10.06.,MST ENGINEERING KFT.,TCS-2000L,Revfej,TBHMA 200,K56.A020.314 C81.10F,hajtott szerszám hűtőkörénél folyik az olaj a revfejből,"szétszerelés, lézer hegesztés (külsős munka), összeszerelés, járatás, beállítás",,SP;BA,24 óra,,"Hidraulika / TN119-08L L-idom rögz.holl. 08L-M14x1,5(TN119-08L),10-10052819-00 
Hidraulika / TN92GG egyenes csőcsavarzat M14x1,5 / BSP 1/8""(TN92GG-08LR18),10-10082515-00 
Hidraulika / TN98R Egyenes KK váltó adapter M12x1,5/M14x1,5 (AKK-M1214),10-00003829-00 
Hidraulika / TN498 egyenes összekötő rögz.holl. O-gyűrűvel 06L - M12x1,5(GZ-06L),10-00026002-00",,Budai Benefit Kft. revfej tárcsa javítás 63500 HUF BET2025/02999,,,,
TH0611,0,M23177,2025.08.13.,G,2025.09.29.,ARZENÁL FEGYVERGYÁR ZRT.,DUAL-65LY,Revfej,TBYR160,K79.A160.210C405.06,"revfej előreforgatáskor 3-400% áramterhelés lép fel -> Z tengely servo hiba, közben morgó hang hallható, a revolverfej teljes mechanikai vizsgálata szükséges","szétszerelés, átvizsgálás, tömítések cseréje, motor csere, összeszerelés, járatás",,BA,16 óra,,"Tömítés / O-gyűrű 82,22x2,62 NBR 70,10-10014736-00 
Tömítés / O-gyűrű 74,6x3,53 NBR 70,10-00180420-00 
Tömítés / O-gyűrű 37,69x3,53 NBR 70,10-10014737-00 
Tömítés / O-gyűrű 53,64x2,62 NBR 70,10-00180421-00 
Tömítés / O-gyűrű 202,79x3,53 NBR 70,10-00082630-00 
O 142,47 X 3,53 NBR70 (4016930090),10-14247353-00 
Tömítés / O-gyűrű 138x2,5 NBR 70,10-00180423-00 
Tömítés / O-gyűrű 140x2,5 NBR 70,10-00022436-00 
Tömítés / O-gyűrű 94,93x2,62 NBR 70,10-00180424-00 
Ai2,5-54-40-EH/M-Z3 DA1-10-10826",,,,,,
TH0612,0,M23104,2025.08.15.,Ügyfél,2025.08.27.,VÁG-TECH KFT.,RV-2622,Forgótámasz,GSA TS-C310SP/H,,"""A"" tengely nyomó támaszát nem tudjuk elforgatni - a fék rendszer kiszerelése után sem mozdítható","szétszerelés, zsírzás, összeszerelés",,BA,2 óra,,,,,,,,
TH0613,0,M10119/M13263,2025.08.15.,KÁ,2025.09.29.,K-KART spol. s.r.o.,EmR-1200D,Főorsó,8.000 RPM,125597,főorsó teljes felújítása köszörüléssel,"tisztítás, szétszerelés, köszörültetés, csapágyazás, belső távtartó gyűrű gyártás, összeszerelés, járatás",,SP,16 óra,,"2 pár Csapágy / NSK 7014 CTRDULP3 precíziós orsócsapágy,10-00002389-00 
2 db Tengelykötés / KLNN040 40x45,10-00015233-00 
Köszörülés / SK30/SK40 marógép főorsó javítása (köszörülése),00-fokösz01-00 
4 db 10-13940310-00,O 139,40 x 3,10 NBR70 (4016930090)",,Spinex SZR2025/02030 - BET2025/02893,,,,
TH0614,0,M10217/M23079,2025.08.18.,Ügyfél,2025.09.09.,NEFAB THERMOFORMING HUNGARY KFT.,MM-760,Főmotor,VM100L,17071215H,csapágyas,"tisztítás, szétszerelés, csapágyazás, összeszerelés, járatás",jeladócsere,BA;SP,10 óra,,"6207 V csapágy
6308 V csapágy 
2 db 90 x 3 O-gyűrű 
2 db 72 x 3 O-gyűrű",Tamagawa 1024,,,,,
TH0615,0,M24024,2025.08.18.,KÁ,2025.10.20.,SPECIAL GRIP HUNGARY KFT.,TMV-1050A,Tármozgató motor+hajtómű,M3T2044004XHL,,tárhajtó görgők töröttek,"motorcsere, csapágycsere",,BA,6 óra,,"10-00016972-00,Tartalék / TMV-1050A Főmotor 
2 db Csapágy / KR-16 Vezetőgörgőscsapágy INA-FAG,10-00037977-00",,,,,,
TH0616,0,M22202,2024.12.03.,TV,2025.08.29.,PLASMA-TECH SYSTEMS KFT.,EMB-1604,Hátsó forgácskotró motor,FM-EC2,,tekercselésre,"szétszerelés, tekercselés, csapágycsere, összeszerelés",,SP,6 óra,,2 db 6202Z csapágy,,Liker SZR2024_02972,J09311,,,
TH0617,0,M19004,2025.08.29.,KP,2025.09.24.,PETRUS IPARI KERESKEDELMI ÉS SZOLGÁLTATÓ KFT.,BMC-2015-5AX,tubus/motororsó,H6161H1768 2019020164,609V816,"szerszám rögzítés hiba, szerszámoldás rugók összetörve, ház sérült","szétszerelés, szerszám lazító munkahenger csere, összeszerelés, beállítás, próba",,SP,20 óra,"alkatrész rajz készítése 1,5 óra","5 db O 11 x 1,5 NBR70 (4016930090),10-00111570-00 
Tömítés / O-gyűrű 40,0x2,80 NBR 7,10-00180418-00
Tartalék / HSD henger alkatrész ES510 A63 / H6202H0152,10-00029480-00",,,,,,
TH0618,0,M19073,2025.09.01.,KÁ,2025.11.07.,NIVELCO ZRT.,DUAL-65,hajtott szerszám egység,,,Revolverfej leültetés hiba,"szétszerelés, csapágycsere, biztosító gyűrű csere, összeszerelés",,BA,4 óra,,"1 db Kötőelem / rögzítőgyűrű kétfordulatú DNS-19,10-00016975-00 
1 db Csapágy / 51106,10-00015141-00
1 db Csapágy / 6006 C FAG,10-10001234-00
1 db Csapágy / F5-12 EZO,10-10013235-00
1 db Kötőelem / Rögzítőgyűrű furathoz 14x1,0 (DIN472J),10-10009806-00
1 db Csapágy / 618/7 SKF,10-10013236-00",,,,,,
TH0619,0,M18248,2025.09.01.,KP,2025.09.24.,LOSONCZI KFT.,MXS-300MT,főmotor,AiS100LW15-26H(D),CC2-10-5034,"zajos, forgóátvezető átenged, cserére szorul","takarítás, szétszerelés, csapágycsere, Deublin csere, összeszerelés, járatás",,BA;SP,10 óra,,"Forgócsatlakozó / Deublin (1114-020-188) forgócsatlakozó,10-00017845-00 
2 db 7208 CD-R2 csapágy",,,,,,
TH0620,0,M16283,2025.09.02.,G,2025.09.12.,KELET-SZERSZÁM KFT.,VD-510S,főmotor,SVM-75L-30,17022146C1,csapágyas,"tisztítás, szétszerelés, csapágyazás, összeszerelés, járatás, egyensúlyozás",,SP;BA,10 óra,,"4 db 52 x 3 O-gyűrű 
2 db 6205 LB csapágy",,,,,,
TH0621,0,M16283,2025.09.02.,G,2025.09.12.,KELET-SZERSZÁM KFT.,VD-510S,főorsó,Royal 20.000 RPM,145153,csapágyas,"tisztítás, szétszerelés, csapágyazás, összeszerelés, tisztító levegő átvezető javítás, járatás",,SP,12 óra,,"3 db 84,8 x 3 O-gyűrű 
4 db Csapágy / HC7008C.T.P4S.UL FAG csapágy, 10-00000365-00",,,,,,
TH0622,0,M06268,2025.09.08.,G,2025.09.30.,EL-ZET spol sr.o.,TNL-100ALDT,főmotor,DAF 132 L-23A10-5,10701925,csapágyazás,"tisztítás, szétszerelés, csapágycsere, összeszerelés, járatás",,SP,12 óra,,"Csapágy / 6312 2Z/C3 NACHI, 10-10002846-00 
Csapágy / 6310 ZZ *SKF csapágy,10-00028757-00",,,,,,
TH0623,0,M06268,2025.09.08.,G,2025.09.30.,EL-ZET spol sr.o.,TNL-100ALDT,főorsó,,B2235,rossz felületet gyárt és hangos - csapágyazás,"szétszerelés, csapágycsere, beállítás, összeszerelés, járatás",,SP,16 óra,,"Csapágy / NN3017 KTN9 SKF,10-00037890-00
1 pár Csapágy / 100BAR10ETYNDBLP4A,10-00023765-10 
Csapágy / NN3020-D-K-TVP-SP-XL Kétsoros hengergörgős csapágy (DIN5412-4) FAG,10-00037200-00",,,,,,
TH0624,0,M06268,2025.09.08.,G,2025.09.30.,EL-ZET spol sr.o.,TNL-100ALDT,meghúzó,Auto Strong M1552,701375,"gyenge, tömítéseket, karmantyút, csapágyazást ellenőrizni","szétszerelés, tömítések cseréje, összeszerelés, próba",,BA,8 óra,,"O 145 x 5,5 
O 145 x 3,5 
O 70 x 6
2 db O 60 x 3
8,5 x 2",,,,,,
TH0625,0,M16283,2025.09.15.,KP,2025.09.16.,KELET-SZERSZÁM KFT.,VD-510S,szerszámoldó kar,,,csapágyai cserére szorulnak,"kiszerelés, csapágyak cseréje, összeszerelés, beállítás, járatás",,SP,3 óra,,"Csapágy / NAST 20 ZZ,10-00014845-00
2 db Csapágy / RNA4902-XL tűgörgős csapágy INA,10-00014902-00
2 db Csapágy / vezetőgörgő KR22-PP-A INA,10-00016965-00",,,,,,
TH0626,0,M14057,2025.09.16.,G,2025.09.23.,DUNA PRECIZIÓS KFT.,MM-760,főorsó,Cells 8.000 RPM,691405A027," 0,03 kottyan","csapágyazás, járatás",,SP,12 óra,,"Csapágy / NSK 7012CTRDULP3 precíziós orsó csapágy pár,10-00002388-00 
Csapágy / 7012 CTRSULP3 NSK,10-00002353-00 
1/8"" 90° pneumatikus csatlakozó 8-as",,,,,,
TH0627,0,M16283,2025.09.18.,KÁ,2025.09.25.,KELET-SZERSZÁM KFT.,VD-510S,főmotor,SVM-75L-30,17022146C1,"S hajtás jeladó hiba, orsóhajtás üzemkészség hiba, orsó kikapcsolási hiba",,"olvasófej csere, teszt max fordulaton",RJ,3 óra,,,Tamagawa olvasófej TS5291 N100,,,,,
TH0628,2,M11230/ M22148,2025.09.22.,KP,2025.10.07.,ALSTOM HUNGARY KFT. ,AXA-VSC-3-5000,főmotor,Siemens 1 PH7133-2NG02-OBJ3,,meghajtó tengelye eltört,,,,,,,,,csere motor: VM-132M sn: 211130421,,,
TH0629,0,M10119/M13263,2025.09.29.,KÁ,2025.10.06.,K-KART spol. s.r.o.,EmR-1200D,Főorsó,8.000 RPM,125597,"a javított főorsó beszerelése során kiderült, hogy a két kuplung összeér, nem lehet rajta állítani",kuplung tengely újra beállítása,,SP,1 óra,,,,,,,,
TH0630,0,M18169,2025.10.01.,KÁ,2025.10.21.,MAGYARMET KFT.,MXS-650DD,főmotor,AiS100LW-15-26H(D),CC2-10-4029,"hangos, orsóhajtás üzemkészség hiba",csapágycsere,,SP;BA,6 óra,,"4 db Csapágy / SKF S7208 CDGA/HCP4A precíziós golyóscsapágy,10-10012238-00 
10-00017845-00 Forgócsatlakozó / Deublin (1114-020-188) forgócsatlakozó",,,,,,
TH0631,0,M10119/M13263,2025.10.06.,KÁ,2025.10.09.,K-KART spol. s.r.o.,EmR-1200D,Főorsó,8.000 RPM,125597,a szerszám rögzítés nem működött megfelelően,szerszám behúzó csipesz távtartó gyűrű esztergálása,,BA,1 óra,,,,,,,,
TH0632,0,M14066,2025.10.09.,KÁ,2026.01.05.,BIOTECH HUNGARY KFT.,DK-7732F,huzalvezető konzolok,,,"görgők kopottak, össze van rozsdásodva","szétszerelés, tisztítás, alkatrészek cseréje, festés, összeszerelés",,BA,24 óra,,"Tartalék DK-7732F huzalszikra javítócsomag  M14066,10-00025874-00
2 pár DIA 40 Copper pulley 
4 pár Assembly Arrange Pulle 
4 db Bearing 
4 db carbide block 
2 db Ruby Stick 
2 pár Flushing board with nozzel 
2 db carbide holder 
2 set connection bar with bearing 
2 set Bearing holder for taper device included bearings 
2 db Ruby stick holder No ruby stick 
2 db Csapágy / 619/9-2Z mélyhornyú golyóscsapágy, DIN 625-1 SKF,10-00016057-10 
2 db Csapágy / 699 ZZ EZO,10-00037453-00 
4 db Csapágy / 609-2Z mélyhornyú golyóscsapágy, DIN 625-1 SKF,10-10000936-00 
M4x10 10 db 
M5X12 10 db 
M6x20 8 db",,,,,,
TH0633,0,M23124,2025.10.10.,KÁ,,KOKILLA PREC KFT.,SV-1000,végbak csapágyház,,,"C tengely rögzítési hiba, a hidraulikus rásegítő tartályát többször feltöltöttük, de az olaj eltűnik - körasztal C tengely csapágyházban a tömítés tönkrement, csere szükséges",,,,,,"Csapágy/csapágykosár
D=136mm d=130mm
Görgő D=3mm (60db)
Kosár h=18mm",,,TH0652-re átvezetve,,,
TH0634,0,M11063,2025.10.10.,SZ,2025.10.28.,PEPPERL+FUCHS KFT.,Tomill-160,főorsó,,,szerszám oldva? + visszacsatolás hibák - a problémát a főorsóban lévő rögzítőszár szorulása okozta,nem kellett javítani,,,,,,,,,,,
TH0635,0,M11063,2025.10.10.,SZ,2025.10.28.,PEPPERL+FUCHS KFT.,Tomill-160,főmotor,Lenze MDFKARS071-22,1500066510174265,átnézésre,nem kellett javítani,,,,,,,,,,,
TH0636,0,M11063,2025.10.10.,SZ,2025.10.28.,PEPPERL+FUCHS KFT.,Tomill-160,munkahenger,,,átnézésre,csere (nyomólap sérült),,BA,1 óra,,00-70069069-00 Villa -Tomill 160 CNC öa,,,,,,
TH0637,0,M14218,2025.10.13.,KP,2025.11.12,MAGYARMET KFT.,VD-510S,főorsó,Royal 8.000 RPM,207575,"főorsó kúpban lötyögnek a szerszámok, ezért a kúp is sérült, köszörülni kell","szétszerelés, tisztítás, csapágyazás, összeszerelés, járatás",,BA,12 óra,,"4 db Csapágy / HC7008C.T.P4S.UL FAG csapágy,10-00000365-00 
56 db 12 x 28 x 1,5 tányérrugó",,"2025.10.14. Spinex SZR2025/02514 
11.05. BET2025/03589",,,,
TH0638,0,M14218,2025.10.13.,KP,2025.11.12,MAGYARMET KFT.,VD-510S,szerszámoldó kar,,,csapágyak rosszak - cserélni kell,csapágy csere,,BA,2 óra,,"2 db Csapágy / RNA4902-XL tűgörgős csapágy INA,10-00014902-00 
2 db Csapágy / vezetőgörgő KR22-PP-A INA,10-00016965-00 
1 db Csapágy / NAST 20 ZZ,10-00014845-00 ",,,,,,
TH0639,0,M12268,2025.10.20.,KP,2025.11.19.,DOROTI PACK KFT.,EmB-1304B,főorsó,Royal 10.000 RPM,164960,"csapágyazás, főorsó kúp foltos, köszörülni kell","tisztítás, szétszerelés, csapágyazás, összeszerelés, beállítás, járatás, behúzóerő 10,1 kN",,SP,18 óra,,"5 db Csapágy / HS7014-C-T-P4S-UL orsócsapágy   FAG,10-00004027-00 
4 db O140x3,1
6 db O 4x2
56 db 40x20x2,5 tányérrugó
2 db O22x3,1",,"2025.10.21. Spinex SZR2025/02630 
11.05. BET2025/03590",,,,
TH0640,0,M12268,2025.10.20.,KP,2025.11.19.,DOROTI PACK KFT.,EmB-1304B,főmotor,"VM100L
10.000RPM",12010517G,csapágyazás,"tisztítás, csapágycsere, járatás, kiegyensúlyozás",,BA;RJ,17 óra,,"1 db 6207 ZZ C3 
1 db 6208 ZZ C3 ",,,,,,
TH0641,2,M14295,2025.10.20.,KP,,DOROTI PACK KFT.,NCTB:1050B,X motor,AiB-54-30-EH/4096-Z2,C94-10-8886,zárlatos,,,,,,,,,csere motor Ai8-54-30-EH/4096-Z2 D94-10-10074,,,
TH0642,0,M15218,2025.10.30.,Ügyfél,2025.12.09.,CSABA METÁL ZRT. ,KMC-3127,Szögfej ,AU-3,116,"A tengely biztonságos mozgatása csak C tengely 0 pozíciójában lehetséges, a probléma nagy valószínűséggel a szögfej mechanikájában van",csapágy csere,,ÖZ,"20,5 óra",,"2 db Csapágy / B7014-C-T-P4S-UL FAG orsócsapágy,10-10001231-00 
2 db Csapágy / B7016E-TP4-SUL,10-00016477-00",,,,,,
TH0643,0,M14287,2025.10.xx,?,2026.07.10.,DUNA PRECIZIÓS KFT.,EmR-610D,Körasztal,Nikken,,fék nem látható,,,BA;SP,20 óra,,"fékmunkahenger, pneumetikus szelep (AirTAc YV210-08)",,,,,,
TH0644,0,M15218,2025.11.03.,Taksony,,CSABA METÁL ZRT. ,KMC-3127,tartományváltó,,,felújításra,"szétszerelés, bemérés, köszörülés, összeszerelés, járatás",,BA;SP,48 óra,,"VG32 hajtómű olaj 5 liter 
N1009BT66 1P4
6016 ZZ CM 2 db 
6208 ZZ CM 
N1014BTKR6C 1P4 ",,SZÉV2025-402 - beérkezett 03.02.,"Fogaskerekek bevizsgálásra elküldve
Köszörülés ",,,
TH0645,0,M21142,2025.11.07.,KP,2025.11.11.,INDUPRO KFT.,SL-350,csapágyházak,,,"X csapágyak hézagolásra szorulnak, eredeti csapágy 15 mm széles, NSK 14,9 mm",csapágyak illesztése,,BA,2 óra,,,,,,,,
TH0646,0,M18030,2025.11.25.,Ügyfél,2026.05.26.,FÉMTEK 1971 KFT.,KMC-2622,Szögfej ,,,"""C"" tengely szorul és nem rögzít","fej C tengelyének szétszerelése, tömítések, O-gyűrűk, csapágy görgők cseréje, összeszerelés",,ÖZ,24 óra,,"5 db Tömítés / Támasztó tömítőgyűrű R9 190x197,5x3,2 PTFE,10-00180529-00 
6 db Tömítés / Támasztó tömítőgyűrű R9 240x252x4,2 PTFE,10-00180530-00 
1 set Tartalék / Szögfej hengeres görgő 2,8X8 KMC-2622,10-00017143-00 
1 db Tartalék / Szögfej hengeres görgő 05XL8 KMC-2622,10-00017144-00 
1 set Tartalék / Szögfej hengeres görgő 5xL8 (KMC-2622),10-00017145-00",,,Tömítésre vár Taiwan,,,
TH0647,0,M04205,2025.12.05.,SZI,2025.12.08.,GYURÓ TECHNIK KFT.,TNL-100AL2,hidraulikus munkahenger,,,"baruffaldi fejében a meghajtott szerszám nem mindig működik. Üres állapotban is hol elindul, hol nem. Néha leveri a biztosítékot a gép elektromos szekrényében, néha csak hibaüzenetet ír ki. Forgósz.haj.üzemk! I005=0",tömítéscsere,,BA,2 óra,,"O-gyűrű 32x2,5
O-gyűrű 21x2",,,,,,
TH0648,0,M16031,2025.12.09.,TV,2026.01.23.,MICROMARK IPARI ÉS MARKETING KFT.,TCS-2500LDT,Hajtott szerszám motor,A23-54-30-EH/E-Z1-L,98C-10-7340,"hajtott szerszám motorban víz van, ami a revolverfejből jut be","szétszerelés, tisztítás, csapágycsere, összeszerelés, jeladócsere, festés, járatás",RJ,BA;SP,12 óra,,"Tömítés / Szimering / Radiális tömítőgyűrű 40x80x10 NBR72 (DIN3760A) BAUX2,10-00001071-00 
6208 2Z csapágy
6207 2Z csapágy",EBI 820725-11 jeladó + EBI mechanika 10K,Liker SZR2026/00017 - BET2026/00135,,,,
TH0649,0,M09131,2025.12.15.,Ügyfél,2026.02.03.,KOKILLA PREC KFT.,VMC-1600F,Körasztal,GSA-200R,11200R351,"egy ütközés után üzemképtelenné vált. 
A három tengely mozog, a körasztal viszont nem. Ha megpróbáljuk mozdítani,
visszacsatolás 5 hibával  kikapcsol a hajtás ","szétszerelés, felmérés, fék munkahenger csere, gyártás, összeszerelés, járatás, hántolás, bemérés",,BA;SP,32 óra,,"S 150 x 170 X 15 RST NBR70 (8484109000),10-15017015-00 
Tömítés / Szimering / Radiális tömítőgyűrű 20x32x6 NBR72 (DIN3760A) WA,10-00180426-10 
Tömítés / Szimering / Radiális tömítőgyűrű 20x32x7 NBR72 (DIN3760A) BAFUD,10-00005550-10 
Tömítés / O-gyűrű 18x3,0 NBR 70 (4016930090),10-00018370-00 
O 27 x 3,5 NBR70 (4016930090),10-00273570-00 
Tömítés / O-gyűrű 110x3,0 NBR 70,10-00004097-00 
Tömítés / O-gyűrű 65x3,00 NBR 70,10-00180464-00 
Tömítés / O-gyűrű 98x3,0 NBR 70,10-00005222-00 
Tömítés / O-gyűrű 94x3,5 NBR 70,10-00022931-00 
2 db 7003 UC G/GNP4 csapágy 

Az alkatrészek gyártási költsége nettó áron:
Szerszámoldó munkahenger ház és dugattyú  102000,-  + 82500,- Huf 
Szerszámoldó munkahenger ház (Kokilla),00-VMC1600F-00 
Szerszámoldó dugattyú (Kokilla),00-VMC1600F-10
Tervezési költség: 4 mérnökóra 

O 62 x 3 NBR70 (4016930090),10-10062370-00 
Tömítés / O-gyűrű 80x5,5 NBR 70,10-00003545-00 
O 158,12 x 6,99 NBR70 (4016930090),10-15812699-00 
O 195 x 2,5 NBR70 (4016930090),10-01952570-00 
Tömítés / O-gyűrű 192x2,5 NBR 70,10-00180373-00 
Tömítés / O-gyűrű 80x6,5 NBR 70,10-00180469-00 
Tömítés / O-gyűrű 80x7,0 NBR 70,10-00180470-00",,,"Fék munkahenger
megérkezett
Munkalap kitöltésére vár!",,,
TH0650,2,M23167,2025.12.04.,KP,,MSK HUNGARY BT.,RV-4122,ködkenő egység,,,"mosás, szelep csere (A2BIL DC24V)",,,,,,,,,kapott cserét,,,
TH0651,0,M06118,2026.01.08.,SZ,2026.01.21.,MEDIMETAL KFT.,TMV-510,"Körasztal (kicsi, fehér)",,,"osztófej hiba, lehúzva működik (valószínűleg zárlatos)  - a problémát a motor testzárlata okozza","takarítás, motor csere, összeszerelés, járatás, beállítás",,BA,8 óra,,"Ai2.5-54-40-EH/4096-Z1 szinkron szervomotor:,40-00011062-00 sn: C81-10-10581",,,,,,
TH0652,0,M23124,2025.10.21.,KP,2026.07.10.,KOKILLA PREC KFT.,SV-1000,körasztal,,,felújításra,"szétszerelés, tisztítás, csapágycsere, járatás",,SP;BA,24 óra,,"2 db O 90 x 5,5 NBR70 (4016930090),10-00905570-00 
4 db O 40 x 3,5 NBR70 (4016930090),10-00403570-00 
4 db O 44 x 3 NBR70 (4016930090),10-00044370-00 
2 db KN/SN25 40 x 50 x 06/07 AU92 (TTU) (4016930090),10-40500692-00 
2 db Tömítés / O-gyűrű 94,97x1,78 NBR 70,10-00083120-00 
Csapágy/csapágykosár
D=136mm d=130mm
Görgő D=3mm (60db)
Kosár h=18mm",,,"kapott újat
Renére vár, hátsó burkolat hiányzik",,,
TH0653,0,M05284,2026.01.20.,Ügyfél,,MSK HUNGARY BT.,SD-610,Revfej,BMA-200 12,K26.A200.2101A21.01 3948/2006,"A berendezés feje ütközött a tokmánnyal, és nem mozog. ","állapot felmérés
és szétszerelés - nem javítható",,SP;BA,16 óra,,,,,"Gazdasági totálkár
Elszállításra vár!",,,
TH0654,0,M18247,2026.01.22.,KP,2026.02.02.,K-KART spol. s.r.o.,KFO-650DD,Főorsó,ROYAL 15.000 RPM,410474,"a főorsó nem oldja a szerszámot, a főorsó munkahenger tele van emulzióval","szétszerelés, bevizsgálás, tubus tömítés csere, összeszerelés, járatás, beállítás, behúzóerő 8,2 kN",,BA;SP,13 óra,,"10-00006923-00,Tartalék / MM-430 / Szerszámbehúzó csipesz BT#40-45 fokos  Külső menetes
2 db 00-10037694-00,Főorsó menesztődió 2. (Kondia B640 , HM 1060) 
5 db 10-00022778-00,Tömítés / O-gyűrű 140x3,0 NBR 70",,,"Elkészült
Visszaszállításra vár",,,
TH0655,0,M16300,2026.01.23.,KÁ;G,2026.02.16.,SONIMA KFT.,HBM-130BFT,W tengely csapágyház/bak,,,W tengely durranás,Endrődi Gábortól kapunk majd infót,,,,,"6218 SKF csapágy 
2 db 51218 FAG csapágy",,,szállítás Taksonyba,,,
TH0656,0,M21001,2026.01.28.,KT,,VARRIVÁL KFT.,LD-65,Tokmány,Auto Strong NB-208 509,,"a raktáron lévő TF3B-8A6 / 8""/A6 / 3 pofás gépi tokmány átalakítása, hogy fel lehessen szerelni a meghibásodott tokmány helyére",,,,,,"10-00535622-00,TON-FOU tokmány / TF3B-8A6 / 8""/A6 / 3 pofás gépi tokmány 
10-KER01243-00,TON-FOU tokmánypofa / HJ-08/3 kemény tokmánypofa készlet (1.5x60°)(3db/szett)",,,"Importból rendelve,
alkatrészek visszaszállítva ÜF.",,,
TH0657,0,M19023,2026.01.28.,AL,2026.02.11.,NIVELCO ZRT.,TCS-2500L,Főmotor,VM132M-54-40-20-06,19073036G1,csapágycsere,bevizsgálás,,RJ,1 óra,,,,,Járatás alatt,,,
TH0658,0,M19023,2026.01.28.,AL,2026.02.11.,NIVELCO ZRT.,TCS-2500L,Főorsó,2500 200LM,,csapágycsere,"szétszerelés, tisztítás, csapágy bemérése, csapágycsere, összeszerelés, beállítás, járatás",,BA;SP,32 óra,,"Csapágy / NN3024 MBKRE 44 CC1P4-NSK,10-00037034-00 
Csapágy / NN3026MBKRE44CC1P4,10-10014731-00 
1 pár Csapágy / 130 BTR10ETYNDBLP4A -NSK,10-00037019-00",,,Járatás alatt,,,
TH0659,0,M19023,2026.01.28.,AL,2026.02.11.,NIVELCO ZRT.,TCS-2500L,Fékmunkahenger,,,Folyik belőle az olaj,"Munkahenger felújítás - tömítés csere, dugattyú csere",,BA,8 óra,,"O 17 x 2,7 
O 15 x 1,8 
2 db O 73 x 3,55 
 Fék Dugattyú A 60  (TNL - TCS-2000 - Főorsófék),00-20005940-00
Tengely A 60  (TNL - TCS-2000 - Főorsófék),00-20005942-00",,,"Elméleti megoldás:
Méretben egységnyivel nagyobb o gyűrű kiválasztása. Horony ennek megfelelő átalakítása",,,
TH0660,0,M16300,2026.02.02.,KÁ;ÖZ,2026.02.16.,SONIMA KFT.,HBM-130BFT,fúróorsó (W),,,fúróorsó (W) reteszpálya berágódott,Endrődi Gábortól kapunk majd infót,,,,,,,,szállítás Taksonyba,,,
TH0661,0,M19073,2026.02.03.,KÁ,2026.02.20.,NIVELCO ZRT.,DUAL-65,Nyomaték kuplung,,,kell egy zégernyi helyet esztergálni a csapágy mögé,"tényérrugó átmunkálás, csere, seeger csere",,"GYE, PI","2,5 óra",,"4 db 00-70080084-00,Tányérrugó S4353 átm (APEX revfej) 
Kötőelem / Rögzítőgyűrű tengelyhez 45x1,75 (DIN471A),10-00022748-00",,,"Ádám és Ignác, Smici, Attila
egyeztetés szükséges, javíthatatlan.
Importból, Áa.",,,https://docs.google.com/document/d/1A1Y09kBiIR4wDVPQHXzrLl3CxRkbHsNtf5Z__Llt1SE/edit?tab=t.0#heading=h.gjdgxs
TH0662,0,M06219,2026.02.05.,G,2026.05.07.,KOKILLA PREC KFT.,TMV-510A,Főorsó,12.000 RPM,PS06112077P,"felújításra, kúp sérült","szétszerelés, átvizsgálás, csapágyazás, összeszerelés, járatás",,SP;BA,16 óra,,"2 pár 10-10001034-00,Csapágy / 45BNR10STYNDBBLP4A-NSK 
 10-00037185-00,Csapágy / N1009BTCCG10P4",,Spinex SZR2026/00642 - BET2026/01053,Csapágyakat rendelni,,,
TH0663,0,M07011,2026.02.05.,G,2026.02.16.,DUNA PRECIZIÓS KFT.,EML-610,Főorsó,ROYAL 12.000 RPM,105956,"felújításra - beremeg. 30 mm-en kb. 0,2 mm-t ""elmászik""","tisztítás, szétszerelés, csapágyazás, összeszerelés, csapágyhézag beállítás, járatás",,BA;SP,16 óra,,"4 db Csapágy / 60BNR 10STSUELP3,10-00006153-00 
O 92 x 1,5 
4 db O 3 x 2 
2 db O 114,4 x 3,1",,,,,,
TH0664,0,M18247,2026.02.02.,KP,2026.02.05.,K-KART spol. s.r.o.,KFO-650DD,Cserélőkar,,,hibás,"betét kiszerelés, csere, beállítás",,SP,2 óra,,"2 db TMV-1050 szerszámcserélő kar betétje  BT-s,10-00009898-00",,,,,,
TH0665,0,,2026.02.02.,Ügyfél,2026.05.04.,MSK HUNGARY BT.,,Revfej,TBMA-200/12,K26.0200.2101999.01,felújításra,"szétszerelés, bevizsgálás, összeszerelés, beállítás, járatás",,SP;BA,50 óra,,"LIVE TOOL COD.: 26.0200.009.02 
PIGNON COD.:26.0200.010.01
BEARING KIT COD.: 26.0200.100.01
ROLLER COD.: 999.148.07127
SEAL KIT COD.: 26.0200.224.01
MOTO. SEAL KIT COD.: 56.0200.700.02    
CROW COD.: 24.0200.001.01
PROXIMITY COD.: 999.231.07508 
Hirth tárcsa
3 db tűgörgős csapágy 
szerszámtárcsa köszörülés
komplett forgószerszám",,,"Áa kiadva.
Tömítések cseréje",,,
TH0666,0,M15260,2026.02.10.,KP,2026.03.13.,MST ENGINEERING KFT.,MM-760S,Főorsó,8.000 RPM,691501A039,"indításkor, leállításkor visító hang hallható","szétszerelés, tisztítás, csapágycsere, összeszerelés, járatás",,G,16 óra,,"3 db Csapágy / 7012 CTRSULP3 NSK,10-00002353-00",,,"Folyamatban.
3db 7012CTRL csapágy SZÉV2026/055",,,
TH0667,2,M18238,2026.02.11.,TV,,INTERTECHNIKA KFT.,MM-850,Szerszámoldó munkahenger,,,Visszaenged a munkahenger. Olajos része át lehet szakadva.,alkatrészek átszerelése az új munkahengerre,,KP,1 óra,,"5 db Tömítés / O-gyűrű 17x2,70 NBR 70,10-00180471-00 
O 90 x 5,5 NBR70 (4016930090),10-00905570-00 
O 96 x 2 NBR70 (4016930090),10-00096270-00 
Tömítés / O-gyűrű 94x3,0 NBR 70 (4016930090),10-00094370-00 
2 db O 40 x 3 NBR70 (4016930090),10-00403070-00 
Tömítés / O-gyűrű 14x2,5 NBR 70,10-00142570-00 
Tömítés / Horonygyűrű 40x50x06/07 NBR90 MA21,10-00180392-00 
2 db Tömítés / Horonygyűrű 14x22x05/06 NBR90 MA21,10-21142206-00",,,02.11. kapott cserét,,,
TH0668,1,M24039,2026.02.18.,-,,PLASTIC-FORM KFT.,RÖDERS RXP 500 DS,,,,"ereszt a körasztal (levegőt) 
[ 2026. február 18., szerda 8:53 ] ⁨Apostol Attila⁩: Ha a RÖDERS körasztalt bontani kell, rakjuk rendbe, köszörülés, tömítések, esztétika, stb. 
+ teljes gép javítása",,,BA;SP;KP;SZI,,,"Pneumatika / Gyorscsatlakozó egyenes toldó szűkítővel 6 mm - 8 mm csőhöz (SMC - KQ2H06-08A),10-10005455-00 - KIT2025/03119
2 db Vizezés / Tömlőbilincs 020-032/12mm W2 DTE (65.032.004),10-00006137-00 - KIT2026/00878 
Mágneskapcsoló / Schneider LP1-K0910BD mágneskapcsoló (4kW;24VDC),20-00002465-00 - KIT2026/00109 
Pneumatika / Gyorscsatlakozó egyenes toldó szűkítővel 8 mm -10 mm csőhöz (SMC - KQ2H08-10A),10-00016384-00 - KIT2026/01150 
4 db Pneumatika / Gyorscsatlakozó egyenes 6 mm-es csőhöz R1/8 menettel (SMC - KQ2H06-01AS),10-10005261-00 
3 m Pneumatika / Poliuretán cső átm. 6/4 mm, kék, 100 m-es tekercs (SMC - TU0604BU-100),10-00016366-00 
5 m Pneumatika / Poliuretán cső átm.8/5 mm, kék, 100 m-es tekercs (SMC - TU0805BU-100),10-00016367-00 
3,6 m Pneumatika / Poliuretán cső átm. 4/2 mm, kék, 100 m-es tekercs (SMC - TU0425BU-100),10-00002909-00 - KIT2026/01387 
3 db Pneumatika / Gyorscsatlakozó egyenes 8 mm-es csőhöz R1/4 menettel (SMC - KQ2H08-02AS),10-00016347-00 - KIT2026/01683 
3 m Kábel narancs  4x1.5 (Topserv 109 PUR  UL/CSA Art.nr. 75943),21-00075943-00 - KIT2026/01870 
2 db Pneumatika / Push-in egyenes váltó DN06/04 (PG-0604F),10-10001682-00 
7 db Pneumatika / Push-in L-idom DN06 (PUL-06F),10-10001683-00 
8 db Pneumatika / Push-IN L idom DN08 (PUL-08F),10-10005547-00 
5 m Pneumatika / Polyamid tömlő cső PA10.12 PHL 8x6 20.bár,10-00083559-00 - KIT2026/02168 
Pneumatika / Menetes záródugó - Vakdugó R1/8 (SMC - TB00094),10-10005120-00 - KIT2026/02289 
2 m Vezeték / Kék 1.5-ös vezeték (H07V-K 1.5 SM-LBU),20-00001385-00 
691351500002 (MSTB 2,5/2-ST-5,08),20-00000119-00 
MC 1,5/2-ST-3,81  (691361300002),20-00000126-00 
2 db Csatlakozó / Harting  Cat5E RJ-45 (09 45 151 1100),20-00004322-00 
3 m Vezeték / Fekete 2.5-ös vezeték (H07V-K 2.5 C-BK),20-00001374-00 - KIT2026/03295 
EPU / EtherCAT periféria csatoló egység:,40-00010364-00 
3 m Kábel / Olajálló kábel 12x0.5 YSLY-JZ,20-00002012-00 - KIT2026/03334 
3 m Kábel olajálló flexibilis 18x0,75 (JZ-HF Art.nr.15028),21-00015028-00 - KIT2026/03342 
2 db 691361300003 (MC 1,5/3-ST-3,81),20-00000127-00 - KIT2026/03487 
2 db Vizezés / MTG 3280 menetes réz közcsavar 3/4"" KK (MTG_3280-313303),21-32803133-03 
2 db Vizezés / Bordázott hollanderes KM. réz tömlővég G3/4 - 3/4 GEKA 2/3,10-00083577-00 
2 db Tömítés / Lapos tömítőgyűrű SBR DN20 16x24x2,10-00180526-00 - KIT2026/03518 
D-Sub 15-p apa DB-15SP (61801524823),20-00000162-00 - KIT2026/03890 
10 m Kábel olajálló flexibilis 3x1,5 (JZ-HF Art.nr.15056),21-00015056-00 
2 db Kábelvédelem / Gégecsőtartó bilincs Pg 36 (1.724.3601.11),20-00001122-00 
2 db Kábelvédelem / Gégecsőtartó bilincs Pg 29 (1.724.2901.11),20-00001121-00 - KIT2026/03914 
4,5 m Vezeték / Fekete 2.5-ös vezeték (H07V-K 2.5 C-BK),20-00001374-00 - KIT2026/04077 
EBI-BAT lithium elem egység EBI 1135 jeladóhoz (elem egység)_új F,40-00010700-81 - KIT2026/04474 
D-Sub ház 15-p,20-00000164-00 
2 db PC4/3-G-7,62-PCB,20-00000144-00 - KIT2026/04853",,,"Folyamatban
levegőcsövek és csatlakozók,
illetve tönítés cserék 
szükségesek",,,
TH0669,0,M04205,2026.02.24.,AL,2026.03.09.,GYURÓ TECHNIK KFT.,TNL-100AL2,Revfej,TBMA-200,K28.0200.0101C41.01,"a revfejből folyik az olaj, a hidraulika rendszert folyamatosan után kell tölteni","tisztítás, szétszerelés, felmérés, csapágyak cseréje, tömítések cseréje, összeszerelés, járatás, beállítás",,BA;SP,40 óra,,"2 db Csapágy / 61907-2RS_CMB,10-00061907-00 
Tömítés / Szimering / Radiális tömítőgyűrű 35x47x6 R NBR70 (8484109000),10-35470600-00 
O 240 x 3 NBR70 (4016930090),10-00240370-00 
2,5 m Tömítés / O-profilú gumizsinór 02,00 NBR70,10-00120070-00 
GY R09_D20 x 25 x 2,2 (tm.) Flon3 [39269097],10-09202522-00 
O 21,95 x 1,78 NBR70 (4016930090),10-21951780-00 
GY K8 19,65 x 15 x 2,2 (fm.) Flon3 (39269097),10-81965152-00 
O 14,50 x 1,8 NBR70 (4016930090),10-14501870-00 
Tömítés / O-gyűrű 34x2,0 NBR 70,10-00022430-00 
O 51 x 2 NBR70 (4016930090),10-10051270-00 
GY R09_D28 x 35,4 x 3,2 (tm.) Flon3 [39269097],10-09283543-00 
O 31,42 x 2,62 NBR70 (4016930090),10-31422627-00 
Tömítés / O-gyűrű 32x2,50 NBR 70,10-00082982-00 
O 132 x 2,5 NBR70 (4016930090),10-01322570-00 
GY F2 30,5 x 28,5 x 2 Flon3 (39269097),10-23052852-00 
O 25,12 x 1,78 NBR70 (4016930090),10-25121787-00 
2 db Tömítés / O-gyűrű 5,80x1,78 NBR 70,10-00180478-00
2 db Tömítés / O-gyűrű 83x2,5 NBR 70,10-00180479-00 
2 db Tömítés / Támasztó tömítőgyűrű ST8 79,5x83x3 Flon3,10-00180480-00
2 db Tömítés / Támasztó tömítőgyűrű ST8 35x32,9x2,1 Flon3,10-00180481-00 
2 db O 29,87 x 1,78 NBR70 (4016930090),10-29871787-00 
2 db O 85 x 2,5 NBR70 (4016930090),10-00852570-00",,,"BB16-54-30-ET/2500 sn: 20233100 motorral együtt
dugattyú tömítésre vár
SEALRING",,,
TH0670,0,-,2026.02.25.,RJ,2026.03.06.,NCT,,Motor,Ai08-54-30-EH/E-,D04-10-9071,csapágycsere,"szétszerelés, csapágycsere, összeszerelés",,SP,6 óra,,"6204 LLU csapágy 
6205 2 RS csapágy",,,,,,
TH0671,0,M24026,2026.02.25.,KP,2026.03.06.,HORVÁTH JÓZSEF EV,EMB-1605B,Szerszámoldó munkahenger ,,,"nem tud visszamenni alaphelyzetbe, ezért összeérhet a forgó főorsó végével","szétszerelés, tömítések cseréje, összeszerelés, járatás",,BA,5 óra,,"O 140 x 5,5 NBR70 (4016930090),10-01405570-00 
2 db Tömítés / O-gyűrű 142x3,0 NBR 70,10-00004343-00 
2 db O 40 x 3 NBR70 (4016930090),10-00403070-00 
O 25 x 3,5 NBR70 (4016930090),10-00253570-00 
2 db KN/SN21 25 x 33 x 05/06 NBR90 MA21 (4016930090),10-21253305-00 
KN/SN21 70 x 80 x 06/07 NBR90 MA21 (4016930090),10-21708006-00",,,Elkészült!,,,
TH0672,0,M24026,2026.02.25.,KP,,HORVÁTH JÓZSEF EV,EMB-1605B,Forgácskihordó motor,AEV200,A-5141437,zárlatos,"szétszerelés, szárítás, összeszerelés - szárítás után jó",,SP,10 óra,,,,,Folyamatban,,,
TH0673,0,M25166,2026.02.27.,-,2026.05.08.,MSG KFT.,HG-400,,,,felújítás,,,"BA, SP, PI, KT, TV, SZI",,,"15 m Pneumatika / Poliuretán cső átm.10/6,5 mm, kék, 100 m-es tekercs (SMC - TU1065BU-100),10-00016368-00 
Pneumatika / Gyorscsatlakozó egyenes toldó 2x10mm-es csőhöz (SMC - KQ2H10-00A),10-00016382-00 
Szűrő / Szűrőbetét FILTREC DMD0008E10B,10-00001511-00 
Ajtókapcsoló / Omron D4SL-N4AFA biztonsági ajtóretesz,20-00004995-00 - KIT2026/01463 
2 m Tartalék / EL gépek / Kék színű vezetéktörlő gumi,10-00027246-00 - KIT2026/01517 
2 db Pneumatika / Fojtó-hangtompító (SVE-1/4-C),10-10001675-00 - KIT2026/01989 
3 db Kapcsoló / Omron E2A-M12KS04-WP-B1 5M (12mm-es, PNP/NO-s induktív érzékelő, 5m)kiváltó típusa:E2E-X4B1T12,20-00001207-00 - KIT2026/02002 
1 m Pneumatika / Poliuretán cső átm.8/5 mm, kék, 100 m-es tekercs (SMC - TU0805BU-100),10-00016367-00 - KIT2026/02014 
Pneumatika / Mágnesszelep 5/3 utú középállásban leszellőztetett dupla 1/4 4V23E08BG,10-00017094-00 
2 db Pneumatika / Mágnestekercs 9 mm AC110V,3V1,3V200-300/4V200-400/4 CDA092C,10-00017095-00 - KIT2026/02027 
2 db Hidraulika / Útváltó szelep NA6 WL4 SF 06 P1 E6 Z02400,10-00017097-00 
6 db Hidraulika / Útváltó szelep NA6 WL4 F 06 P1 E6 Z02400,10-00017096-00 - KIT2026/02045 
Tömítés / Szennylehúzó tömítőgyűrű WR AM43 16,0x26,0x05/08 (fémházas) NBR90 HUBATA,10-00180433-00 - KIT2026/02046
Szűrő / Olajszűrő, olajszint alatti , szívó BSP 3/4""max.52 L/min-125u (FK20-B34),10-00010379-00 
DPU1910 / 19"" MÉRETŰ KÉPERNYŐ ÉS KÖZPONTI ELEKTRONIKA: 40-00013120-00 1 db
MK1904 / gépi kezelőpanel, DPU1904 alatti elrendezéshez: 40-00010753-00 1 db
iHDW KIHELYEZETT KÉZIKERÉK 40-00000025-01 1 db
Windows 10 IoT Enterprise 2021 LTSC Entry 20-00004682-04 1 db
INTIME-RT-EU license: 10-00020379-00 1 db
USB3-OP 40-00011575-00 1 db
EPU-SIS / EtherCAT periféria csatoló egység és szoftver védelem: 40-00010364-10 1 db
ESIS-SW-OP01 / SZOFTVER OPCIÓ 01 (+1 TENGELY): 40-00011704-00 1 db
ESIS-SW-OP04 / SZOFTVER OPCIÓ 04 (NSNP): 40-00011704-40 1 db
ESIS-SW-OP13 / SZOFTVER OPCIÓ 13 (myNCT smart): 40-00011705-30 1 db
ESIS-SW-OP14 / SZOFTVER OPCIÓ 14 (3D GRAFIKA) 40-00011705-40 1 db - KIT2026/02108 
50 db O 08 x 2 NBR70 (4016930090),10-10008270-00 - KIT2026/02192 
Kábelvédelem / Anya Pg 11 fekete (1.262.1101.11),20-00001069-00 
Kábelvédelem / Tömszelence Pg 9 (1.209.0901.14),20-00001092-00 
Kábelvédelem / Anya Pg 9 fekete (1.262.0901.11),20-00001068-00
Szűrő / Olajszűrő, olajszint alatti , szívó BSP 3/4""max.52 L/min-125u (FK20-B34),10-00010379-00 
WDR-240-24,20-00005297-00 
Relé / Omron G2R-2-SND DC24(S) (2 érintkezős relé),20-00000878-00 
Kábelvédelem / Gégecső Pg 16 (1.510.1601.14),20-00001063-00 
2 db Kábelvédelem / Karmantyú Pg 16 (1.511.1601.14),20-00001083-00 - KIT2026/02690 
Kismegszakító / Schneider-iC60N-3P 06A-6kA (3C-06)A9F04306 A9,20-00002715-00 - KIT2026/02741 
Forgócsatlakozó / Deublin (1101-235-343) forgócsatlakozó,10-00017197-00 - KIT2026/02750 
Csapágy / 6208 ZZ C3,10-00002552-00 
Csapágy / 6207 2Z/C3 SKF csapágy,10-00620723-00 - KIT2026/02752
9,8 m Tömítés / Szilikonos habszalag 12x12mm,10-10001737-00 - KIT2026/02878
Pneumatika / Gyorscsatlakozó toldó 12-12 (3106 12 00),10-00001934-00 - KIT2026/02879
Pneumatika / Gyorscsatlakozó T csatlakozó 3x8 mm-es csőhöz (SMC - KQ2T08-00A),10-00016372-00 
Ajtókapcsoló / Omron D4SL-N4AFA biztonsági ajtóretesz,20-00004995-00 - KIT2026/02881 
0,15 m Tartalék / EL gépek / Kék színű vezetéktörlő gumi,10-00027246-00 - KIT2026/03051 
2 db Hidraulika / Útváltó szelep revolverfejhez DSG-01-2D2-D24-51 (DSG-01-2D2-24V) YUKEN,10-00027245-00 - KIT2026/03157 
Ventilátor / UF16FC23-H  62x160x160mm 230VAC,46W,10-01000578-00 - KIT2026/03220 
4 m Vezeték / Kék 1.5-ös vezeték (H07V-K 1.5 SM-LBU),20-00001385-00 - KIT2026/03227 
Hidraulika / Acélbetétes tömlő DKOL-061615OH, YK-06, 1SN-06, 0°-os, 6080 mm,10-00083572-00 
Hidraulika / TN419 L-idom rögz. holl. O-gyűrűvel 10L - M16x1,5 (EW-10L-OMD),10-00022774-00 - KIT2026/03235",,,,,,
TH0674,0,M04205,2026.03.09.,G,2026.03.11.,GYURÓ TECHNIK KFT.,TNL-100AL2,Revfej,TBMA-200,K28.0200.0101C41.01,az ügyfél által kért felújításon kívüli javítások,"szétszerelés, tárcsa és szerszám forgató egység levélete, tömítések cseréje, pozíciók beállítása, összeszerelés, próba",,BA;G;SP,15 óra,,"O 244 x 2 
O 396 x 2",,,,,,
TH0675,0,17009,2026.03.10.,KP;KÁ,2026.04.27.,K-KART spol. s.r.o.,TMV-1050A-1,Z golyósorsó,,,,,,,,,,,Szimikron SZR2026/00662 - BET2026/01067,,,,
TH0676,2,M17043,2026.03.18.,Ügyfél,2026.03.23.,JUHÁSZ SÁNDOR EV,KFO-NCT KFO-620-5TT,Főmotor,Ais100,CC2-40-150,beázott,"szétszerelés, csapágyazás, Deublin csere, jeladó csere, tekercselés, WDS szenzor felszerelése, összeszerelés, járatás",,"BA;SP,RJ",16 óra,,"2 db Csapágy / SKF S7208 CDGA/HCP4A precíziós golyóscsapágy,10-10012238-00
Lemeztető höá. (AiS100),00-70050316-00 
WDS VIZSZIVÁRGÁS ÉRZÉKELŐ SZENZOR:,40-70064270-02 
Távtartó-10 (AiS100),00-70050319-01 
Forgócsatlakozó / Deublin (1114-020-188) forgócsatlakozó,10-00017845-00","Jeladó Lenord Bauer 2444 
IC 12 pol külső menetes lengő csatlakozó ",,csere motor: CC2-10-5029,,,
TH0677,2,,2026.03.18.,ÖZ,2026.03.24.,SPH PLUSZ KFT.,CV-7A,Karforgató motor,Jenjey F22,1700199,fék megszorult,,,,,,,,,csere motort kapott,,,
TH0678,0,3001,2026.03.25.,G,2026.05.08.,NIVELCO ZRT.,EEN-320,Revfej,,,ütközés következtében a fej belső szerkezete sérült,"szétszerelés, átvizsgálás, beállítás, összeszerelés, szinkronizálás, járatás",,SP,20 óra,,,,,,,,
TH0679,0,M24025,2026.03.27.,TV,2026.04.02.,Taksony,EMB-1305B,Erőfokozó,,,olajfolyás,"szétszerelés, tömítéscsere, összeszerelés",,BA,6 óra,,"2 db Tömítés / O-gyűrű 142x3,0 NBR 70,10-00004343-00 
Tömítés / O-gyűrű 140x5,5 NBR 70,10-01405570-00 
Tömítés / O-gyűrű 60x3,0 NBR 70,10-00005290-00 
2 db Tömítés / O-gyűrű 40x3,0 NBR 70,10-00005289-00 
Tömítés / O-gyűrű 25x3,5 NBR 70,10-00253570-00 
3 db Tömítés / O-gyűrű 120x2,0  NBR 70,10-00180485-00 
Tömítés / Rúdtömítés SNI39 60 x 70 x 06/07 AU92 (4016930090),10-00180490-00 
2 db Tömítés / Rúdtömítés HUBATA HRS MA39 25x33x5,5/6,5 TPU92,10-00180499-00 
2 db Tömítés /  U-gyűrű dugattyútömítés HUBATA HPRS MA25 25x33x5_6 TPU92,10-00180489-00 
Tömítés / GY F1 65 x 70 x 3,8 (fém) POM (39269097),10-00180500-00",,,,,,
TH0680,0,M14241,2026.04.07.,Ügyfél,2026.07.23.,LEN-POLITEC KFT.,EMR-1604D,Körasztal,GSA CNC-101R,510188,"A körasztal átellenes hátsó oldalán, a tengelynél nagyon erős levegő szivárgás érzékelhető, a vezérlőn megjelenő hibaüzenet: "" A tengely oldás / rögzítési hiba "". ","szétszerelés, fék javítása, csere, összeszerelés, járatás, próba",,SP;BA,16 óra,,"Tömítés /  U-gyűrű dugattyútömítés HUBATA HPRS MA25 55x65x6_7 TPU92,10-00180519-00 
O 110 x 3 NBR90 (4016930090),10-00110390-00 
O 70 x 3 NBR70 (4016930090),10-00070370-00 
O 120 x 3 NBR70 (4016930090),10-000120370-00 
Tömítés / O-gyűrű 6,00x2,0 NBR 70,10-00002648-00 
Tömítés / O-gyűrű 7x2,0 NBR 70,10-10007200-00 
Tartalék GSA CNC-101R pneumatikus fék javító készlet,10-00023937-00: Féktárcsa 1 db, Fékpofák 6 db",,,,,,
TH0681,0,M11036,2026.04.14.,KÁ,2026.05.04.,GRIF-TOOLS KFT.,EmL-1020E,Főorsó,Royal 8.000 RPM,145905,tányérrugó törött,"tisztítás, szétszerelés, csapágyazás, tányérrugó csere, tömítés csere, összeszerelés, meghúzó beállítás, járatás",,SP;BA,20 óra,,"O 35x3,5 
4 db O 134x3,1
4 db 7014CTRSULP3 
1 db szíjtárcsa 
64 db 20,5-40x2 tányérrugó ",,,,,,
TH0682,2,M17232,2026.04.27.,Taksony,2026.06.03.,AERO SPACE POWER KFT. ,MM-850,Főorsó,10.000 RPM,333627,"csapágycsere, köszörülés","szétszerelés, csapágycsere, tömítés csere, összeszerelés, járatás",,SP;BA,12 óra,,"4 db 7012 4P csapágy 
4 db O 3 x 1,5 
4 db O 115 x 3",,Spinex SZR2026/01131 - BET2026/01829,gyártótól várunk mág alkatrészt gyári hiba miatt,,,
TH0683,0,M19073,2026.04.21.,SZI,2026.04.28.,NIVELCO ZRT.,DUAL-65,Nyomaték kuplung,,,revfej leültetés hiba,nem történt bent vele semmi,,,,,,,,,,,
TH0684,0,M17232,2026.04.27.,Taksony,2026.06.03.,AERO SPACE POWER KFT. ,MM-850,Szerszámtár munkahenger,,,"végálláson koppan, végcsillapítás nem állítható","szétszerelés, tömítés garnitúra csere, összeszerelés",,BA,2 óra,,"Tömítés / Szennylehúzó tömítőgyűrű WR AD53 20,0x28,0x5,0/07 NBR90 HUBATA,10-00180444-00 
2 db P K53 25 x 33 x 6,2/7,8 NBR (3917400000),10-53253362-00 
Tömítés / Dugattyútömítés  P63x53x4 K62 kéthatású pneu.töm.,10-00180522-00 
2 db Tömítés / O-gyűrű 57x3,0 NBR 70,10-00180521-00",,,,,,
TH0685,0,M21166,2026.04.27.,PI,2026.06.10.,PREMIUM PARTS DESIGN KFT.,MM-850,Szerszámoldó munkahenger,,,felújítás,"szétszerelés, tisztítás, tömítés garnitúra csere, összeszerelés",,BA,8 óra,,"Tömítés / Szennylehúzó tömítőgyűrű WR AD53 20,0x28,0x5,0/07 NBR90 HUBATA,10-00180444-00 
2 db P K53 25 x 33 x 6,2/7,8 NBR (3917400000),10-53253362-00 
Tömítés / Dugattyútömítés  P63x53x4 K62 kéthatású pneu.töm.,10-00180522-00 
2 db Tömítés / O-gyűrű 57x3,0 NBR 70,10-00180521-00",,,,,,
TH0686,0,M19023,2026.05.26.,SZ,2026.05.26.,NIVELCO ZRT.,TCS-2500L,Fék,,,nem fog,"szétszerelés, átvizsgálás, lökethossz beállítás, hézagolás, összeszerelés, próba",,SP;BA,4 óra,,"O 92 x 3,5 
O 17 x 2,65",,,,,,
TH0687,0,M10259,2026.05.27.,G,2026.06.22.,TELUM FÉMIPARI KFT.,EmR-610D-5AX,fék működtető munkahenger,,,átereszt,"szétszerelés, tisztítás, tömítés garnitúra csere, összeszerelés, próba",,BA,8 óra,,"Tömítés / Rúdtömítés SNI39 40 x 50 x 06/7 (TTI/L) (4016930090),10-39405006-00 
2 db O 96 x 2 NBR70 (4016930090),10-00096270-00 
2 db O 40 x 3,5 NBR70 (4016930090),10-00403570-00 
2 db O 40 x 3 NBR70 (4016930090),10-00403070-00 
O 90 x 5,5 NBR70 (4016930090),10-00905570-00",,,,,,
TH0688,2,M20023/ M13049,2026.06.08.,KP,,MST ENGINEERING KFT.,VFC-1600F,Főorsó,Royal 10.000 RPM,164569,"ütköztek, szíj szakadt","szétszerelés, csapágycsere, összeszerelés, járatás",,SP;BA,12 óra,,4 db NSK 7012CTRSULP3,,Spinex SZR2026/01640 - BET2026/02433,"csere orsót kap: 
Royal 10000 RPM 
sn.: 416800",,,
TH0689,0,M23045,2026.06.12.,KT,2026.07.13.,GANZ KK KFT.,PSGS-4080AHR,Főorsó,,,"radiális ütés 0,035 mm  az orsó kúp csúcson","szétszerelés, csapágycsere, összeszerelés, járatás",,Taksony,4 óra,,"2 pár Csapágy / 7210CTRDULP3 NSK,10-10006937-00",,,06.12. kiküldve Taksonyba,,,
TH0690,0,M08020,2026.06.25.,KÁ,2026.07.16.,GRIF-TOOLS KFT.,EmL-610,Szerszámoldó munkahenger,,,szerszámoldáskor folyik az olaj és visszazár az orsó,"szétszerelés, tömítések cseréje, olajtartály fedél csere, összeszerelés",,BA,8 óra,,"Tömítés / Horonygyűrű 40x50x06/07 NBR90 MA21,10-00180392-00 
Tömítés / O-gyűrű 14x2,0 NBR 70,10-00005311-00 
2 db O 40 x 3 NBR70 (4016930090),10-00403070-00 
Tömítés / O-gyűrű 94x3,0 NBR 70 (4016930090),10-00094370-00 
Tömítés / O-gyűrű 60x3,0 NBR 70,10-00005290-00 
O 96 x 2 NBR70 (4016930090),10-00096270-00 
O 90 x 5,5 NBR70 (4016930090),10-00905570-00 
2 db Tömítés / Horonygyűrű 14x22x05/06 NBR90 MA21,10-00180384-00 
Olajtartály fedél 40 x 47 x 10",,,,,,
TH0691,0,M04205,2026.06.25.,G,2026.07.16.,GYURÓ TECHNIK KFT.,TNL-100AL2,Szegnyereg munkahenger,,,"olajszivárgás, hüvely sérült belül","szétszerelés, tömítéscsere, hüvely gyártás és csere, összeszerelés",,BA,8 óra,,"Tömítés / Horonygyűrű 22x30x06/07 NBR90 MA21,10-00180542-00 
KPUOR 63 x 47,5 x 6,3 (TTO) (4016930090),10-06347563-00 
2 db O 58 x 3 NBR70 (4016930090),10-00583070-00 
2 db Tömítés / O-gyűrű 57x3,0 NBR 70,10-00180521-00 
Tömítés / O-gyűrű 18x2,0 NBR 70,10-00180544-00 
Tömítés / Szennylehúzó tömítőgyűrű HSBE 22x30x05/07 NBR90 SUPER SEAL,10-00180545-00 
Henger, cső D = 71,5, d = 63, L = 138,6",,,cserét kapott,,,
TH0692,1,M20089,2026.07.10.,Lóri,,TÉRVÁZ KFT.,SCMC-40 / 4500 ,Szerszámoldó munkahenger,,,"szerszámoldáskor „kiprüszköl” az olaj.
Hibát nem hoz a gép, de folyamatosan szökik az olaj, és  a teljes levegő rendszerbe bekerül az olaj. ",,,,,,"2 db Tömítés / Horonygyűrű 28x35x05/06 NBR90 MA21,10-00180546-00 
Tömítés / O-gyűrű 28x3,5 NBR 70,10-00004300-00 
2 db O 45 x 3 NBR70 (4016930090),10-00045370-00 
2 db O 96 x 2 NBR70 (4016930090),10-00096270-00 
O 90 x 5,5 NBR70 (4016930090),10-00905570-00 
Tömítés / O-gyűrű 65x3,00 NBR 70,10-00180464-00",,,,,,
TH0693,0,M25055,2026.07.13.,AL,2026.07.14.,KOKILLA PREC KFT.,SV-1000,Körasztal,GSA-250,,olajfolyás,,,,,,"Tömítés / O-gyűrű 165x2,5 FKM 80,10-00180547-00 
4 db Tömítés / O-gyűrű 130x3,0 NBR 70,10-00002693-00 
2 db Tömítés / O-gyűrű 130x3,5 NBR 70,10-00180548-00 
Tömítés / O-gyűrű 116x3,0 NBR 70,10-00180380-00 
Tömítés / X-gyűrű 129,77x3,53 NBR70 (AS568),10-00180549-00 
3 m Tömítés / O-profilú gumizsinór 03,00 NBR70,10-00003553-00",,,kiküldve Taksonyba,,,
TH0694,1,M22073,2026.07.22.,KÁ,,SBS KFT.,MA-1740,fogaskerekek,,,"egy fogaskeréken 2 hiányzó fog, többin is látható sérülések vannak",,,,,,,,,,,,
TH0695,1,M12263,2026.07.23.,G,,NIVELCO ZRT.,SMART-42,szerszámforgató,,,"szorul, rág",,,,,,,,,,,,
TH0696,1,M08128,2026.07.28.,G,,APTIV DELPHI CONNECTION SYSTEMS HUNGARY KFT.  ,EML-510,Szerszámváltó hajtómű,,,szerszámváltó motor cseréje szükséges,,,,,,,,,,,,
TH0697,1,M07321,2026.07.30.,PI,,ANDRITZ KFT.,Skoda 250W-9000,Szinkron Torque motor,Baumüller 35K54W75-5,10801859,tekercszárlat,,,,,,,,Liker SZR2026/02103,,,,
TH0698,1,M16164,2026.07.30.,SZI,,METARAD CNC KFT.,CV-7A,Y slepp,,,Y hátsó slepp lehúzója hiányos,,,,,,,,,,,,
TH0699,1,,,,,,,,,,,,,,,,,,,,,,
TH0700,1,,,,,,,,,,,,,,,,,,,,,,